:01002000E9F6
:05002800220D20FCC9BF
:070030001A22130D20FAC98A
:08004000F5E521A5C0C3800015
:20008000C5D52AB6280BE53A6E67E7E12318F3E804D1C1E1F041E60220FAF1D921A3C034B5
:2000A00020022334CD80FF3E01E091C9F041E60220FA3EC0C384FFD5AF017E1921A0C0CD21
:0E00C000E10D3EC0E09267AF6F0EA0EFD1C918
:02010000185590
:20010400CEED6666CC0D000B03730083000C000D0008111F8889000EDCCC6EE6DDDDD999DF
:16012400BBBB67636E0EECCCDDDC999FBBB9333E5469746C650079
:20014400000000000000000001000000FAA1C047FAA0C0F357583100DFCDB7007AEAA0C0A4
:20016400FE112007AFCB3B17EAA1C0CD450EAFE042E043E041E04A3E07E04B11C6012180E6
:20018400FF0E0CF7CD80FF019C00CD270E3EE4E047E0483E1BE0493EC0E040AFE00F3E0172
:2001A400E0FFE090AF21A3C02277E026CD9139FBCDAC05760018FCF3F802AFE00F7EFBE09C
:0E01C400FFC9F092B7C8E0463E283D20FDC9B5
:0101E000C955
:0C399100011900217839111EDACDEA0D71
:0139B800C945
:200DE1005F78B1C8730B545D1378B1C8CB38CB1930032A1213040C18062A12132A12130D2D
:200E010020F70520F4C921A5C02A5F5623B2C87BB920F67AB820F2545D1B1B2A1247132AA1
:200E21001213B0C818F521A5C02AB628032318F9783271C9F040E680C8AFE0917600F091E9
:200E4100B728F9C9F040E680C8F044FE9230FAF044FE9138FAF040E67FE040C9C5F8042A46
:120E61004F46CD070EC1C9C5F8042A4F46CD270EC1C972
:11000800F090F57BE090EA0020E7F1E090EA0020C962
:200E7300E8F8F090F8007721D8C72A4F46CB28CB19CB28CB19CB28CB19CB28CB1979C64036
:200E9300EA11C521DAC72A4F46CB28CB19CB28CB19CB28CB19CB28CB1979C640EA12C52141
:200EB3000CC53AB6CA7C0F2A46C6224F3001040AE0900AEA0020FA0BC5F80677FA0CC5F89D
:200ED30007322A5F56212300192A4F46F8062A666F232A666FCB3CCB1DCB3CCB1DCB3CCBFC
:200EF3001DCB3CCB1D7D21D4C75E93C6086960235E83EA03C5F8062A666F2323232A666FF7
:200F1300CB3CCB1DCB3CCB1DCB3CCB1DCB3CCB1D7D21D6C75E93C6085F03030A83EA04C563
:200F33003E01E0903E01EA0020210DC57ED60F3010013A4079864F3001040A2104C54E814F
:200F5300772104C55E2103C546210EC54E211BDA3649233640211DDA367C7BF533C5CDA27F
:200F73000DE8037B210EC58677FAFFC4EA0FC5FA00C5EA10C52110C53AB6CA63127EF80165
:200F930077FA10C5F802322A4F4669607E0FE601F803322B2A5F566B6223E57DF80677E1F1
:200FB3007CF80577F8012A5F5621030019E57DF80877E17CF807322B2B2A5F3A2B571A4FAE
:200FD300131A47CB38CB19CB38CB19CB38CB19CB38CB197EB7282979C608EA03C5F8062A47
:200FF3005F561A4F131A47CB38CB19CB38CB19CB38CB19CB38CB1979C608EA04C5C30011E2
:2010130021D8C7467990C608EA03C5F8062A5F561A4F131A47CB38CB19CB38CB19CB38CBD8
:2010330019CB38CB197921DAC74E91C608EA04C5F8042A5F561A131AC643EA13C5F8062AED
:201053005F561A131AC643EA14C5FA13C52111C5963839FA13C50E00C6F05F79CEFF572132
:2010730011C54E06007993789A3821FA14C52112C5963818FA14C50E00C6F15F79CEFF5777
:201093002112C54E06007993789A3061F8012A4F4669607E07E601F80777F8012A5F5621E6
:2010B3003200194D4459501AF80522131A227EB7280F2B2B7EEA0FC5F8067EEA10C5C3888C
:2010D3000FF8052A4F46FA90CBD6013E0017EE012012C5210FC52A5F56D51E01216A40CD6B
:2010F3000800E1C1210FC5792270C3880FFA2FDAB7206DF04BD60728672103C54E0600218D
:20111300080009F04B4F06005C507995789CCB7B2807CB7A2008BF1805CB7A28013730407A
:20113300FA04C50600C6F84F78CEFF47F04A6F260058547D917C98CB7B2807CB7A2008BFFC
:201153001805CB7A2801373017210FC52A4F46213200095D541A210FC522131A77C3880F83
:20117300210FC52A4F4669607E0F0FE6012811213200095D541A210FC522131A77C3880FE7
:20119300210E00097EFEFF2840211FDAA6203A210B0009347E210FC52A5F56210B00194DBA
:2011B300440AF80677210D00197EF80777F8062A9620166B627ECB37E6012807F8067E3D0E
:2011D300021806210C00197E02210FC52A46C6224F3001040AE0900AEA0020210FC52A4F49
:2011F30046212300092A6E5F55FA04C5F80577FA03C5F80677FA0EC5F80777210A00097E9A
:20121300EA1DDA6B622323232A666F79C60B4F3001040A4F0600CB21CB10092A4F46211BAD
:20123300DA792270F8052A572A5FD57EF533CDA20DE8037B210EC58677210FC52A4F46218C
:1D1253003200095D541A210FC522131A77C3880FF8007EE0901100207E12E808C903
:20400000AF2101C52277AF21FDC42277AF21FFC422772107C536002108C53600AF2109C536
:204020002277AF210BC52277114404D5110000D511B9C0D5CDB037E806C9020100FFFEFDD3
:20404000FCFBFAFBFCFDFEFF0000000007000802078000000011B9C0D51E01210646CD0826
:2040600000E121B9C0CB96CB9EC9E8F8F80E7EF80077F80F7EF80177C1C569607EE601F8BE
:204080000777B7CAD841F8007ED6B92009237ED6C0CAD8411800F8007EF80677F8017EF84E
:2040A00007322A666FCB86D1D521300019E57DF80477E17CF803322A5F561AF80622131AC2
:2040C00077D1D5213200194D44F8073AB6284669602A666FB4283E113000195D54F8062A54
:2040E00012137E12F8022A5F561AF80622131A322A5F5621320019E57DF80677E17CF8051D
:204100002259501A22131A322B2B2A5F2A572A12137E121839F8073AB6281C2A5F56213244
:2041200000195D54AF121312F8022A5F561A21FDC422131A77181769602A666FB428091147
:20414000300019AF22771806AF21FDC42277AF020302F8022A5F562101C52A12137E123AF7
:20416000B6280F2A46C6324F300104F8002A02037E02F8007EEA01C5F8017EEA02C5D1D5CB
:20418000212B0019E57DF80877E17CF807322A5F3A571A22131A77E5CB7EE1200EF8067EA0
:2041A000F5331E02211A50CD080033D1D5212D0019E57DF80877E17CF807322A5F3A571A7C
:2041C00022131A77E5CB7EE1200EF8067EF5331E02218050CD080033E808C9E8F8F80E2A56
:2041E0004F4669607EE601C2174369607ECB3707DA17436960CBC6C5C51E01210646CD0817
:2042000000E1C12130000933335D54D51AF80622131A7721320009E57DF80477E17CF8034F
:2042200077F8073AB6284BF8022A5F561A6F131A67B5283E113000195D54F8062A12133A02
:2042400012D1D51A22131A322A5F5621320019E57DF80677E17CF805322B2B2A5F561AF816
:204260000622131A322B2B2A5F2A572A12137E12183BF8073AB628192A5F56213200195D4D
:2042800054AF121312D1D51A2101C522131A77181CF8022A5F561A6F131A67B52809113026
:2042A0000019AF22771806AF2101C52277F8022A666FAF2277D1D521FDC42A12137E123A6E
:2042C000B6280A2A5F562132001979227021FDC4792270212B00095D54AF223680212800DD
:2042E000097EF80577B72827237B2272212900092A6E5F55C5AFF533F8092A666FE5D5F89E
:204300000C7EF5331E0221D54ECD0800E806C1212D0009AF223680E808C9E8FAFA01C5EAE0
:2043200015C5FA02C5EA16C52116C53AB6CA0E442A4F4669602323232A665F54CB3ACB1BF6
:20434000CB3ACB1BCB3ACB1BCB3ACB1BCB3ACB1BCB3ACB1BCB3ACB1BF80573213000095DB4
:20436000541AF80022131A77F80D7EF80596C2FF436960232A4F46CB38CB19CB38CB19CBB3
:2043800038CB19CB38CB19CB38CB19CB38CB19CB38CB19F8027922AF322A4F4603F80C7EAB
:2043A000F80422AF322A917E985678CB7F2807CB7A2008BF1805CB7A2801373042F8042A60
:2043C0005F56211700194D44F8022A917E985678CB7F2807CB7A2008BF1805CB7A28013746
:2043E000301DC1C5C52115C52A5F56D51E0121DB41CD0800E1C12115C5792270C32843F877
:20440000007EEA15C5F8017EEA16C5C32843E806C9E8F9FA01C5EA17C5FA02C5EA18C52129
:2044200018C53AB6CA5F452A4F466960235D541AF80522131A77F8052A5F3A2B57CB3ACBF6
:204440001BCB3ACB1BCB3ACB1BCB3ACB1BCB3ACB1BCB3ACB1BCB3ACB1B7369602323235DBD
:20446000541AF80022131A77D1D5CB3ACB1BCB3ACB1BCB3ACB1BCB3ACB1BCB3ACB1BCB3ACE
:20448000CB1BCB3ACB1BF80273F8052A5F56CB3ACB1BCB3ACB1BCB3ACB1BCB3ACB1B21072E
:2044A00000097E6F079F67195D54CB3ACB1BCB3ACB1BCB3ACB1BF80573D1D5CB3ACB1BCBA2
:2044C0003ACB1BCB3ACB1BCB3ACB1B210800097E6F079F67195D54CB3ACB1BCB3ACB1BCB4F
:2044E0003ACB1BF80673213000092A4F46F80D7EF804963861237EF80D96385A235E1600FF
:2045000021150019E57DF80577E17CF80422233A223600F8035D54F8051A1396231A9E1AE5
:2045200057CB7E2807CB7A2008BF1805CB7A2801373823F8027EF80E96381BC52117C52A10
:204540005F56D51E0121DB41CD0800E1C12117C5792270C31F442117C5792270C31F44E8BA
:2045600007C9E8FBF80B2A4F46210C000933335D54D51AF80477210D0009E57DF80477E12A
:204580007CF80377F80D7EF804962010F8022A5F2A571A77F80E7EF804962817210B0009C9
:2045A0004D44F80D7E02D1D57E12F8022A5F56F80E7E12E805C93B3BF8082A5F56D5210B34
:2045C0000019D13333E5210C00194E210D00195E16006926007B95477A9CF80A5E1600C520
:2045E0006867E5D5CD9D38E804C17B814FE1E5713333C9F8062A4F46210B00095E210C00B5
:20460000094E7B915FC9F8062A4F46210500095E211000097321120009CB231600195D540E
:20462000131A3C56F533D533C51E01216245CD0800E804C9F8062A4F46210500097EC60421
:204640005F211000097321120009CB231600195D54131A3C56F533D533C51E01216245CDDC
:204660000800E804C9F8062A4F46210500095D54F8082A127EB728292B7EC6045F2110001B
:20468000097321120009CB231600195D54131A3C56F533D533C51E01216245CD0800E80438
:2046A000C9F8085E21100009732112000955CB236A1600195D54131A3C56F533D533C51E8B
:2046C00001216245CD0800E804C9E8FCFAFDC4F80077FAFEC4F80177F8013AB6CA9A47F8C1
:2046E0000C7EB7200FF8002A4E6F617ECB370FE601CA8647C1C50369602A665F54CB3ACB98
:204700001BCB3ACB1BCB3ACB1BCB3ACB1BCB3ACB1BCB3ACB1BCB3ACB1BF80373696023237F
:204720002A4F46CB38CB19CB38CB19CB38CB19CB38CB19CB38CB19CB38CB19CB38CB19F871
:204740000B7E912810060003F80B5E16007B9120357A902031F80A7EF803962825F8034E24
:204760000600595013F80A7EF80222AF327E932005237E92280C0BF8027E912009237E90EF
:204780002004D1D51817D1D5213000194D4459501AF80022131A77C3D846110000E804C957
:2047A000E8F4F8007D54F80A227221BAC02A4F46F80A2A666F792270F8007D54F804227AF7
:2047C000322A4F46030311BCC01AF80A22131A322A02037E02F8124E06007987CB1087CB7E
:2047E0001087CB1087CB10F8062270FABEC0F80977F8042A4F4659501AF80A22131A322B39
:204800005E1600CB23CB1221C41919E57DF80A77E17CF809322A5F561A5F079F57C5F808BD
:204820002A666FE5D5CD6935E804C1F80A2A666F195D5469607B2272030359501AF80A2217
:20484000131A77F8082A5F56131A5F079F57C5F8082A666FE5D5CD6935E804C1F80A2A6624
:204860006F195D547B02037A0211B9C0F8042A4F46F8137EF533D5C511BFC0D51E012120AE
:204880004BCD0800E813C9E8F011EBC01AF80022131A77F8013AB6CA1A4BD1D5213200199E
:2048A000E57DF80477E17CF80377F8167EB72025F8007EF80E77F8017EF80F322A5F561A30
:2048C000CB370FE601200EF8022A5F561AF80022131A7718BED1D56B6223E57DF80877E1DB
:2048E0007CF80777D1D521060019E57DF80677E17CF805222A5F3A2B2B571A4F131A47CB75
:2049000038CB19CB38CB19CB38CB19CB38CB192A5F561A5F079FF80E712370573A6E67193F
:20492000E57DF80E77E17CF80D7721BAC02A4F46CB38CB19CB38CB19CB38CB19CB38CB19C9
:20494000FAC0C05F079F57F808792278322A666F194D44F80C799623789E384DF8042A4F4D
:2049600046030A4F079F47F80E2A666F09E57DF80C77E17CF80B77FABFC0F80E22079F326D
:204980003A2B77F80F3A2B322A5F56F8082A666F19E57DF81077E17CF80F77F80A5D54F83F
:2049A0000E1A1396231A9E3007F80F3600C3014BF8062A5F5621020019E57DF81077E17C71
:2049C000F80F322A5F3A571A22131A323A2B77F80F3A2B77CB3E2BCB1E23CB3E2BCB1E23AA
:2049E000CB3E2BCB1E23CB3E2BCB1EF8042A5F5621020019E57DF81077E17CF80F322A5F43
:204A0000561A773A22079F77F80C7EF80677F80D7EF80777F80E2A5F56F8062A666F19E566
:204A20007DF80A77E17CF8097711BCC01AF80E22131A323A2B77F80F3A2B77CB3E2BCB1EA1
:204A400023CB3E2BCB1E23CB3E2BCB1E23CB3E2BCB1EFAC2C0F80F773A22079F77F80C3AE5
:204A60002B77F80D3A2B77F80E3A2B77F80F3A2B322A5F56F80A2A666F19E57DF81077E178
:204A80007CF80F77F80E5D54F8081A1396231A9E3865F8042A5F5621030019E57DF8107731
:204AA000E17CF80F322A5F561A773A22079F322A5F56F8062A666F19E57DF80E77E17CF893
:204AC0000D77FAC1C0F80F773A22079F327EF80877F80F7EF809322A5F2A572A666F19E571
:204AE0007DF81077E17CF80F77F80C5D54F80E1A1396231A9E3006F80F36001804F80F36BA
:204B000001F80F7EB72804D1D51812F8022A5F561AF80022131A77C39348110000E810C93B
:204B2000E8E9F80036B92336C0F81F7EF80277F8207EF80377F81D7EF80477F81E7EF805FF
:204B4000322A5F566B6223E57DF80877E17CF80777F8022A5F5621020019E57DF80A77E1D7
:204B60007CF80977F8042A5F5621030019E57DF80C77E17CF80B77F8042A4F4603030AF8B2
:204B80000C77F8013AB6CA394DD1D521320019E57DF80F77E17CF80E77F8217EF800962048
:204BA00008F8227EF801962814F8237EB7201CF8002A4E6F617ECB370FE601200EF80D2AEB
:204BC0005F561AF80022131A7718B7D1D56B6223E57DF81377E17CF81277D1D5210600193B
:204BE000E57DF81177E17CF810222A5F3A2B2B571A4F131A47CB38CB19CB38CB19CB38CB63
:204C000019CB38CB192A5F561A5F079FF813712370573A6E6719E57DF81777E17CF816773E
:204C2000F8022A5F561A4F131A47CB38CB19CB38CB19CB38CB19CB38CB19F8062A5F561A2B
:204C40006F079F67095D54F8157B96237A9E3830F80F2A5F56131A5F079F57F8132A666FE4
:204C600019E57DF81777E17CF81677F8042A5F561A6F079F67094D44F8152A917E98300434
:204C8000AFC3234DF8112A666F23232A4F46CB38CB19CB38CB19CB38CB19CB38CB19F80F82
:204CA0002A5F2A5713131A5F079F57792278322A666F19E57DF81577E17CF81477F8082A01
:204CC0005F2A571A4F131A47CB38CB19CB38CB19CB38CB19CB38CB192A5F561A5F079F5726
:204CE000F815792278322A666F194D44F813799623789E3829F80F2A4F2A470303030A4FB2
:204D0000079F472A666F094D44F80C7E5F079F57F8152A666F195D547993789A3003AF1841
:204D2000023E01B72804D1D51812F80D2A5F561AF80022131A77C3824B110000E817C93B1F
:204D4000FA08C5B72074210AC53AB6286D2A4F46212F00094E79B72869FADEC0F80077B7E7
:204D60002822060021DFC02A665F54C53E01F533010000C5D5F8077EF5331E0221D54ECD43
:204D80000800E8082109C52A5F56212500194678B72820212600192A666F110000D53E01AD
:204DA000F533110000D5E5C5331E0221D54ECD0800E8082108C5361418082108C57EB7283C
:204DC0000135AF2109C5227733C9E8F0F8167EF80C77F8177EF80D77CB3E2BCB1E23CB3E39
:204DE0002BCB1E23CB3E2BCB1E23CB3E2BCB1EF81A7EF80A77F81B7EF80B77F81C7EF80879
:204E000077F81D7EF80977CB3E2BCB1E23CB3E2BCB1E23CB3E2BCB1E23CB3E2BCB1EF81823
:204E20007EF80677F8197EF80777CB3E2BCB1E23CB3E2BCB1E23CB3E2BCB1E23CB3E2BCBBB
:204E40001EF80A2A5F5621020019E57DF80477E17CF80377F80A2A5F5621030019E57DF8FB
:204E60000677E17CF80577F81E7E3D282DF80A2A5F566B6223E57DF81077E17CF80F77F839
:204E80001E7ED602CAA750F81E7ED603CAB952F81E7ED604CA2854C3B255F80A7EF80E7720
:204EA000F80B7EF80F77F80A2A5F561A773A22079F222A5F56F80A2A666F193333E5F80021
:204EC0007EF80C77F8017EF80D77CB2E2BCB1E23CB2E2BCB1E23CB2E2BCB1E2B2B2A5F5644
:204EE000F8082A666F193333E5F8007EF80877F8017EF80977CB3E2BCB1E23CB3E2BCB1E16
:204F000023CB3E2BCB1E2A5F562101007B955F7A9CF80B3273F8022A5F561AF809773A225C
:204F2000079F327EF80277F8097EF803322A5F56F8062A666F19E57DF80A77E17CF8097759
:204F4000CB2E2BCB1E23CB2E2BCB1E23CB2E2BCB1EF8042A5F561A773A22079F322A5F2A91
:204F6000572A666F19E57DF80477E17CF803327EF80677F8037EF80777CB3E2BCB1E23CB76
:204F80003E2BCB1E23CB3E2BCB1E2A5F566B62233333E5F80C7EF80477F80D7EF80577F881
:204FA0000A7EF804962009F80B7EF80596CA9F50F8083A2B77F8093A2B77F8007EF806961E
:204FC0002009F8017EF80796CA8750F8067EF80222233A772132C5963042F8027E2133C5DE
:204FE000963039212FC5462132C55E1600F8027E0E00C5D55F51D5CD6935E804C17B213042
:20500000C586235F7A8E57F8036E2600195D54C533D5CD0713E803F803731804F803360FA2
:20502000E5F805CB5EE12854F80C2A5F566B6223E57DF80C77E17CF80B322A23322A237783
:205040003E07F80CCB2623CB163D20F6232A5F561A773A22079F773E04F80ECB2623CB1676
:205060003D20F62B2B2B2A5F2A572A666F7B955F7A9CF80B32732A5F56C3B755F80634C284
:20508000BA4F2334C3BA4FF8042A5F3A571B7B227A327EF80C77F8057EF80D77C39F4FF8D1
:2050A0001C2A5F56C3B755F80E7EF80A77F80F7EF80B77F80E2A5F561A773A22079F327E02
:2050C000F80077F80F7EF80177F80C2A5F56E1E519E57DF81077E17CF80F77CB2E2BCB1EE1
:2050E00023CB2E2BCB1E23CB2E2BCB1ED1D5F8082A666F19E57DF80E77E17CF80D327EF8A9
:205100000877F80D7EF80977CB3E2BCB1E23CB3E2BCB1E23CB3E2BCB1E2A5F566B6223E5C4
:205120007DF80E77E17CF80D77F8022A5F561AF809773A22079F327EF80277F8097EF80394
:20514000322A5F56F8062A666F19E57DF80A77E17CF80977CB2E2BCB1E23CB2E2BCB1E2318
:20516000CB2E2BCB1EF8042A5F561A773A22079F322A5F2A572A666F19E57DF80477E17C2E
:20518000F803327EF80677F8037EF80777CB3E2BCB1E23CB3E2BCB1E23CB3E2BCB1E2A5FDA
:2051A000566B62233333E5F80E7EF80477F80F7EF80577F80C7EF804962009F80D7EF805B1
:2051C00096CAB152F8083A2B77F8093A2B77F8007EF806962009F8017EF80796CA9B52F8C5
:2051E000067EF80222233A772132C5963042F8027E2133C5963039212FC5462132C55E16A4
:2052000000F8027E0E00C5D55F51D5CD6935E804C17B2130C586235F7A8E57F8036E26004A
:20522000195D54C533D5CD0713E803F803731804F803360FE5F805CB56E128543E07F80E90
:20524000CB2623CB163D20F6F80A2A5F2A23571A773A22079F322A5F566B6223E57DF80CDD
:2052600077E17CF80B322A23322A23773E04F80CCB2623CB163D20F6232A5F56F80C2A66BE
:205280006F7B955F7A9CF80B32732A5F56C3B755F80634C2CE512334C3CE51F80434200226
:2052A0002334F8047EF80E77F8057EF80F77C3B351F81C2A5F56C3B755F8023A2B77F8034D
:2052C0003A2B222A5F561A4F079F47F8062A666F095D54F8027B2272CB2E2BCB1E23CB2E29
:2052E0002BCB1E23CB2E2BCB1EF8082A666F094D44CB38CB19CB38CB19CB38CB191101000A
:2053000079935F789AF8053273F80A2A5F2A571A4F079F472A666F094D44F806792270CB9F
:205320002E2BCB1E23CB2E2BCB1E23CB2E2BCB1EF80E2A5F561A4F079F47F80C2A666F0984
:205340004D44CB38CB19CB38CB19CB38CB1903F808792270F8022A5F56F8047E93200623CA
:205360007E92CA2054F8067EF80E77F8077EF80F77F8087EF80E962009F8097EF80F96CAC2
:205380001754F80D7B227EF80A772132C596304EF80D7E2133C5963045FA2FC5F80B7721AD
:2053A00032C54E0600F80D3A22AF32D5C52A4F46C5CD6935E8044B42D1792130C586234F06
:2053C000788E47F80A6E2600094D44D5F80D7EF533C5CD0713E8034BD1F80D711804F80D86
:2053E000360FE5F80FCB4EE12822F8022A4F4603AFCB1841CB181F4FD1D51A6F079F6729F3
:2054000029292979955F789C57C3B755F80E34C271532334C371531BF8027B2272C3595339
:20542000F81C2A5F56C3B755F8047EF80077F8057EF80177F8042A5F2A571A4F079F472A50
:20544000666F095D54F8027B2272CB2E2BCB1E23CB2E2BCB1E23CB2E2BCB1EF8082A666F48
:20546000094D44CB38CB19CB38CB19CB38CB1903F804792270F80A2A5F2A571A4F079F4771
:205480002A666F094D44CB28CB19CB28CB19CB28CB19F80E2A5F561A5F079F57F80C2A66FF
:2054A0006F195D54CB3ACB1BCB3ACB1BCB3ACB1B13F8067B2272F8022A5F56F8047E9320CC
:2054C00006237E92CAAB55F80E792270F8067EF80E962009F8077EF80F96CAA255F80D7B1C
:2054E000227EF808772132C5963079F80D7E2133C5963070FA2FC5F80977FA32C5F80A22F1
:20550000AF22233A223600C5D5F80E2A666FE5F8122A666FE5CD6935E804F8107B2272D154
:20552000C1D5F80E2A5F562130C52A666F19D1E57DF80C77E17CF80B32D52A5F56F80A6E5E
:20554000260019D1E57DF80E77E17CF80D77D5F80B7EF533F80F2A666FE5CD0713E8036BDD
:20556000D17D18023E0F0F302EF8022A4E87CB1187CB1187CB1187CB1187CB1187CB1187BE
:20558000CB11D1D5F51A6F079F6723F129292929955F799C571820F80E34C2CC542334C378
:1A55A000CC5413F8027B2272C3BB54F81C2A5F561805F81C2A5F56E810C91F
:20127000F090EA19C5F8067EE090EA0020C1CDB735FA19C5E090EA00206069E9F090EA191F
:20129000C5F8067EE090EA0020C1CDBF35FA19C5E090EA00206069E9F090EA19C5F8087E37
:2012B000E090EA0020C1CD6439FA19C5E090EA00206069E9F090EA19C5F8087EE090EA0055
:2012D00020C1CD9E35FA19C5E090EA00206069E9F090EA19C5F8067EE090EA0020F8022A17
:2012F0005F2A572A666F2A12132A12137E12FA19C5E090EA0020C9F090EA19C5F8043AE058
:2013100090EA00203A6E672A5F56FA19C5E090EA0020C9F090EA19C5F8087EE090EA0020DA
:20133000C1CD6D37FA19C5E090EA00206069E9F090EA19C5F8087EE090EA0020C1CD05375D
:20135000FA19C5E090EA00206069E9E8F5F8033600F8007D54F8042272F8117EF80677F81E
:20137000127EF807223600F80D7EF80977F80E7EF80A77F8107EF808962860F8092A4F461A
:20139000F8042A5F56F80F7EF533C5D5CDE012E805F8042A5F2A571A5E2356F51A4FF19198
:2013B000201DF8042A666F232A4F46F8062A666F232A669120097C902005F8035E181FF8E0
:2013D00008347EF80377F8092A5F5621030019E57DF80B77E17CF80A771898F8105EE80BF9
:0113F000C933
:020000040002F8
:0B400000250A47F10961570127000164
:020000040000FA
:2013F100E8F9FA22C5F80077E5CB46E1CA8C1421BAC02A4F46CB38CB19CB38CB19CB38CB74
:2014110019CB38CB1921080009E57DF80377E17CF80277FA20C54F079F47F803792278328C
:201431002B2B2A5F2A572A666F7B955F7A9C474BFA1EC55F079F5779934F789A47FA1AC55F
:20145100F80577FA1BC5F806322A917E983008211AC57922701824D5F8052A5F56F8032AD7
:20147100666F19D14D4479934F789A47F805799623789E3006211AC5792270E5F802CB4ED9
:20149100E1CA211521BCC02A4F46CB38CB19CB38CB19CB38CB19CB38CB1921080009E57DCE
:2014B100F80377E17CF80277FA21C54F079F47F803792278322B2B2A5F2A572A666F7B9510
:2014D1005F7A9C474BFA1FC55F079F5779934F789A47FA1CC5F80577FA1DC5F806322A91F0
:2014F1007E983008211CC57922701824D5F8052A5F56F8032A666F19D14D4479934F789AB1
:1315110047F805799623789E3006211CC5792270E807C940
:020000040002F8
:20400B00AF211CC52277AF211AC52277211FC53600211EC536001E09212940C308002121D0
:0E402B00C536002120C536002122C53603C946
:020000040001F9
:200000001E0921B440CD08001E09213940CD08001E0421F543CD08001E08210041CD08008C
:200020001E09219040CD08001E05210040CD08001E0721C640CD08001E09210B40CD0800F1
:200040001E01210040CD08001E01216D58CD0800AFF5331E08210040CD080033AFF5331E16
:2000600008214040CD080033AFF5331E08215741CD080033C9E8FBCD07337BB7280FFE01F6
:20008000280BFE0228F1D603CA364118EACDDD16FA1BC6D6F020293E01F5331E0221194E3F
:2000A000CD0800330100403E092600E533110000D5C5F5331E0221D54ECD0800E80618B7A9
:2000C0002190CB7ED6013E0017EE012019FA1BC6B72803CD8315CD8002FA1FDAE60F200356
:2000E000CD5516CDFC190EC0F0929120072135DA36DF18052135DA36C0210EC53600CDF16E
:20010000131E05214A40CD0800CD730ECD611BCDE0241E01213F4DCD0800211FDA343E286C
:20012000F533FA0EC5F533CDE40CE1FA35DAE092CD350EC37740FA92CB3D281AFA92CBD6FC
:20014000022858FA92CBD603CA1642FA92CBD604CA3642C377401E09215F40CD0800CDA4B1
:2001600005AFF5331E0221194ECD080033219C0546219D052A4F7E260168E547C51E04216E
:20018000A146CD0800E8047BD6013E0017F804771E04217B4FCD0800C388421E09215F4047
:2001A000CD0800AFF5331E0221194ECD080033AFF5331E08214040CD080033AFF5331E0840
:2001C000210040CD080033AFF5331E08215741CD0800332195CB2A5F56F8004D44F803799B
:2001E0002270FA94CBF533D5F8062A5F56D5CDE012E8050A6960234E23462601E533F533A5
:20020000C51E0421A146CD0800E8047BD6013E0017F804771872FA94CB2195CB4E2346F504
:2002200033C5CD0713E8037BF5331E06211C48CD080033C377401E0721A241CD08001E0901
:20024000215F40CD0800FA94CB2195CB4E2346F533C5CD0713E8037BF5331E06210249CDB9
:200260000800332191CB732126C54E2127C52A666FAF47C5E51E0421A146CD0800E8047BE7
:20028000D6013E0017F80477F3FA3DC53D2809FA3DC5D602280C181411241BD5CD7936E1AC
:2002A000181211F817D5CD7936E11808117C17D5CD7936E1AFE045FBFA2EDAB72006F040EE
:2002C000F602E0401E01215540CD0800CD7B020EC0F0929120072135DA36DF18052135DA78
:2002E00036C0210EC53600CDF1131E05210F46CD0800CD730E3E28F533FA0EC5F533CDE41D
:200300000CE1FA35DAE092F8047EB7CA77401E07218841CD0800C37740E805C9211FC83671
:2003200000FAA0C0D6112006FA4301073803AF18023E01EA1EC8FAA1C0B72806FA1EC8B727
:200340002003AF18023E01EAA1C0AFA7F5110000D51100DFD5CDB037E8061E06211547CD21
:200360000800CD450E1E09218040CD08003E67E0403E07E04B3E90E04AF00406004FC5CD70
:20038000AF34E1CDA4053E01F5331E0221194ECD080033F3219DC6368B2336C6AFE04511D0
:2003A0002418D5CD680EE1F041F640E04121A0C07ED611200C2143017E07300501800018B6
:2003C0000301C00079E0063E07E007F0FFF60EE0FFFBF040F680E0403E092600E5331100A5
:1503E00000D5110040D5F5331E0221D54ECD0800E806C3754046
:020000040000FA
:050000000000C3380000
:04003800F3C300020C
:0A020000E52100203606E1C30040AE
:020000040001F9
:20800000EA23C5F0FFEA24C5F040EA25C53E80E0403E01EAFF003E00EA0F0076003E00E0F7
:2080200040089E9D319E9DE5D5C5FA23C5F5F04F5FCB47281121969D0E0A46AFE04F702CE6
:208040003CE04F0D20F4AFE026E04F7BEABB9D3E01E04F21CB9D0612AF0E15EF7DC60B6F66
:208060000520F5AFE04F3E03E0473E80E068AF0E69E2E23DE2E2E2E2E2E23E70E0423E5CBD
:20808000E043CD894121B79D119C9D0E04F721CB9D11EA4206033E20220E13F73E20227DFA
:2080A000C60B6F0520F03E200E15EF2E6B0E04F7C1CD3A410E08F7FAA0C0CD3E413E20221D
:2080C00022222E8B0E04F7C1CD3A410E06F7C1CD3A413E202222227DC60B6F0E04F7C1C56D
:2080E000CD3A41113D430E07F7D1CD5A41114443CB7D28E31148432EAB0E06F7FA25C5CD46
:208100003E410E04F7F04DCD3E410E04F7FA24C5CD3E4136202ECB0E07F73E20221A1322EC
:20812000FE20280C1A134F1A13470ACD3E4118EA3E89E040AFE00F7618FACD3F4179477813
:20814000E6F0CB37C630FE3A3802C6072278E60FC630FE3A3802C60722C9424BCD3A413E50
:208160002022227BD6085F7ADE00577DC60B6F3E20221A13CD3E411A13CD3E413E2022CBBA
:208180006520EF7DE67F20E3C921B0412A5F2A57B3C84E23CB79280A2A121312130C20F9A6
:2081A00018F00C0D28E62A121312130D20F818E20090F8FF000092F8FF00D09208FFFFFF86
:2081C000FFC3FFFFFF00009350FFCFA733333397CFFFCF8F0FCFCFCF03FF8733E7CF9F3F60
:2081E00003FF8773F3C7F37387FFC7A76703E7E7E7FF033F3F87F33387FF87333F07333337
:2082000087FF03F3F3E7E7CFCFFF87333387333387FF87333383F3338700A09308FFFF9F2F
:208220009FFF9F9FFF00109442FFCFB77B7B037B7BFF077B7B077B7B07FFC3BF7F7F7FBF4C
:20824000C3FF0F777B7B7B770FFF037F7F037F7F03FF037F7F037F7F7FFF837F7F437B7BA2
:2082600087FF7B7B7B037B7B7BFF83FBEF0283FFFAFB0A07FF7B776F5F1F6F73FFFA7F1352
:2082800003FF7B334B7B7B7B7BFF7B3B5B6B737B7BFF87FB7B2387FF077B7B077F7F7FFFEE
:2082A000877B7B7B5B6793FF077B7B076F777BFF837F7F87FB7B87FF01FAEF01FFFA7B02A9
:2082C00087FFFB7B22B7CFFF7B7B7B7B4B337BFF7B7BB7CFB77B7BFFBBBBBBD7EFEFEFFF1B
:2082E00003FBF7EFDFBF030000004B45524E454C2050414E494320504C4541534553454EED
:2083000044204120434C45415220504943204F46544849532053435245454E20544F204441
:208320004556532041463A20204D4F44454C3A2042433A20202044453A20484C3A202056FD
:208340004945573A2053503A204C4344433A204B313A2049453A202042414E4B3A5290FF5C
:0783600056BB9D5770FF2082
:020000040000FA
:20152400E8FDF090F80077F8077EE0901100203A2B122A4F46210500095D541AF801221357
:201544001A77210700092A4F46F8082A5E87CB136F63092A4F46CB21CB10F8012A666F09B7
:1F1564005D54F80A2A4F46211000E5D5C5CD6D37E806F8007EE0901100207E12E803C98C
:020000040001F9
:2003F5002139C53600213BC53600217EC5363E2336C5C909EB493BF8097EB7CAE2442B3A7A
:20041500B6CAE244F8072A4F2A4759507EF533D5CD0713E80303037BD6807ADE0030177B51
:20043500B7CAE244F80966E533C5672E00E5CD7012E805C3E244C5D5F80D7EF533C52100F2
:2004550080E5CD7012E805D1C17BC6805F7ACEFF57210008094D447BD6807ADE003040F842
:20047500007B77D6417ADE00301C7EB7285F5E3EC093F80966E533C5F80366E533F533CD5D
:200495007012E8051847F8007EB72841F8097EF533C5F803662E80E5CD7012E805182EC53C
:2004B500D5F80D7EF533C5218080E5CD7012E805D1C17BC6805F78C608477BB7280FF809F7
:2004D50066E533C5672E00E5CD8C12E80533C9E8EFF8172A5F56F8024D443333C5C5F81BA3
:2004F5007EF533210E00E5D5F8072A5F56D5CD2313E807C1210800097EEA29C52109000937
:200515002A6E5F55212AC57B2272210B00097EEA2CC5210C00092A6E5F55212DC57B227229
:200535000AEA32C55950131AEA33C52132C56E26002929295D542134C57B2272FA34C5C649
:2005550060EADCC7FA35C5CEFFEADDC72133C56E26002929295D542136C57B2272FA36C551
:20057500C670EADEC7FA37C5CEFFEADFC7595013131AF8107769602323232A4F46F8107E6F
:20059500F533C51E04210B44CD0800E814C9E8FBF80C2A56C60D5F300114F8004D44F803CB
:2005B500792270F80E7EF533D5F8062A5F56D5CDE012E8050AF803776960232A4F46F80B12
:2005D5007EF8043259507EF533D5CD0713E8037BB728160303D5F80566E533C5F533F80AAF
:2005F5007EF533CD8C12E805D1E805C9F8062A56C6095F30011423232A4F3A2B477EF5335F
:20061500210400E5D5C5CD2313E807C9E8F9F8113A2B472A5F566B62D5C533E5CD0713E8A3
:20063500034BD1F80071131313F80D7EF80577F80E7EF8067779B7284DCB412830F8017B77
:200655002272F8053A2B77F8063A2B77C5D5C533210800E5F8082A666FE5F80C2A666FE5D2
:20067500CD2313E807D1C1210800195D54CB39D5F8072A5F5621080019D1E57DF80777E16B
:200695007CF8067718AFF8005EE807C9E8ABF85B2A4F46F8027D54F840227A322A5F56C565
:2006B500F85F7EF533213B00E5C5D5CD2313E807C11126C5F85D7E122127C5792270F84069
:2006D5002A4F4603030AEA3CC5F8402A4F460303030AF850772A22AF322A5F566B6223E5A1
:2006F5007DF85577E17CF854322AD6157EDE00563E00CB7F2807CB7A2008BF1805CB7A2895
:2007150001373008F8507E3C4F0718020E152139C571F8402A5F56210400194D440AFE1F22
:2007350038023E1FEA31DAF8402A5F56210500194D440AFE0538023E05EA3AC5F8402A5FFD
:2007550056210600194D440AFE4038023E40EA38C5F8402A5F56210E00194D440AEA2FC59E
:20077500F8402A5F56210F00192A4F7E2130C57123771E01213659CD0800F8402A5F562110
:200795000B00194D440A47F8402A5F56210C00192A4F7EC53347C51E0421E444CD0800E8BE
:2007B50003F8402A5F56211100194D440AF85277F8402A5F56211200194D4459501AF85361
:2007D50022131A322B2AF5332A5F56D511A0DFD51E04212146CD0800E805F8532A4F3A2B58
:2007F50047037EF533C5CD0713E8037BEA48C6F8402A5F56211400194D440AF85277F840F1
:200815002A5F56211500194D4459501AF85322131A322B2AF5332A5F56D5114BC6D51E042B
:20083500212146CD0800E805F8532A4F3A2B47037EF533C5CD0713E803F8537B2272F85304
:200855007EEA49C6014AC6F8547E02F8402A5F5621290019E57DF85577E17CF85432111291
:2008750000D52A5F56D5118BC6D5CD6D37E806F8402A5F56212A00194D440AB7200FFA3C12
:20089500C5D6053E022801AFEA3DC51805213DC536011E0621F04ACD0800FA3CC5D605CA34
:2008B5006F49F8402A5F5621080019E57DF85177E17CF850322A4F46110300D5C511DBC000
:2008D500D5CD6D37E806F84F2A5F561A4FF8402A5F5621090019E57DF85577E17CF85432E5
:2008F5002A5F561A6F131A675D5421C3C0360079F533D5AFF5331E0421A345CD0800E80423
:200915004BF8402A5F56210700195D541A5791300151F8517A322B2A5F561A47F8532A5FB6
:20093500561A4F131A11CBC0D5110000D5C53347C5CD2415E807F84F2A5F561A47F8532A6A
:200955005F561A4F131A11BFC0D5C53347C51E04210146CD0800E805182BF851366821C374
:20097500C03668110300D5110844D511DBC0D5CD6D37E806111000D5110000D511CBC0D5BC
:20099500CDB037E806F8402A5F56211D0019E57DF84477E17CF843322B2B2A5F56211E00DF
:2009B50019E57DF84677E17CF84577FA38C5B7CA6E4AF8427EF84B77F8437EF84C77F8448F
:2009D5002A5F561A4F131A47F83D7D54F84D227A322A5F566B6223E57DF85177E17CF85097
:2009F50077F8543600FA38C5F85496286CF8547ED6402865F84B2A5F561AF852712370F88D
:200A15004D5E2356F533F8532A666FE5D5CDE012E8051180C5F8546E2600195D54F8517EFE
:200A350012F84D2A5F561AF85377F84F2A5F561A6F131A5DC5F85566E53357D5F8567EF5D9
:200A5500331E0421A345CD0800E8047BC1F8518677030303F85434188CF85E7EB7CA664EAA
:200A75001E09212940CD0800F8402A5F56211A0019E57DF85577E17CF85432110300D52A5C
:200A95005F56D511DEC0D5CD6D37E8062107C53600AF21FDC42277AF2101C5227721B9C0BE
:200AB500CB8621FFC43EB9223EC0322A4F4621320009AF227721FFC42A46C6304F30010472
:200AD5002101C52A02037E023AB628267EF84F77FA02C5F850322A5F5621320019E57DF811
:200AF5005577E17CF854322A5F5621FFC42A12137E12FAFFC4EA01C5FA00C5EA02C511B9F1
:200B1500C0D51E0121DB41CD0800E1FA39C5B7CA374DF8402A5F56212000194D440A4721A8
:200B350039C56E26002B5D5429192929192929E57DF85577E17CF85477F8402A5F56212194
:200B550000192A4F7EC533F8545E2356D547C511EDC0D5CD2313E807FA39C53DF85277F801
:200B7500427EF84677F8437EF84777F8447EF84877F8457EF84977F85336ED2336C0F852C7
:200B95007EB7CA374D232A5F5621110019E57DF85177E17CF850322A5F3A2B571A77F85356
:200BB5002A5F56210A00193333E5F8532A5F5621220019E57DF84C77E17CF84B322A5F565E
:200BD5006B6223E57DF84E77E17CF84D227EB72845D1D5F8517E12F84A2A5F561AF84E3259
:200BF5002B2A5F2A571A4F131A66E53347C5F8547EF5331E0421A345CD0800E804F84E7BEC
:200C1500222A5F561A773A2B9630032A2377F8513A8623771837F8462A5F2A571A472A5F17
:200C35002A571A4F131A5E2356D52138C56668E547C5CD5B13E8067B2138C59630092180CD
:200C5500C51600194E1803010000E1E571F8532A5F56211200194D44F84A2A5F561AF85060
:200C750077F84C2A5F561A6F131A5D57C5010000C5F8547EF533D5CD2415E807F8532A4758
:200C95004E6861CB86F8532A5F56213200194D44AF020302F8532A5F56213000194D4421B4
:200CB50001C52A02037E023AB628257EF84D77FA02C5F84E322A5F5621320019E57DF85104
:200CD50077E17CF850322A5F56F8532A12137E12F8537EEA01C5F8547EEA02C5F8532A4EF1
:200CF5006F617E0FE6012013F8537EF84F77F8547EF850322A5F561A07300FF8532A5F5634
:200D1500D51E0121DB41CD0800E1F85235232A5F5621340019E57DF85577E17CF85477C3DF
:200D3500934BFA3AC5B7CAA44EF8402A5F56212600194D440AF85077213AC54E0600696046
:200D550029290929092909E57DF85377E17CF85277F8402A5F5621270019E57DF85577E1FE
:200D75007CF854322A5F3A571A22131A77F8502AF5332A5F2A57D52A5F56D51158C7D5CD6B
:200D95002313E807FA3AC5F85477F8427EF85277F8437EF85377F8447EF84E77F8457EF83F
:200DB5004F223E582236C7F8547EB7CAA44EF8502A5F5621040019E57DF84B77E17CF84A9B
:200DD50077F8522A5F561AF84B77F84E2A5F561AF84C22131A77F8492A5F56D5FA38C5F560
:200DF50033F84E2AF5332A5F56D5CD5B13E806F84D73F8502A5F5621080019E57DF84C77F8
:200E1500E17CF84B22237E2138C596301EF84D5E16002180C519E57DF84E77E17CF84D322D
:200E35002A5F561A773A2236001805AFF84C2277F84C3A4F3A6E6771F85435F8502A5F56FD
:200E550021170019E57DF85277E17CF85177C3BC4DFAFDC4F85177FAFEC4F85277F8523AA4
:200E7500B6282C2A5F56D51E01210646CD0800E1F8512A5F5621300019E57DF85577E17C48
:200E9500F854322A5F561AF85122131A7718CEFA31DAB7284CF8402A5F56212300194D449C
:200EB5000AF85077FA31DA0E0087CB1187CB1187CB11F8512271F8402A5F56212400194D7A
:200ED5004459501AF85322131A77F8502AF5332A5F2A57D52A5F56D51121C8D5CD2313E8FE
:200EF500071E05212A40CD08001E0621394FCD0800AF210BC52277F85E7EB72864F8402AFF
:200F15005F5621170019E57DF85577E17CF85477F8402A5F56211800194D4459501AF8516A
:200F350022131A773AB62839F8532A5F561A77AFF533110000D5F8542A5F2A2357D57EF54C
:200F5500331E0221D54ECD0800E806F8537B2272F8543AB623D6013E001777EE01775E18EA
:200F7500021E00E855C92197052A4F4621BAC07922702199052A4F4621BCC079227001BE2F
:200F9500C0FA9B050201C8C0FA9F050201C7C0FAA0050221C4C0360021C5C0360021C6C030
:200FB500360221B9C0CB8E21E8C0360121B9C0CBEEC9F8083A2BF5332A5F56D5217C04E50E
:060FD500CD8C12E805C9F5
:020000040000FA
:20158300E8F8F8053EE82236C5FA1BC6F80777F8003601F8077EB7CA4816E5CB46E1CA3279
:2015A30016F8052A5F3A2B571A77B7CA3216E60F3D4F079F47696029290911C0C5194D44A4
:2015C30021030009E57DF80377E17CF802322A5F561A6F131AB52857E5F806CB7EE1280977
:2015E300FA1BC6F800AEEA1BC6FA1CC6F800A6203E69602A666FB42803293033F8007EF823
:2016030003223E00322B2B2A5F561A6F131A5D57696023237EF5F8052A666FF1E52601E533
:2016230033C5D5F5331E0221D54ECD0800E808F8077ECB3F77F8007E8777F80534C2961579
:201643002334C39615FA1DC6211BC6A6EA1DC6E808C9E8FB0104C6F8043600F8047ED60483
:2016630028750AB7286A5950131A3D12B720610A12F8045E16006B622929197DC6F05F7C48
:20168300CEC55733336B62E52323235D541AF80222131A77F8033AB62838D1D51A6F131AAA
:2016A30067B52803293029F8022A5F56E1E523237EC5210000E52600E533F5F8072A666FFF
:1A16C300F1E5D5F5331E0221D54ECD0800E808C10303F804341884E805C9C8
:020000040002F8
:20000000F8067EB728170E0079D608D00600696029290911C0C519AF22770C18EB110800F0
:20002000D5110000D511E8C5D5CDB037E806112800D5110000D511C0C5D5CDB037E806C906
:20004000F8067EB728170E0079D604C80600696029290911F0C519AF22770C18EB1108008C
:20006000D5110000D51104C6D5CDB037E806111400D5110000D511F0C5D5CDB037E806C98D
:020000040001F9
:20C00000F8033A5EB7C85726047BE60328013DCB3FCB1DCB3FCB1DCB3BCB3B2520EB5D1531
:20C0200020E5C9F8033A5EB7C85726047BE603FE0328013CCB3FCB1DCB3FCB1DCB3BCB3BE5
:20C040002520E95D1520E3C93E04F8029630023604FA1EDAB72034FA48C6F80266E533F5C4
:20C0600033CD0040E17BE047FA49C6F80266E533F533CD0040E17BE048FA4AC6F80266E574
:20C0800033F533CD0040E17BE049C9FA48C6F80266E533F533CD2340E17BE047FA49C6F88E
:20C0A0000266E533F533CD2340E17BE048FA4AC6F80266E533F533CD2340E17BE049C900FC
:20C0C0000103070F1F3FFAC140EA0DC6210EC63605210CC636003E05F533CD484033C9FA21
:20C0E0000EC6B7C8210FC636002110C63600210CC63601210EC63E0577F533CD484033C942
:20C10000FA0EC6D605C81800210FC636002110C63601210CC63601210EC63600AFF533CD43
:20C12000484033C9FA0CC6B7C8210FC64E3479210DC6A6C0FA10C6B72015210EC67EB728D7
:20C140000135FA0EC6B7201C210CC636001815210EC67ED605300134FA0EC6D605200521F0
:20C160000CC63600FA0EC6F533CD484033C9FA0EC6F533CD484033C901BF40F8066E260097
:20C18000094D440AEA0DC6C91E0721DF40CD0800FA0CC6B7C8CD350E1E07212441CD080060
:1CC1A00018EE1E07210041CD0800FA0CC6B7C8CD350E1E07212441CD080018EE40
:020000040000FA
:01397800004E
:020000040001F9
:20C1BC00C5F3F090F5F8067E4FCB3FC60CEA00202640CB412802CBECAF6F16A05F3E0AEACD
:20C1DC00000079EA00401A473E00EA00003EA9EAAA0A3E56EA55053EA0EAAA0A7877060049
:20C1FC00BE280BE5E1E5E10520F61E00180913233EC0BA20C81E013EF0EA00403E0AEA00CD
:20C21C0000F1EA0020FBC1C9F80646F800545D2198FF39F9D5E50E6811BC41F778C11E001F
:20C23C00D6013813E603F5606933E73B7BB72806F1D60130F1F5F1E1F9C9F3F090F53E004C
:20C25C00EA00003E0CEA00203EF0EA00403EA9EAAA0A3E56EA55053E80EAAA0A3EA9EAAAF8
:20C27C000A3E56EA55053E30EA0040110000FA0040FEFF280EE5E1E5E11D20F21520EF1EAD
:20C29C000018021E013E0AEA0000F1EA0020FBC9F800545D21AAFF39F9D5E50E56115642EC
:06C2BC00F7E1E7E1F9C91A
:020000040002F8
:20008000F8064E2120C87EE6F04779E60FB077210040771E0C69CB3D1979E601CB3707E600
:2000A000E0470E0078C640477DF533110020D5C51100A0D5CD2313E807C9060078D604D06D
:2000C000C5C5331E08218040CD080033C10418EC2120C84EC51E0721AC42CD08007BC1B773
:2000E00020025FC9C5F8087EF5331E07212442CD080033C1432120C87E712100407158C9A8
:020000040000FA
:01397900004D
:020000040001F9
:20836700F8027EE0013E81E002F0020738FBF0015FC98833010000000100000088330F0030
:2083870000000F00000088330400000004000000883308000000010000002111C6460E00F4
:2083A700C5F8047EF533CD6743337BC11600B15F7AB02111C6732377C9F8022A4F461E0074
:2083C7007BF80496300F1C0A03C5D5F533CDA14333D1C118EB2112C67ED68120032B5EC9A3
:2083E70011F000C93BFA13C6B72020017F441E067BB7280F0A03C5D5F533CD674333D1C14B
:208407001D18ED2114C63E8622AF77F8003610F8032A5F56F8007EB728221A4F06002114F9
:20842700C62A666F097DEA14C67CEA15C61AD5F533CD674333D1F800351318D82113C634F5
:208447007ED628202FFA14C6F533CD674333FA15C6F533CD674333AFF533CD674333AFF5D8
:2084670033CD6743332113C63600AF2114C622771E0118021E0033C9883304008002F80217
:208487002A4F46C53E0AF533118343D5CDC043E8037BC15FF804A623577E92C879500BB265
:2084A70020031EF0C97BE6F0C0CD350E18D52113C636003E0AF533117943D5CDC043E803B0
:2084C700F8064E060021FF00E5C5CD8544E804C9E8E1F8183600F8267ECB3FF81E77F817DD
:2084E70077F81E7EB720045FC31247CD6502F81B7B2272F8257EF81D2236003E05F81DCB93
:208507002623CB163D20F62B2A5F56F81B2A666F19E57DF81B77E17CF81A772113C63600A0
:20852700F8177E87F81B77F81B7EB7CA8246F8007D54F810227A322A23322A2377F81C3690
:2085470000F8197EF81D77F81A7EF81E77F81C7ED614CA6946F81D2A5F56D5CDA80CE1F8C4
:2085670017733A2B77F8107EF81677F8117EF817322A5F3A2B57D53E01F5337EF533CDBA0D
:2085870034E804F8122A4F46C5CDEB43E17BB72803F81834F8187ED609C25C46F818360092
:2085A7003E0AF533118D43D5CDC043E803F8267EF81622AF322A5F562101007B955F7A9CA0
:2085C700F8153273F81B7EF816223600F8142A2396200B2B2A23962005F8274E1803010015
:2085E700002127DA7106002128DA36E42129DA367F216A01094D44212ADA7922703E0EF52E
:20860700331120DAD5CDC043E803210202E5117800D5CD8544E8047BE6F0C212472102000C
:20862700E511B004D5CD8544E8047BE6F0C212473E0AF533117943D5CDC043E80321FF00D9
:20864700E5110A00D5CD8544E8047BF81777B728045EC31247F81C342334C254452334C34A
:208667005445F81B352B2B2A5F5621200019E57DF81B77E17CF81A77C32E45F8187EB7280E
:208687007A3E0AF533118D43D5CDC043E803F8277EF81E771127DA7E123A22AF323A2B7793
:2086A700F81E3A2B772128DA36E42129DA367FF81B2A5F56216A0119E57DF81F77E17CF8CF
:2086C7001E32112ADA2A12137E123E0EF5331120DAD5CDC043E803210202E5117800D5CD0B
:2086E7008544E8047BE6F02022210200E511B004D5CD8544E8047BE6F020103E0AF5331105
:0E8707008343D5CDC043E803F81E73E81FC9B5
:020000040000FA
:0E397A008833020004000100E47F000000001A
:2016DD000117C60AEA1CC6CD3A377B211BC677027EE60F5F1600211CC67EE60F470E0078DA
:1016FD009320037992C87E2F211BC6A6EA1DC6C969
:020000040002F8
:20403900110500D5110000D51116C6D5CDB037E806211CC63600211BC63600211DC6360087
:064059002116C63601C964
:020000040000FA
:04005800FBC30D17C2
:16399D00AF211EC60E03EF3E00EA1EC6E0023E66E0013E80E0024D
:20170D00F5E5C5D50E01AFE002211EC67EFE022012F2F53336003E66E23E80E002CD382454
:20172D0033182CFE012028F2FE55360028043604180CFA20C6FE022005773E5518023E660C
:1A174D00E23E80E0023E00EA20C63E01EA1FC6D1C1E1F041E60220FAF1D974
:20020A003E01EA1EC63E01E002F8027EE0013E81E002C93E02EA1EC6AFE0023E55E0013E92
:04022A0080E002C9A5
:04005000FBC3671770
:15176700F5E5C5D5CD7E1ACD7924D1C1E1F041E60220FAF1D9BA
:20177C00F045D6962033FAD8C7E043FADAC7E042FA4AFFB7280BF04AD690D0F04A3DE045A7
:20179C00C9F04BD607200CFA2FDAB72006F040E6FDE040FA30DAE045C9F0452130DA9630F5
:2017BC001EF04BD6072012FA2FDAB7200CF041CB4F20FAF040E6FDE040FA30DAE045C9F045
:2017DC0041CB4F20FAF040E6DFE040FA2EDAB72006F040F602E0403E96E045C9F045D696D9
:2017FC002015F040E6EFE040FAD8C7E043FADAC7E0423E47E045C9F041CB4F20FAF040F6FC
:20181C0010E0403E96E045C9FA1CC9C607E04B211EC97EE04A7ED6903008F040F620E040B1
:20183C001806F040E6DFE040FA2EDAB72808F040E6FDE0401806F040F602E040018BC6FA8B
:12185C0090C6020191C6FA96C6020197C6FA9CC602C9ED
:020000040002F8
:20405F00F311241BD5CD8A36E1117C17D5CD8A36E111F817D5CD8A36E1F040E6EFE040FB51
:01407F00C977
:020000040000FA
:03398800000096A6
:020000040001F9
:208715003B3B210000360A2120C87EE6F077EA00402121C63E0422AF770160476960233A0F
:208735006EB52824696023235D541AF80022131A772121C62A5F56E1E5195D542121C67B23
:2087550022720303030318D43333C998CB000E58CA300188CB02008ACB02008CCB02008EF2
:20877500CB020090CB0100C0C52800E8C50800F0C5140004C608003DC6010042C602002987
:20879500C6140026C50300B9C04404FDC4020001C5020007C5010009C50200BFD902000079
:2087B500000000E8FB010000AFF8002277110000F8043600F8047EF807963039792121C644
:2087D50086234F788E473A6E6709E57DF80477E17CF80332AF96233E209E3014133333D5D2
:2087F5007BD6037ADE0038051100001817010000F8043418BFF8082A5F56F8007E122100AB
:20881500A0095D54E805C9E8F3F800E5F8157EF533CDB847E803F80B7B22723AB6CAFF48FE
:20883500F8004E2120C87EE6F04779E60FB077EA0040F80B2A4F46219305545DF8071A2213
:20885500131A22131A22131A77F8072A02032A02032A02032A022A5F5621040019E57DF892
:208875000B77E17CF80A223660233647F80B2A5F561AF80122131A773AB6286EF80B2A5FDD
:208895005621020019E57DF80577E17CF804322A5F2A571A22131A77F8093A2B77F80A3ACD
:2088B5002B77F8052A5F56D5F8032A5F56D5F80B2A5F56D5CD6D37E806F8032A5F561AF89F
:2088D5000722131A322A5F2A572A666F19E57DF80B77E17CF80A222A5F5621040019E57DFD
:2088F500F80D77E17CF80C771882E80DC9E8F5F804E5F8137EF533CDB847E8034B4278B1DB
:2089150020045FC30E4AF804562120C87EE6F05F7AE60FB377EA004069605D541AF8002225
:20893500131A22131A22131A77219305545DF8071A22131A22131A22131A77F8007EF80784
:20895500962018F8017EF808962010F8027EF809962008F8037EF80A9628051E00C30E4A49
:2089750003030303F8093660233647F8092A5F561AF80522131A773AB6284CF8092A5F569E
:2089950021020019E57DF80977E17CF808322A5F561A6F131A675950E5D5F8092A5F56D509
:2089B500CD6D37E806F8072A5F561A6F131A67094D44F8092A5F5621040019E57DF80B77B4
:2089D500E17CF80A7718A4FA3DC63C280EFA42C6EA40C6FA43C6EA41C6181CAFE021AFE028
:2089F5001CAFE017AFE0123EC0E0233EC0E0193EC0E0143EFFE0251E01E80BC93BF800E5E0
:208A1500F8097EF533CDB847E8034B7A47B3281BF8005EFA20C8E6F06F7BE60FB5EA20C86D
:208A3500EA0040AF0203020302030233C9E8F7F800E5F8117EF533CDB847E8034B4278B163
:208A550020045FC3ED4AF800562120C87EE6F05F7AE60FB377EA004069605D541AF8012208
:208A7500131A22131A22131A77219305545DF8051A22131A22131A22131A77F8017EF80546
:208A9500962018F8027EF806962010F8037EF807962008F8047EF8089628041E001839F8DE
:208AB500133AB628317EF80777F8137EF80832CB2623CB1603030303F8102A5E87CB13811F
:1B8AD5004F7B8847F8142A5F56F8072A666FE5C5D5CD6D37E8061E01E809C94D
:020000040000FA
:20186E00E8FC010040AFF802227778B12842F8022AB15F7EB0F80073232223CB3E2BCB1E0E
:20188E00F8065D54F8001A1396231A9E3818F8062A5F56E1E57B955F7A9CF8073273F802DF
:2018AE007EB1227EB077CB38CB19CB38CB1918BAF8025EE804C9000306090C101316191CEB
:2018CE001F2225282B2E313336393C3F414447494C4E515355585A5C5E60626466686A6BE8
:2018EE006D6F70717374757678797A7A7B7C7D7D7E7E7E7F7F7F7F7F7F7F7E7E7E7D7D7C92
:20190E007B7A7A79787675747371706F6D6B6A68666462605E5C5A585553514E4C4947442E
:20192E00413F3C393633312E2B2825221F1C191613100C09060300FDFAF7F4F0EDEAE7E423
:20194E00E1DEDBD8D5D2CFCDCAC7C4C1BFBCB9B7B4B2AFADABA8A6A4A2A09E9C9A9896958B
:20196E009391908F8D8C8B8A888786868584838382828281818181818181828282838384A1
:20198E0085868687888A8B8C8D8F9091939596989A9C9EA0A2A4A6A8ABADAFB2B4B7B9BCC4
:2019AE00BFC1C4C7CACDCFD2D5D8DBDEE1E4E7EAEDF0F4F7FAFD0001010000FFFF0080405B
:0219CE0000C057
:2019D000F8047EB7C02127C6347EE603772128C69620082128C6347EE603770123C6792174
:2019F00027C6864F300104F8027E02C9E8FDFA27C62128C6962874F32128C6347EE603777C
:201A1000C6234F3EC6CE00470AF80077FB7EE6034F060069602929097DC6294F7CCEC6F84E
:201A3000017123322A666F2323232A4F4678B1283AF8012A5F561A6F131A67B528032930EF
:201A5000ADF8002ACB37E60F5F16002A666F23237ED52601E533F8045E2356D5C5F5331EB1
:201A70000221D54ECD0800E8081883E803C9FAF1C73C2839FA3EC6B7200FFA46C6213FC69D
:201A9000B6EADED9213EC63601CD65237BB7201DFA46C6EADED921DDD93664213EC636004C
:201AB000EA3FC62147C6360021F1C736FFFA45C6B7C0FA3DC63CC818002144C6347EE6035A
:201AD000C0F0904F213DC67EE0901100207E122141C63AB62831AFE021AFE01CAFE017AF73
:201AF000E0123EC0E0233EC0E0193EC0E0143EFFE0252A5F56FA3DC6C5D5CDDC05E1C1AF43
:141B10002140C622771805C5CDB909C179E09021002071C96B
:020000040002F8
:20010000213DC636FF21F1C736FFAF21F2C722773E80E0263EFFE0253E77E024AFE021AF38
:20012000E01CAFE017AFE0123EC0E0233EC0E0193EC0E0143EFFE025213EC63600213FC6CF
:2001400036002144C636002145C636002146C636002147C63600C9F8067EB728180E00791C
:20016000D6043022060069602929091129C619AF22770C18EA111400D5110000D51129C6DA
:20018000D5CDB037E806F32128C636002127C63600FBC9FA27C62128C696281EF32128C6D4
:2001A000347EE60377C6234F3EC6CE00470A4FFB79E6044779E6F0B05FC91E00C9F8027E58
:2001C000EA45C6B7C8AFE021AFE01CAFE017AFE0123EC0E0233EC0E0193EC0E0143EFFE002
:0201E00025C92F
:10408000214AC6361B2148C6361B2149C63687C978
:020000040000FA
:201B2400219DC62A666F2A5F2AE045B7280416001804FADAC757F041CB4F20FA7BEA43FF33
:1D1B44007AE042F045B7280C11040019547D219DC62272C9219DC63E8B2236C6C9B4
:020000040002F8
:20409000111200D511A240D5118BC6D5CD6D37E806C9000F02000200001F010202000000BA
:0440B00000041000F8
:020000040000FA
:201B6100E8F7FACBC7EAD0C7FACCC7EAD1C7AF21D2C72277F090EACFC721D1C73AB6CAF202
:201B81001F7EF80577FAD1C7F806322A5F5621130019E57DF80977E17CF808322A5F561AE3
:201BA100B7205A2B2B2B2A5F56212300192A4F46F80779227021D3C73AB6280C2A5F56218E
:201BC100230019792270180621CBC779227021D0C72A4F46212300094D4421CDC72A0203A8
:201BE1007E02FAD0C7EACDC7FAD1C7EACEC7F8077EEAD0C7F8087EEAD1C7C37A1B4F0DF89A
:201C0100072A666F7121D0C72A4F46211D00097E211FDAA6203821090009347E21D0C72A31
:201C21005F56210900194D440AF80777210B00197EF80877F8072A9620146B627EE601201B
:201C410008210A00197E021805F8077E3D0221D0C72A4F46696023E57DF80777E17CF80648
:201C6100322A5F2A571A22131A77210500092A4F46F8072A666F094D44F8052A666F79222A
:201C81007021D0C72A4F4621030009E57DF80777E17CF806322A5F2A571A22131A772107B8
:201CA10000092A4F46F8072A5F567B915F7A98474BF8052A666F792270211FDA4EFAD0C76E
:201CC100F80777FAD1C7F80877CB41C22A1EF8072A5F566B6223E57DF80577E17CF80477FA
:201CE100F8072A5F56210C0019E57DF80777E17CF80677AFF533110000D5F8062A5F2A5750
:201D0100D52A5F56D51E0121204BCD0800E807F8077B2272F8077EF80077F8087EF80177E2
:201D2100FAD0C7F80777FAD1C7F80877F8013AB6CA2A1ED1D5212F00194D440A4FF8072A75
:201D41005F56212200195D541AA1CA2A1ED1D5212500194D440AF802777EB7285ED1D52160
:201D61002D00194D44233A6E073050F8072A5F56212100195D541AF80322AF22792270D16B
:201D8100D521260019E57DF80977E17CF808322A5F3A571A22131A77F8032A5F2A57D53E92
:201DA10001F5332A5F2A57D52A5F56D5F8097EF5331E0221D54ECD0800E808FAD0C7F80706
:201DC10077FAD1C7F808322A4E6F617E0FE6012058F8072A5F56212300192A4F46F8077921
:201DE100227021D3C73AB6280C2A5F5621230019792270180621CBC779227021D0C72A4626
:201E0100C6234F30010421CDC72A02037E02FAD0C7EACDC7FAD1C7EACEC7F8077EEAD0C7D2
:201E2100F8087EEAD1C7C37A1BF8072A5F566B6223E57DF80777E17CF806322A5F3A571AE2
:201E410022131A77CB3E2BCB1E23CB3E2BCB1E23CB3E2BCB1E23CB3E2BCB1E2A7721D8C77D
:201E61004EF8063A2B91C60877F8072A5F5621030019E57DF80777E17CF806322A5F3A5740
:201E81001A22131A77CB3E2BCB1E23CB3E2BCB1E23CB3E2BCB1E23CB3E2BCB1E2A7721DAE8
:201EA100C74EF8063A91C608323EA0963807233E9096D2561FF8072A5F5621230019E57D25
:201EC100F80777E17CF806322A5F561AF80122131A322A23322A237721D3C73AB628277ED0
:201EE100F80577FAD3C7F806322A5F5621230019E57DF80977E17CF808322A5F56F8012A02
:201F010012137E12180CF8017EEACBC7F8027EEACCC7FAD0C7F80577FAD1C7F806322A5FAF
:201F21005621230019E57DF80977E17CF808322A5F5621CDC72A12137E12FAD0C7EACDC702
:201F4100FAD1C7EACEC7F8037EEAD0C7F8047EEAD1C7C37A1BF8072A5F56211000194D4468
:201F61000AE0900AEA002021D0C72A4F46211100092A6E5F55FA0EC5F80677211400097ED6
:201F8100EA1DDA6B622323235D541AF80222131A77210900096E2600294D44F8022A666F24
:201FA10009E57DF80977E17CF808322A5F3A571A22131A327EEA1BDAF8087EEA1CDAF80541
:201FC1003A572A235FD57EF533CDA20DE8037B210EC5867721D0C72A4F4621D2C779227039
:201FE100212300095D541A21D0C722131A77C37A1B21CFC77EE0901100207E12E809C9E8EA
:20200100F9FACBC7EAD0C7FACCC7EAD1C7AF21D2C72277F090EACFC721D1C73AB6CA6521AF
:202021002A4F466960232A666FCB3CCB1DCB3CCB1DCB3CCB1DCB3CCB1D7D21D8C75E93C645
:2020410008F8027769602323232A666FCB3CCB1DCB3CCB1DCB3CCB1DCB3CCB1D7D21DAC7DA
:202061005E93C608F803323EA0963806233E9096305E212300095D541AF80522131A77F8D9
:20208100052A4F4621D3C73AB628112A56C6235F300114F8052A12137E12180CF8057EEA25
:2020A100CBC7F8067EEACCC721D0C72A56C6235F30011421CDC72A12137E12FAD0C7EACDF3
:2020C100C7FAD1C7EACEC721D0C7792270C31920211000094D440AE0900AEA002021D0C757
:2020E1002A4F46211100092A6E5F55FA0EC5F80477211400097EEA1DDA6B622323235D54D5
:202101001AF80022131A77210900096E2600294D44E1E509E57DF80777E17CF806322A5FA8
:202121003A571A22131A327EEA1BDAF8067EEA1CDAF8033A572A235FD57EF533CDA20DE8A2
:20214100037B210EC5867721D0C72A4F4621D2C7792270212300095D541A21D0C722131AB4
:1221610077C3192021CFC77EE0901100207E12E807C9DB
:020000040001F9
:208AF0003BAF21CBC72277AF21CDC72277F8003600F8004E06006960292929092929090110
:208B10009FC6094D44212300095D5421CDC72A12133A12792270F800347ED60520D333C979
:208B3000E8EEFACDC7F80277FACEC7F803773AB6CA364FF8184E060069602929092909292D
:208B500009E57DF81277E17CF811771158C73A6E67194D44F8022A5F56210C0019E57DF8DA
:208B70001177E17CF810322A5F56211700E5C5D5CD6D37E806F81136023EE0F81B9638236E
:208B90007ED6A03806F811360318183E60F81B963006F8113600180BF81B7ED6203804F887
:208BB000113601F8022A4F46F81C7EE6016F0AE6FEB502F8022A4F46F81C7E0FE60107E6E9
:208BD000026F0AE6FDB502F8022A5F56210900195D54F80F7EF80477F8107EF80577D5F8E4
:208BF000112A5F5621090019D14D44F8117E87814F3E0088470A12F8022A5F56210A0019AC
:208C10005D540A12F8022A5F56210B00195D54030A3C12F80F2A5F56211300192A4F7EF82B
:208C300010712377F8022A4F4603F8197EF80E77F81A7EF80F322A5F561AF80C22131A32FA
:208C500059502A12137E12F806792278220303792270F80E2A666F23232A4F46F8082A669E
:208C70006F79227011C418F81B6E2600194D440AF80A77F81B7EC6404F21C4180600097E39
:208C9000F80B77F80A4E79079F4769602909290929092909290929092909E57DF81077E1AB
:208CB0007CF80F323A2B77F80F3A2B77CB2E2BCB1E23CB2E2BCB1E23CB2E2BCB1E23CB2EA7
:208CD0002BCB1E23CB2E2BCB1E23CB2E2BCB1E23CB2E2BCB1E2B4E79079F476960290929DD
:208CF0000929092909290929092909E57DF81077E17CF80F77CB2E2BCB1E23CB2E2BCB1E68
:208D100023CB2E2BCB1E23CB2E2BCB1E23CB2E2BCB1E23CB2E2BCB1E23CB2E2BCB1EF8104B
:208D30003EFF96233E009E304BF8062A5F561A4F131A47F80C2A5E814F7B8847F8062A66E8
:208D50006F792270F8082A5F561A4F131A47F80E2A5F5679934F789A47F8082A666F79229A
:208D700070F8102A5F5621FF007B955F7A9CF811327318AAF8113AB6CA684EF8062A5F5621
:208D90001AF80E22131A222A77F533F80B7EF533CD4135E1F80C7B2272F80DCB2E2BCB1E77
:208DB00023CB2E2BCB1E23CB2E2BCB1E23CB2E2BCB1E23CB2E2BCB1E23CB2E2BCB1E23CBC5
:208DD0002E2BCB1E23237EF80077F80F7EF80177F80C2A4F46E1E5094D44F8062A666F7980
:208DF0002270F8082A5F561AF80F22131A227EF533F80C7EF533CD4135E1F80D7B2272F8E0
:208E10000D7EF80A77F80E7EF80B77CB2E2BCB1E23CB2E2BCB1E23CB2E2BCB1E23CB2E2B8C
:208E3000CB1E23CB2E2BCB1E23CB2E2BCB1E23CB2E2BCB1EF80F7EF80C77F8107EF80D77A7
:208E5000F80A2A4F2A472A5F567B915F7A984B47F8082A666F792270F8042A5F5621120010
:208E7000194D440AF81077F81B7EF81177F8022A5F56210500194D4411C418F8116E26006B
:208E9000195D541AC5F81266E533F533CD4135E1C1CB2ACB1BCB2ACB1BCB2ACB1BCB2ACB33
:208EB0001BCB2ACB1BCB2ACB1BCB2ACB1B69607B22720303F8117EC6405F21C41816001900
:208ED0007EC5F81266E533F533CD4135E1C1CB2ACB1BCB2ACB1BCB2ACB1BCB2ACB1BCB2A49
:208EF000CB1BCB2ACB1BCB2ACB1B7B02037A0221CEC73AB628112A4F46212300095D541A14
:208F100021CDC722131A77F8022A5F56212300194D4421CBC72A02037E02F8027EEACBC7A9
:098F3000F8037EEACCC7E812C97F
:020000040000FA
:20022E00F8022A5F2A57F041E60220FA7E12C9CD65021803CD6D02C5F8042A472A4F5ACBC5
:20024E0031CB0179E60383573EE0A1805FF041E60220FA7E12C1C9F040CB772808180AF0B8
:0D026E0040CB5F2004110098C911009CC90D
:20800000F8093AB7C8573A5F3A6E67C515281C444D3E20856F8C9567E5D5F041E60220FA31
:1D8020002A02031D20F4D1E11520E4E5F80E56E1F041E60220FA7A221D20F5C1C96B
:20217300F0904F21E7C77ED607300446AF18030607AF2129C57EE0901100207E12C5FA32A4
:20219300C5F533212AC52A5F56D53E01F533C533FAE6C767FAE5C76FE5CD9722E807C121BD
:2021B300E5C77E807721E7C77E907779E09021002071C9F0904F2129C57EE0901100207EB8
:2021D300123E172132C59630043E171803FA32C5C52132C566E533212AC55E2356D5260104
:2021F300E533F533F80A3A575ED5CD9722E807C179E09021002071C9F0904F2129C57EE0F0
:20221300901100207E12C5FA32C5F533212AC52A5F56D5F8093A571E01D53A575ED5CD970A
:2022330022E807C179E09021002071C9F0904F21E4C77ED607300446AF18030607AF212915
:20225300C57EE0901100207E127EE0901100207E12C5FA32C5F533212AC52A5F56D50E0197
:20227300C5FAE3C767FAE2C76FE5CD9722E807C121E3C77E807721E4C77E907779E09021B3
:04229300002071C9ED
:020000040001F9
:20400000AF21D8C72277AF21DAC72277AF21DCC72277AF21DEC7227721E0C7360021E1C7AD
:2040200036001E05212A40C3080021E7C7360021E4C7360021D4C73EFF22367F21D6C73EFE
:20404000FF22367F211FDA3600C93B3B211AC52AC6B04F7ECEFF47211CC52AC6B85F7ECE25
:20406000FF57CB78280501000018183333C5D511DCC7F8021A1396231A9ED1300621DCC732
:204080002A4F46CB7A280511000018183333D5D511DEC7F8021A1396231A9ED1300621DE4A
:2040A000C72A5F56FAD4C7EAECC7FAD5C721EDC777CB2E2BCB1E23CB2E2BCB1E23CB2E2BC2
:2040C000CB1EFAD6C7EAE8C7FAD7C721E9C777CB2E2BCB1E23CB2E2BCB1E23CB2E2BCB1E7A
:2040E00021EEC7792270CB2E2BCB1E23CB2E2BCB1E23CB2E2BCB1E21EAC77B2272CB2E2B6D
:20410000CB1E23CB2E2BCB1E23CB2E2BCB1E21D4C779227021D6C77B2272FAE0C7F8002207
:20412000079F77E1E5097DEAD8C77CEAD9C7FAE1C74F079F47798321DAC722788A77118BB4
:20414000C6D5CD6141E17BB720141191C6D5CD6141E17BB720081197C6D5CD6141E133332E
:20416000C9E8F3F80F7EF80B77F8107EF80C322A4F46030AF80877F80B2A5F56210500197C
:20418000E57DF80B77E17CF80A222A5F56210300193333E5F8087EB7CADD42F80B2A4F467B
:2041A00003030A4FD67F2007AFF80522771830CB792817AF914721D8C72A4E04180387CBE4
:2041C000110520FAF8052271181521D8C72A475E0C1804CB2BCB180D20F9F805782273F83A
:2041E000054EF8092A666F71F8052A4F2A47CB38CB19CB38CB19CB38CB197121EEC72A4F9F
:20420000460BF8072A77F80B2A5F5621040019E57DF80B77E17CF80A7721ECC77E91201FB9
:20422000237E90201AF8082AC6154F2A5F561A47D1D51AC53347C5CD0B22E803C3D84221D8
:20424000EEC72A5F566B6223E57DF80D77E17CF80C77FAECC7F80B96204FFAEDC7F80C9627
:204260002047F8077EF80B22AF322A5F562101007B955F7A9CF807327B22CB7E2807AFF8E1
:204280000B2277180CF8087E3DF80C773A22079F77F80B3A2B4F2A5F561A47D1D51AC533F8
:2042A00047C5CD0B22E803182FFAECC721EEC7962009FAEDC721EFC796281DF8092A5F5644
:2042C0001A47D1D51AC533F533110000D5F8092A5F56D5CD1F46E8061E00C30C4621D8C7EF
:2042E0004EF8092A666F7121EEC72A5F562101007B955F7A9CF80B3273FAEEC7F80C7721B0
:20430000EAC72A5F562101007B955F7A9CF8033273FAEAC73DF804322A2307E601322A23F6
:2043200022079F77FAECC7F80A96C2D343FAEDC7F80B96C2D343F80C7EC615F80822D1D5DD
:204340001A772A23223600F80B5D54F8021A1396231A9E1A57CB7E2807CB7A2008BF1805A9
:20436000CB7A2801373E0017F80A77B7280CF8027EF80B77F8037EF80C77F80CCB7E28067E
:204380002BAF2277181BF80A7EB72808F8047EF80C771806F8097EF80C77F80C3A22079FFD
:2043A00077F80B4EF8057EB728051100001804F8062A5F43C579F533F80B7EF533CDCC46F1
:2043C000E133F8097EF5331E01211144CD0800E1C3D94421EEC72A4F460321ECC77E91C2BA
:2043E0009B44237E90C29B44F80BCB7E28040E001806F80C7E3D4F07F8087922D1D51A7781
:204400002A23223600F80B5D54F8021A1396231A9E1A57CB7E2807CB7A2008BF1805CB7A34
:204420002801373E0017F80A77B7280CF8027EF80B77F8037EF80C77F80CCB7E28062BAF28
:2044400022771815F80A7EB72805F8045E1803F8095E7BF80B22079F77F80B2A77F8057E82
:20446000B72807AFF80A2277180CF8067EF80A77F8077EF80B77F80A2A227EF533F8097E89
:20448000F533CDCC46E1F80B7EF533F8097EF5331E01211144CD0800E1183EFAECC721EE87
:2044A000C7962009FAEDC721EFC796282C213DC57E3D2005D1D51A18023EFF2615E533F5A5
:2044C0003321DAC72A5F56D521D8C72A5F56D5CD1F46E8061E01C30C4621EAC72A5F562199
:2044E00001007B955F7A9CF808327321EEC72A4F3A470B5EFAEAC7F809777B3DF80C322B1C
:204500007807E60122233A22079F77FAE8C7F807962036FAE9C7F80896202EF80A7EB728F6
:204520000423AF2277F80B2A77F8092A23C61322575ED5CDA746E1F80B2A575ED51E012103
:204540001A43CD0800E1C3F24521EAC72A4F460321E8C77E91205E237E902059F80A7EB77C
:20456000280423AF2277F80B2A32D1D51A77F805223600F8075D54F8051A1396231A9E1A54
:2045800057CB7E2807CB7A2008BF1805CB7A2801373806F8092A233D77F80B2A47C54EC5D2
:2045A000CDA746E133F80D7EF5331E01211A43CD0800E1183DFAE8C721EAC7962009FAE9BD
:2045C000C721EBC796282B213DC57E3D2005D1D51A18023EFF2615E533F53321DAC72A5F78
:2045E00056D521D8C72A5F56D5CD1F46E8061E01181AFA1FDA0F3812FAE4C7B72803CD3FCC
:2046000022FAE7C7B72803CD73211E01E80DC91E05212A40CD08001E05214A40C308003B59
:2046200021E7C7360021E4C73600F8032A4F46CB28CB19CB28CB19CB28CB1969602BCB7CF9
:2046400028040E0018030D7907F80071F8052A4F2A47CB28CB19CB28CB19CB28CB197E5FC6
:20466000079F576B6209CB7C28040600180679F8078647070E00F8087E912829FA33C59094
:204680002823C5C533F8037EF533CDC621E1C1C5C533F8037EF5331E01211A43CD0800E16A
:2046A000C10C0418D133C9FAE7C7B72805CD732118F5F8037E2133C596D0F8027EEAE5C744
:2046C000F8037EEAE6C721E7C73617C9FAE4C7B72805CD3F2218F5F8027EEAE2C7F8034ECD
:2046E00021E3C771FA33C50600591600936F789A475816003E15BD3E0098CB7B2807CB7AAE
:184700002008BF1805CB7A28013730043E151804FA33C591EAE4C7C974
:020000040000FA
:20229700F8022A474EF8087EF80496EAF0C78616005F79210000CB3F300119CB23CB12B752
:2022B70020F478856F8C9567545DF8062A666F19444DF8022AE61F577EE61F5FF8053A66A8
:2022D7006F1836F8022A4F2A47F090F52AE090EA00202A232396EAF0C72B2B2AE61F572A80
:2022F700E61F5F2A6E67CD0723F1E090EA0020C9E5F040CB772809180CE5F040CB5F200529
:20231700210098180321009CC5CB33CB037BE60384473EE0A3824FE1D1D5C5F041E602203E
:20233700FA2A0279E6E05F793CE61FB34F1520EBFAF0C7856F8C9567C1D11DC8D578E6FC13
:0E2357005F3E20814F8891E603B347C518CD45
:2023650021F2C72A5FB6C85621F4C7AFB62803355FC9626BF0905FFAF1C73C28F33DE090F6
:20238500EA0020160F7ECB37A2EAF4C72AA257CA27242A47E607FE05385AFE072850AFEA01
:2023A5001AFF0E302AE20C2AE20C2AE20C2AE20C2AE20C2AE20C2AE20C2AE20C2AE20C2ABF
:2023C500E20C2AE20C2AE20C2AE20C2AE20C2AE20C2AE20C78FE0620453E80E01A3EFEE0C5
:2023E5001B3E20E01CAFE01D3EC7E01E183021000055182F4F878781C6104FCB2030022A65
:20240500E20CCB2030022AE20CCB2030022AE20CCB2030022AE20CCB2030022AE20C15C21E
:132425009723147DEAF2C77CEAF3C77BE090EA00205AC97E
:2055BA00E8E1F8004D445950211400E56CE5D5CDB037E8063EB902696023E57DF81677E147
:2055DA007CF815322A666F3601C5CD5C0DE13EE4E0493EE4E0483EE4E047AFE042AFE04363
:2055FA00F040F81622F040E6FDE040F040E6DFE040F040F601E040F040F680E0401E007945
:20561A00227822792278223600F81B7ED60E2846F8177EF81C77F8187EF81D2273AFFE1455
:20563A002815F81C5E235623F57E12F1342B2B34200223343C18E7F81E5EF8192A56D55FE4
:20565A00D5211401E5F821662E00E5CD6439E806D1F81B3418B35950211400E56CE5D5CDBD
:20567A00B037E806F827AF96233E209E30051100001819F8272A5F56CB3ACB1BCB3ACB1B6D
:20569A00CB3ACB1BCB3ACB1BCB3ACB1BF81E737EB728053E8096306CC5F82B7EF533F828A6
:2056BA002A5F56D5AF0FF5CD7012E805C13E9902F8142A666F3600C5CD5C0DE1F81E7EB72B
:2056DA0028047EC68077F8252A5F5621001019E57DF82777E17CF82677F81E7E87C5F82B16
:2056FA0066E533F8285E2356D5672E00E5CD7012E805C13E9902F8142A666F3601C5CD5CC6
:20571A000DE11829F81E7E87C5F82B66E533F8285E2356D5672E00E5CD7012E805C13E99A5
:20573A0002F8142A666F3600C5CD5C0DE1F82C2A5F2A57CB3ACB1BCB3ACB1BCB3ACB1BCB76
:20575A003ACB1B7BC566E533F82D5E2356D5672E00E5CD7012E805C1F8312A5F2A57CB3AD1
:20577A00CB1BCB3ACB1BCB3ACB1BCB3ACB1B7BC566E533F8325E2356D5672E80E5CD70128B
:20579A00E805C13EA102F8142A666F3600C5CD5C0DE1F8167EE0405950211000E56CE5D5B2
:2057BA00CDB037E806C5AF3CF5CDB735E804AF672E12E53E14F533AF0FF5CD1837E8053E34
:1157DA00B902F8142A666F3600C5CD5C0DE1E81FC916
:202438002116C87EB72829352117C82A4F46F8027E022117C834200223342116C87EB7C2EE
:202458001D022117C836F62336C72119C83601C9F8027EEA16C82117C836F62336C7C31D8B
:2024780002FA1EC6D604201F21F5C73600211AC836002116C836002117C836F62336C7215D
:202498001EC636001E00C9FA1FC6B72838FA1AC8B7282D211FC63600FA1AC83D200521208A
:2024B800C63602211BC86EFA1CC86746211BC83420022334C533CD0A0233211AC8351805FF
:0824D800211DC836011E01C9D7
:020000040002F8
:2040B40021F5C736002116C8360001F6C72117C87922702119C83600211AC83600211BC866
:0940D400792270211DC83600C9D3
:020000040000FA
:20027B0021B405180321C605FA3CC55F8783856F8C9567F090F52AE090EA00202A666FE7A3
:07029B00F1E090EA0020C928
:020000040001F9
:208F39002119C93600211AC93600211BC936FFC90121C8F8065E16006B62292929095D5444
:208F5900210700197E0FD0210400194D44210500192A6E5F550A010100C52601E5330100EF
:208F790000C5D5F5331E0221D54ECD0800E808C9F8087EB720142B2B7E2119C996200BF82B
:208F9900077E211AC99620025FC9F8073A575ED51E06212B52CD0800E143F8067EEA19C989
:208FB900F8077EEA1AC9783C280EC5331E0621494FCD0800331E01C91E00C9E8F7F8117E52
:208FD900F80777F8127EF808322A5F561A4F131A475950CB3ACB1BCB3ACB1BCB3ACB1BCB57
:208FF9003ACB1BF80F2A4F460A6F079F6719CB3CCB1DCB3CCB1DCB3CCB1DE57DF80277E152
:209019006960237E6F079F67195D54CB3ACB1BCB3ACB1BCB3ACB1BF80173F8072A666F2339
:20903900232A665F54CB3ACB1BCB3ACB1BCB3ACB1BCB3ACB1B696023237E6F079F6719CB18
:209059003CCB1DCB3CCB1DCB3CCB1DE57DF80477E10303030A6F079F67194D44CB38CB191F
:20907900CB38CB19CB38CB19F803792236004EFA31DA9128566926002929297DC6215F7C92
:20909900CEC8571AF805776B6223F57EF808772A77F16B6223236E853DF808322B131313F7
:2090B9001A86232347057EF800963819237EF80596381278F80296380C237EF807963805CB
:2090D900F8045E18080CF8047118A41EFFE809C9E8FCF80C2A5F56D5F80C2A5F56D51E0679
:2090F90021D44FCD0800E804F800730E00FA1BC9F800963E012801AFF80177F80E7EB7208B
:209119000BF8017EB728051E00C32852F8007E3C3E012801AF5FF8002A23060087CB108719
:20913900CB1087CB102270FA1BC93CCADD517BB72007F801CB46C2DD51CB43203D1121C87D
:20915900F8022A666F195D54210700197E0F302A210400194D44210500192A6E5F550A01A6
:209179000100C52601E533010000C5D5F5331E0221D54ECD0800E8080E011121C8211BC9D7
:209199006E2600292929195D5421070019CB4E282A210400194D44210500192A6E5F550ACD
:2091B900010200C52601E533010000C5D5F5331E0221D54ECD0800E8080E01F8007EEA1B19
:2091D900C959184BF8007EEA1BC9CB43203F1121C8F8022A666F195D54210700197E0F3085
:2091F9002C210400194D44210500192A6E5F550A010100C52601E533010000C5D5F5331EDF
:209219000221D54ECD0800E8081E0118021E00E804C9E8F8F80036004EFA31DA91CAB6525A
:209239006926002929297DC6215F7CCEC8571A476B62237EF801776B6223237E803DF80258
:20925900321313131A8623233D77F80E5E160013F8047B227A2278223600F8045D54F806B3
:209279001A1396231A9E1A57CB7E2807CB7A2008BF1805CB7A280137381CF8027EF80E96F8
:209299003814237EF80196380D23237EF80F963805F8005E18090CF80071C332521EFFE81E
:0292B90008C9E2
:020000040000FA
:01398B00003B
:2057EB0021E0DF11F0DF1A22131A22131A22131A22131A22131A22131A22131A22131A222A
:20580B00131A22131A22131A22131A22131A22131A22131A2213FA2AC92222222222222266
:20582B00222222222222222222C9F8022AB711FFFFC85F7ACB3F1D20FB5E1C1804371FCBDE
:20584B001A1D20F95FC9F8022AB711FFFFC85F7ACB271D20FB5E1C18043717CB121D20F919
:02586B005FC913
:2002A20000000103070F1F3FF806F090F53AE090EA00203A573A5F3A6E673E08F51A4FFAC6
:2002C20037CAA94F131A47FA37CAA84713FA36CACB272834381ACB3FCB3F3004CB39CB38C9
:2002E200B72825CB39CB38CB39CB383D20F51818CB3FCB3F3004CB21CB20B7280BCB21CBA8
:2003020020CB21CB203D20F5FA35CAA677FA35CA2FA1B622FA35CAA677FA35CA2FA0B62225
:20032200F13D2098F1E090EA0020C9F8053A4F3A5F3A6E6779B72824F041E60220FA7B2227
:1D0342000D28191C4105280CF041E60220FA7B220D0520F41CF041E60220FA73C939
:2024E0000E00FA1EC9211FC996283A01A202792120C9864F3001040A211FDAA62025FA2091
:20250000C9B720050102001803010100FA1EC9211FC9963008211EC97E81771806211EC99A
:202520007E91770E01FA1CC9211DC996283A01A202792120C9864F3001040A211FDAA6200C
:2025400025FA20C9B720050102001803010100FA1CC9211DC9963008211CC97E8177180629
:20256000211CC97E91770E0179B7C0FA21C9B7C0FA1BC6E6302807FA1CC6E6302808FA1F1A
:20258000DA2122C9A6C01E0121505CCD0800FA29C9B72006FA27C9B72006FA21C9B728E6F5
:2025A0007BB7C8FA4BCA3CC8214ACA4E214CCA2A5F56214BCA463E042147C696D821F1C742
:2025C00036FF2147C63604FA3FC66F0F3007AFE0123EC0E014CB4D2807AFE0173EC0E01933
:2025E000CB552803AFE01CCB5D2807AFE0213EC0E0233EFFE025213FC67121F1C736FF21D5
:0F260000F4C7360021F2C77B227221F1C770C9DF
:20586D002138CA36002142CA3600FAA105EA41CA21A2052A4F46FA41CAF533110800D5C563
:20588D001139CAD5CD2313E8072124C936002125C936002126C936002128C93601212AC9F4
:2058AD003600AF212ACA22772134CA36002130CA36CC2131CA36002132CA36CC2133CA3611
:2058CD0000211FC93690211EC93690211DC93600211CC936002120C936012121C936012101
:2058ED0027C936012122C93600CD65022143CA7B2272212100194D7C212ECA712377212C2C
:20590D00CA712377CD65022145CA7B22722147CA36142148CA36082149CA36C9214BCA36A6
:20592D00FF1E01213659C308000608C533111B51D53E09BFF5CD7012E8050609C53311F822
:20594D0043D521CB01E5CD7012E80501E0DF5950211000E56CE5D5CDB037E806C521C9011D
:20596D00E5CDB735E8045950211000E52EFFE5D5CDB037E806C521CA01E5CDB735E804C944
:20598D00F8097EB7C8CD6502F8076E26002929292929194D44F8066E2600094D445950C524
:2059AD00F80A7EBFF5D5CD2D03E804C1F80935C83E01F8099630255E1D7BB7281F212000C9
:2059CD00094D447950C5D5F80C66E53326C3E5335FD5CD2D03E804D1C11D18DD212000092F
:2059ED004D44F808662EC6E5C5CD2D03E804C9FA34CAB72814FA31CAEA33CAFA30CAEA327C
:205A0D00CA2130CA34200236CC2134CA3600212AC94E0600112000D5C511E0DFD5CDB0375B
:205A2D00E806C9F8067EEA30CAEA32CAF8077EEA31CAEA33CA2134CA3600212AC94E060056
:205A4D00112000D5C511E0DFD5CDB037E806C9E8FDFA39CA0F30212141CA46213BCA2A66F4
:205A6D006F113ACA1AE5F807A6E15F160019C533E5CD0713E8031803F8055EF80073213F92
:205A8D00CA2A4F46F8006E1E006329292929094D7CF801712377FA39CA2141CA4ECB4FCAB4
:205AAD00FF5BCB572805FA2AC91801AFEA37CA213DCA2A465F50F8006E2600195D5479F585
:205ACD0033D5CD0713E8034BF80071FA38CAB72059FA34CAEA36CAC5FA34CA47C5CD3558FA
:205AED00E1C12135CA73C5D5FA41CAF533F8062A666FE521E0DFE5CDAA02E805D1C12134A9
:205B0D00CA7E814F3E08B9D29F5B96F680EA36CA2135CA72FA41CAF533F8022A5F56D51121
:205B2D00F0DFD5CDAA02E80518683E082134CA965F799330047B9118047993CBFFEA36CA4C
:205B4D00FA34CAF533F8017EF533CD5158E12135CA73D5FA41CAF533F8042A4F46C501E02C
:205B6D00DFC5CDAA02E805D1FA34CAF800864F3E0891301E3E1091EA36CA2135CA72FA41BD
:205B8D00CAF533F8022A5F56D511F0DFD5CDAA02E805F8007E2134CA867711E0DFD53E01C7
:205BAD00F533FA30CAF533CDB735E8043E072134CA96303ACDEB572134CA7EC6F877FA317F
:205BCD00CAEA33CAFA30CAEA32CA2130CA34200236CCFA34CAB7281211E0DFD53E01F533C5
:205BED00FA30CAF533CDB735E8041E0118521E00184EFA34CAB72816FA31CAEA33CAFA30D7
:205C0D00CAEA32CA2130CA347EB7200236CC79F533F8022A5F56D53E01F533FA30CAF5334D
:205C2D00CD7012E805FA31CAEA33CAFA30CAEA32CA2130CA34200236CC2134CA36001E017E
:205C4D00E803C93B3BFA28C9B72813FA1BC6E630280CFA1CC6E63020052129C93601FA2987
:205C6D00C9B7200D2123C97EB72806351E00C3B360212BCA3AB6206C01A202792127C9868A
:205C8D004F3001040AEA22C9FA42CAEA4ECAFA2AC9EA4FCAFA38CAEA50CAFA28C9EA51CAAC
:205CAD00FA27C9EA52CA212ACA362B2336C9FA24C90F382DFA43CAC621EA2ECAFA44CACE4E
:205CCD0000EA2FCAFA38CA3D200B212ECA7EC611227ECE0077FA2ECAEA2CCAFA2FCAEA2D41
:205CED00CACDFC59212ACA6EFA2BCA674E3E0D91DA4760060021095D090909E9C3335DC380
:205D0D008D5DC3B15DC3175EC36A5EC33F60C3ED5EC35E5FC3875FC3A760C31D60C34760EB
:205D2D00C34760C3A45FAF212ACA22772121C93601FA42CA214ECA9628292142CA4E0600E0
:205D4D00696029094D4421A105092A47EA41CA2A4F7EC533110800D547C51139CAD5CD23B2
:205D6D0013E807FA4FCAEA2AC9FA50CAEA38CAFA51CAEA28C9FA52CAEA27C91E00C3B36050
:205D8D00212ACA3420022334212ACA2A4F460A3DE607EA27C9C6A24F3E02CE00470AEA2230
:205DAD00C9C3A760212ACA3420022334212ACA2A4F460A3D214ECA774E0600696029090166
:205DCD00A105094D44FA39CAF801770AEA41CA6960234E2346F533110800D5C51139CAD5A3
:205DED00CD2313E8072134CA7EB7CAA760E5F803CB4EE1CAA760FA39CACB4FC2A760212CA7
:205E0D00CA34C2A7602334C3A760212ACA3420022334212ACA6EFA2BCA674E06000B7921F9
:205E2D0043CA86234F788E47212ACA3420022334212ACA6EFA2BCA676E26002B2929292905
:205E4D0029094D7C212ECA712377212CCA712377FA34CAB7CAA760CDFC59C3A760212ACA73
:205E6D003420022334212ACA6EFA2BCA674E59AF5791CB7B2807CB7A2008BF1805CB7A2826
:205E8D00013730010D212ACA3420022334212ACA6EFA2BCA676E5DAF5795CB7B2807CB7AC4
:205EAD002008BF1805CB7A28013730012D79079F477D079F672929292929094D4479212CB1
:205ECD00CA86234F788E47212ECA792270212CCA792270FA34CAB7CAA760CDFC59C3A760F4
:205EED002129C97EB7280D36002128C93600FA1BC6EA1CC6FA27C9B7200C212ACA34C2A774
:205F0D00602334C3A760FA1CC606002F4F782F47FA1BC61E00A14F7BA047212ACA342002EF
:205F2D002334212ACA2A5F561A1E00A14F7BA0B1280FFA51CAEA28C9FA1BC6EA1CC6C3A7DD
:205F4D0060212ACA2A5F3A571B7B22721E00C3B360212ACA3420022334212ACA2A4F460AE7
:205F6D000F3007AFF80022771807F8003EFF22AF77F8007EEA2AC9C3A760212ACA3420026A
:205F8D002334212ACA2A4F460A0F3003AF18023E01EA38CAC3A760212CCA2AC6204F7ECEFD
:205FAD0000472145CA2A5F562148CA6E26002929292929197DE6E06F2B7D917C98302DFA7B
:205FCD0049CA67FA48CA6FE5FA47CAF5332145CA2A5F56D51E02210040CD0800E805FA2E58
:205FED00CAEA2CCAFA2FCAEA2DCA1817212ECA2AC6204F7ECE0047212CCA792270212ECAA1
:20600D00792270FA34CAB7CAA760CDFC59C3A760212ECA2AC6204F7ECE0047212CCA79223F
:20602D0070212ECA792270FA34CAB7286DCDFC591868212ACA3420022334212ACA2A4F4643
:20604D000AF533CD5C5A337BB7282CFA32CA212CCA4E2346F533C5CD2E02E803FA38CAB779
:20606D00200A212CCA34200F2334180B212CCA2A5F3A571B7B2272FA34CAB72811FA30CABE
:20608D00212CCA4E2346F533C5CD2E02E803212ACA34200223341E01180C212ACA34C2F14F
:2060AD005C2334C3F15C3333C9E8E6F8237EF80677E5CB56E12805F8254E1803010100F871
:2060CD0007714E06000B69602909294D44F8202A666F094D44F8007D54F808227A322A5F56
:2060ED0056F8227EF533210600E5C5D5CD2313E807F8082A5F566B6223E57DF80C77E17CDC
:20610D00F80B322A5F3A2B2B571A472A5F561A26CB68E5F533CD3D02E803F8067EE602F8BA
:20612D000C223600F8082A5F5621030019E57DF81077E17CF80F77F8082A5F5621020019FB
:20614D00E57DF81277E17CF81177F8082A5F5621050019E57DF81477E17CF81377F8082A66
:20616D005F5621040019E57DF81677E17CF81577F8087EF81677F8097EF81777CDDD16CDC2
:20618D00E0240EC0F0929120072135DA36DF18052135DA36C0210EC53600CDF1131E05211F
:2061AD004A40CD0800CD730ECD00203E28F533FA0EC5F533CDE40CE1FA35DAE092211FDA82
:2061CD0034CD350EFA1BC6F81877FA1CC6F81977E52BCB56E12814E5F81BCB56E1200CF83C
:2061ED00142A5F561AF81977C39B62E5F81ACB5EE12814E5F81BCB5EE1200CF8122A5F56E9
:20620D001AF81977C39B62E5F81ACB4EE12813E5F81BCB4EE1200BF8102A5F561AF819773D
:20622D00186CE5F81ACB46E12813E5F81BCB46E1200BF80E2A5F561AF819771851E5F81AAD
:20624D00CB66E1282CE5F81BCB66E12024F8077EF82496200EF8067EE6012807AFF81822AD
:20626D00771808F8077EF818223600F8185EC30C63E5F81ACB6EE1CA8961E5F81BCB6EE11E
:20628D00C28961F80D3AB6CA89611E001871F8197EB7CA89617EF80777F80A2A5F3A2B2BEC
:2062AD00571A472A5F561A26C468E5F533CD3D02E803F8194E060069602909294D44F82098
:2062CD002A666F094D4479C6FA4F78CEFF47F8162A5F56F8227EF533210600E5C5D5CD23C1
:2062ED0013E807F80A2A5F3A2B2B571A472A5F561A26CB68E5F533CD3D02E803C38961E8D1
:20630D001AC9E8FDF8094E79E601F8002236000600F8013AB62814FA1CC9211DC9962009D9
:20632D00FA1EC9211FC99628020601CB492808FA21C9B720020601FA1BC6F80277211CC648
:20634D007ECB51280EE5F804CB66E12804CB6728020601CB59280EE5F804CB6EE12804CB92
:20636D006F28020601CB61280EFA1BC6B72806FA1CC6B72802060178B72853C5CDE024C189
:20638D001EC0F0929320072135DA36DF18052135DA36C0210EC53600C5CDF1131E05214A00
:2063AD0040CD0800CD730ECD0020C13E28F533FA0EC5F533CDE40CE1FA35DAE092211FDA09
:1163CD0034CD350EC5CDDD16C178B7C21C63E803C911
:0539B3002153CA36009B
:2063DE00E8E5F8217EF80277F8227EF803322A5F56211000193601F8232A4F46CB21CB1004
:2063FE00CB7E281EF8022A5F5621080019E57DF81B77E17CF81A322A5F561A6F131A670943
:20641E0018042198CB097D4CF81922793201B9C02A5F561A5F16006B62291929291929295A
:20643E00094D7CF8047123322B2B2A5F5621120019E57DF80877E17CF807322A5F3A2B2BA9
:20645E00571A4F2A5F566B6223E57DF80A77E17CF80977F8192A5F5621060019E57DF80C49
:20647E0077E17CF80B77F8192A5F5621020019E57DF80E77E17CF80D77F8042A5F562106CA
:20649E000019E57DF81077E17CF80F77F8192A5F5621040019E57DF81277E17CF81177F823
:2064BE00082A5F5621020019E57DF81477E17CF8137779B7C20868F8042A474E6861CBB670
:2064DE00F8042A5F56D51E01213446CD0800E1F8082A5F561A4F131A4779E6F04F3A6E6715
:2064FE00792270F8122A5F561A4F131A4779E6F04F3A6E67792270F80A2A5F561ACB5728B0
:20651E000DF8062A5F561AF6034F3A6E6771F80A2A5F561AF8065E2356F51AF81C77F10F27
:20653E00300DF81A4ECBC1F8062A666F71180BF81A4ECBC9F8062A666F71F80A2A5F561A26
:20655E004FCB49CA2167F8122A5F561AF81922131A77F8082A5F561A47131AF8007023771F
:20657E00F8197EF81577F81A7EF81677CB41CA5066F80C2A5F561A4F131A475950F8007E6A
:20659E00932005237E92283BF8007B96237A9E300511010018031102007BF533C5F8112A3B
:2065BE005F56D5F81A2A5F56D5F8072A5F56D51E0121CA4DCD0800E8094B42F80C2A666F0D
:2065DE00792270F8122A5F3A2B2B571A4F131A472A5F561AF81722131A22792270F8172A7E
:2065FE004F2A477E912006237E90CA2167F819799623789E3004060318020604F80C2A5FBE
:20661E00561A4F131AC533F8185E2356D5F8115E2356D5F81E5E2356D547C51E0121CA4DE2
:20663E00CD0800E8094B42F8102A666F792270C32167F8102A5F561AF81722131A322A23AE
:20665E00322A2377F8157EF819962008F8167EF81A962842F8195D54F8151A1396231A9EC1
:20667E0030043E0318023E04F533F8182A5F56D5F8112A5F56D5F81A2A5F56D5F8072A5F34
:20669E0056D51E0121CA4DCD0800E8094B42F8102A666F792270F8082A5F561A4F131A4739
:2066BE00F80C2A5F561AF81722131A22792270F8172A4F2A477E912005237E902845F81958
:2066DE00799623789E3005010100180301020041F8102A5F561A4F131AC533F8185E235662
:2066FE00D5F8115E2356D547C5F8202A5F56D51E0121CA4DCD0800E8094B42F80C2A666F6D
:20671E00792270F8082A5F561AF81522131A77F80C2A5F561A4F131A47F8157EF818322BCC
:20673E007EF81977F8062A5F561AF81A322B7E912005237E90280DF81A4ECBF1F8062A668B
:20675E006F71180BF81A4ECBC9F8062A666F71F8122A5F2A23571A22131A77F8102A5F56B8
:20677E001A4F131A47F8157EF818322B7EF81977F8062A5F561AF81A322B7E912005237EE5
:20679E0090280DF81A4ECBF9F8062A666F71180BF81A4ECBC1F8062A666F71F8082A5F5628
:2067BE001A4F131A47F80C2A5F561A6F131A677D917C98300DF8062A5F561A4FCBD13A6EF5
:2067DE006771F8122A5F3A2B2B571A4F131A472A5F561A6F131A677D917C98300DF8062AE9
:2067FE005F561A4FCBD93A6E6771F8042A4E6F617E0707D2BB68F8082A5F561AF817221337
:20681E001A77F80C2A5F561A4F131AF8175E235623477BE68022727B917A98301CF8177E94
:20683E00E67F2815F8192A5F56218000194D44F80C2A666F792270180CF80C2A5F56F81937
:20685E002A12137E12F8122A5F561AF81722131A77F8102A5F561A4F131AF8175E235623DD
:20687E00477BE68022727B917A98301CF8177EE67F2815F8192A5F56218000194D44F81062
:20689E002A666F792270180CF8102A5F56F8192A12137E12F8042A474E6861CBB6F8062AA8
:2068BE005F561AF81A77E6414FF8042A5F56210F0019E57DF81677E17CF8157779D641C2AE
:2068DE00BA6AE5F81CCB56E13E0320023E01EA53CAF8142A5F2A571A77FA53CAF81777F896
:2068FE00082A4F46F8172A2259501A22131A77F8176E26002911C419197EC5F81866E5332B
:20691E00F533CD4135E1C1F8192A666F195D5469607B2272030359501AF81922131A322B14
:20693E006E26002911C41919237EC5F81866E533F533CD4135E1C1F8192A666F195D547B1F
:20695E0002037A02F80A2A5F561ACB4FCA276AAFF533F8052A5F56D5F80B2A5F56D5F813DE
:20697E002A5F56D51E0121204BCD0800E8077AB3CA276AF8142A5F561AF81A77FA53CAC6E3
:20699E0002E603F81977F8082A4F46F8197EF8162259501A22131A226E26002911C41919F0
:2069BE007EC5F81C66E533F533CD4135E1C1F8172A666F195D5469607B2272030359501A5E
:2069DE00F81822131A77F8165E1600CB23CB1221C519195D541AC5F81C66E533F533CD4106
:2069FE0035E1C1F8182A666F195D547B02037A02F8062A666F3600F8042A5F56D51E0121AA
:206A1E000646CD0800E1C3786DF8062A5F561ACB6720224FCBE1F8062A666F713E01F53373
:206A3E00FA53CAF533F8062A5F56D51E01216546CD0800E804FA53CAD603201CF8082A5FE6
:206A5E00561A4F131A47F80C2A5F561A6F131A675D547B917A983022FA53CA3D203EF80812
:206A7E002A5F561A4F131A47F80C2A5F561A6F131A675D547993789A38224D44F8082A66F2
:206A9E006F792270F8062A5F3A571ACBCFF52A666FF177E6BE4FF8062A666F71F8062A5F4E
:206ABE00561A4FE682D682C23E6DCB59280511020018031100002153CA73F8142A5F2A5775
:206ADE001A77FA53CAF81777F8082A4F46F8172A2259501A22131A77F8176E26002911C426
:206AFE0019197EC5F81866E533F533CD4135E1C1F8192A666F195D5469607B227203035957
:206B1E00501AF81922131A322B6E26002911C41919237EC5F81866E533F533CD4135E1C16B
:206B3E00F8192A666F195D547B02037A02F80A2A5F561ACB4FCAA96CAFF533F8052A5F56BA
:206B5E00D5F80B2A5F56D5F8132A5F56D51E0121204BCD0800E8077AB3CAA96CF8142A5FBC
:206B7E00561AF81A77FA53CAC602E6034FF8087EF81877F8097EF81977F81171F8182A5FC8
:206B9E00561AF81222131A77F8167922AF323A2B77F8173A2B32CB2623CB162B2A5F56216B
:206BBE00C41919E57DF81877E17CF817322A5F561A77F81A7EF533F8187EF533CD4135E138
:206BDE00F8167B2272F8163A2B77F8173A2B322A5F56F8122A666F19E57DF81877E17CF8AB
:206BFE0017222A5F56F8162A12132A122A5F5621020019E57DF81877E17CF817322A5F5645
:206C1E001AF81422131A77F8117EF81822AF32CB2623CB162B2A5F5621C41919E57DF8144C
:206C3E0077E17CF813322A5F566B6223E57DF81A77E17CF819322A5F561A223A575ED5CD1F
:206C5E004135E1F8197B2272F8197EF81277F81A7EF813322A5F2A572A666F19E57DF81B2B
:206C7E0077E17CF81A77F8162A5F2A23572A12137E12F8062A666F3600F8042A5F56D51E7E
:206C9E0001210646CD0800E1C3786DF8062A5F561ACB6F20224FCBE9F8062A666F713E01E7
:206CBE00F533FA53CAF533F8062A5F56D51E01216546CD0800E804FA53CAD602201DF812BB
:206CDE002A5F3A2B2B571A4F131A472A5F561A6F131A675D547B917A983023FA53CAB7203D
:206CFE003FF8122A5F3A2B2B571A4F131A472A5F561A6F131A675D547993789A38224D442A
:206D1E00F8122A666F792270F8062A5F3A571ACBC7F52A666FF177E67D4FF8062A666F7101
:206D3E00F8062A5F561AE6C02018F8062A666F3600F8042A5F56D51E01210646CD0800E13B
:206D5E001818F8022A5F561A4F131A4779C6FD4F78CEFF473A6E67792270E81BC9F8082A08
:206D7E004F46CB21CB10CB7E280FF8062A5F56210800192A666F0918042198CB094D440AAE
:206D9E004F060069602909292909292911B9C019CBF6C9F8082A4F46CB21CB10CB7E280FA5
:206DBE00F8062A5F56210800192A666F0918042198CB095D5401B9C01A5F16006B6229191C
:206DDE002929192929095D547993200A789220067B626FCB96C96B62CB9ED51E0121DB41DB
:206DFE00CD0800E1C9F8082A4F46CB21CB10CB7E280FF8062A5F56210800192A666F0918B1
:206E1E00042198CB095D5401B9C01A5F16006B6229192929192929095D5479932009789244
:206E3E0020051AF60412C96B62CBDED51E01216A40CD0800E1C9F8082A4F46CB21CB10CB1B
:206E5E007E280FF8062A5F56210800192A666F0918042198CB094D440A4F060069602909A4
:206E7E00292909292911B9C019012B00092ACB7EC0F5331E02211A50CD080033C9F8082A6E
:206E9E004F46CB21CB10CB7E280FF8062A5F56210800192A666F0918042198CB094D440A8D
:206EBE004F060069602909292909292911B9C0194D44AFF533F80B7EF533C51E0121654653
:206EDE00CD0800E804C9E8FCF80A2A5F2A572A4F46CB21CB10210800193333E5F80DCB7EB9
:206EFE00280AD1D51A6F131A670918042198CB097D4CF8022271F80E2A4F46CB21CB10CB20
:206F1E007E280BD1D51A6F131A67094D18052198CB094D694EF8022A5F561A5F16006B62A6
:206F3E002919292919292911B9C0195D5421100019712112001945CB21680600094D44039D
:206F5E000A3C46F533C533D51E01216245CD0800E808C9E8FAF80E2A4F46CB21CB10CB7E66
:206F7E00280FF80C2A5F56210800192A666F0918042198CB097D4CF800227101B9C0D1D572
:206F9E001A5F16006B6229192929192929094D7CF8027123322A4F4603E1E523232A6E5F21
:206FBE00557B02037A02F8022A5F5621030019E57DF80677E17CF80577D1D5210400192A96
:206FDE004F46F8042A666F792270E806C9E8FCF80C2A4F46CB21CB10CB7E280FF80A2A5FC8
:206FFE0056210800192A666F0918042198CB097D4CF800227101B9C0D1D51A5F16006B625A
:20701E0029192929192929094D7CF802712377C1C503033A6E67232A6E5F557B02037A0276
:20703E00D1D5210400194D44F8022A666F2323232A6E5F557B02037A02E804C9E8FCF80A78
:20705E002A5F2A572A4F46CB21CB10210800193333E5F80DCB7E280AD1D51A6F131A6709A9
:20707E0018042198CB095D5401B9C01A5F16006B6229192929192929094D7CF802712377EC
:20709E00F80E2A4F46CB21CB10CB7E280CD1D51A6F131A67094D4418062198CB094D44F838
:2070BE00022A5F56210500195D541A5F16007B02037A02E804C9E8FCF80A2A5F2A572A4F38
:2070DE0046CB21CB10210800193333E5F80DCB7E280AD1D51A6F131A670918042198CB0903
:2070FE005D5401B9C01A5F16006B6229192929192929094D7CF802712377F80E2A4F46CB85
:20711E0021CB10CB7E280CD1D51A6F131A67094D4418062198CB094D44F8022A5F56210540
:20713E0000195D541A5F21CC191600195E16007B02037A02E804C9E8FAF80C2A4F462112BC
:20715E00000933335D54D51AB7C2E971F80E7EF80277F80F7EF80332CB2623CB16F80FCBC1
:20717E007E281C210800095D541AF80422131A77F8042A5F56F8022A666F195D7C180B1176
:20719E0098CBF8022A666F195D7CF804732377E1E53601F8042A5F561A5F16006B62291904
:2071BE00292919292911B9C0195D54210BC57B2272210DC53601C5F8122AF5332A5F56D5A1
:2071DE001E0421C74FCD0800E803C1FA0DC5D63C200CE1E53600AF210BC52277181A211015
:2071FE0000093601210DC53469602A66C6FA5F7CCEFF577B02037A02E806C9F8082A4F4680
:20721E00CB21CB10CB7E280FF8062A5F56210800192A666F0918042198CB094D440A4F0649
:20723E000069602909292909292911B9C0194D44210600095D54F80A7E12210700095D54FF
:20725E00F80B7E12210800095D54F80C7E12210900094D44F80D7E02C93B3BF80A2A4F46BD
:20727E00CB21CB10CB7E280FF8082A5F56210800192A666F0918042198CB094D440A4F06E7
:20729E000069602909292909292911B9C0194D44210A00097EC5F80E66E533F8105E23561A
:2072BE00D5F5331E0421A345CD0800E804C1212200095D54F80C7E12212300095D54F80D72
:2072DE007EF80077F80E7EF801322A12137E1221120009C5E5110000D5F8122AF5332A5F64
:2072FE0056D5CD2415E807C121060009C5E5F8102AF5332A5F56D51E04210146CD0800E860
:20731E0005C1211200095D54211000097E876F2600195D54131A3C56F533D533C51E01210A
:20733E006245CD0800E806C93B3BF80A2A4F46CB21CB10CB7E280FF8082A5F56210800195D
:20735E002A666F0918042198CB095D5401B9C01A5F16006B6229192929192929094D44330B
:20737E0033C5F80E2A4F2A4703036E260029292929094D44D1D5210A00195D541AF80C86F0
:20739E002366E533C5F81466E533F533CD8C12E807C9F8082A4F46CB21CB10CB7E280FF896
:2073BE00062A5F56210800192A666F0918042198CB094D440A4F0600696029092929092968
:2073DE002911B9C019010E00094D44F80A7E02C9F8082A4F46CB21CB10CB7E280FF8062AA1
:2073FE005F56210800192A666F0918042198CB094D440A4F0600696029092929092929111E
:20741E00B9C019010F00094D44F80A7E02C9F8082A4F46CB21CB10CB7E280FF8062A5F56E4
:20743E00210800192A666F0918042198CB094D440A5F16006B622919292919292911B9C0D5
:20745E001903030AF533E51E0121B645CD0800E803C9F8082A4F46CB21CB10CB7E280FF816
:20747E00062A5F56210800192A666F0918042198CB094D440A5F16006B6229192929192963
:20749E002911B9C0190303C5E51E0121F345CD0800E1C116007B02037A02C9E8FDF80B2A76
:2074BE004F46CB21CB10CB7E280FF8092A5F56210800192A666F0918042198CB094D440A64
:2074DE004F060069602909292909292911B9C0194D44211200093333E5212200097EF80212
:2074FE0077212300092A6E5F55C5F8022A666FE5F8112A666FE5F8087EF533D5CD2415E865
:20751E0007C1211200095D54211000097E876F2600195D54131A3C56F533D533C51E012106
:20753E006245CD0800E807C9E8FBF80B2A5F2A572A4F46CB21CB10210800193333E5F80EF0
:20755E00CB7E280AD1D51A6F131A670918042198CB095D5401B9C01A5F16006B622919292B
:20757E0029192929094D7CF802712377F80F2A4F46CB21CB10CB7E280AD1D51A6F131A67B7
:20759E000918042198CB097EE5F80677E123232A4F46F8022A5F56210A00195D541AC5F8B8
:2075BE000666E533C5F5331E0421A345CD0800E804C1F8022A5F56212200195D54F8047E2F
:2075DE00126B622379582273F8022A5F56211200195D54C5D5110000D5F80A7EF533C5CD95
:2075FE002415E807C1F8022A5F5621060019E5F8067EF533C51E04210146CD0800E805F8D9
:20761E00022A5F56211200194D44F8022A5F56211000195D541A876F2600094D44030A3CA1
:20763E0046F533C533F8042A5F56D51E01216245CD0800E809C93B3BF80A2A4F46CB21CBB2
:20765E0010CB7E280FF8082A5F56210800192A666F0918042198CB094E0600696029092932
:20767E00290929297DC6B94F7CCEC0F800712377F80D4ECB412810D1D5F80C7EE60107E67D
:20769E00026F1AE6FDB512CB492812D1D5F80C7E0FE6010707E6046F1AE6FBB512CB5128BE
:2076BE0011D1D5F80C7E0F0FCB37E6106F1AE6EFB512CB592815D1D5F80C7E0F0F0FE6019B
:2076DE00CB3707E6206F1AE6DFB512CB612812C1C5F80C7ECB37E6010FE6806F0AE67FB509
:0476FE00023333C957
:020000040001F9
:20C2C200E8FAF80C7EF80077F80D7EF80177D1D5211000193601F80E2A4F46CB21CB10CB18
:20C2E2007E281BD1D521080019E57DF80677E17CF805322A5F561A6F131A67091804219856
:20C30200CB094D442122C57EE6FC7759501AF80222131A770303FA1AC5F80296202FFA1B81
:20C32200C5F80396202759501AF80422131A77FA1CC5F804962016FA1DC5F80596200EF8A1
:20C34200117EE6032122C54EB177C31244FA1FDAF810A6C2FE43F8025D54211AC51A1396BA
:20C36200231A9E1A57CB7E2807CB7A2008BF1805CB7A280137300D211AC52A5F3A571B7B1C
:20C3820022721827111AC5F8021A1396231A9E1A57CB7E2807CB7A2008BF1805CB7A2801A0
:20C3A200373008211AC5342002233469602A4F46211CC5799623789E7857CB7E2807CB7A01
:20C3C2002008BF1805CB7A280137300D211CC52A5F3A571B7B22721823211CC52A917E9821
:20C3E2005678CB7F2807CB7A2008BF1805CB7A2801373008211CC53420022334D1D51A4F10
:20C40200131A4779C6FB4F78CEFF47E1E5792270E806C9F8082A4F46CB21CB10CB7E280F03
:20C42200F8062A5F56210800192A666F0918042198CB094D4459501A211AC522131A77030D
:20C442000359501A211CC522131A772122C57EE6FC771E05214A40C30800E8F9F80F7EB7B7
:20C4620028172B2B2A4F46210800092A4F4621A3C02A5F567B02037A02FAA3C0F80277FA4E
:20C48200A4C0F80377F80D7EF80477F80E7EF805322A5F56210800192A4F66692A4F46F8FB
:20C4A200022A5F3A2B577B915F7A983273F8102A4F4659501AF80222131A77F8005D54F826
:20C4C200021A1396231A9E307A03036960233ACB462830C5CD84347BC1E60FF806775E3EEF
:20C4E2000A5796CB7B2807CB7A2008BF1805CB7A2801373006F8067EC6F677F8067EC6FBBE
:20C50200EAE0C769602A4F7ECB492828CD84347BE60F4F593E0A5791CB7B2807CB7A2008B5
:20C52200BF1805CB7A280137300479C6F64F79C6FBEAE1C7F8042A5F562110001936011E7A
:12C5420000180C21E1C7360021E0C736001E01E807C9EF
:2092BB00F8087EEA2EDAB72807F040F602E040C9F040E6FDE040C9FA1BC6211CC69628078D
:2092DB00FA1BC6F808A6C0F8062A4F462110000936016960233A5E571B1B7B02037A02C92E
:2092FB0001C0C5F8087E3D5F077BE6076F26005D54292919094D4459501313F8092A1203EA
:20931B0003032A5F567B02037A02C901E8C5F8085E7BB7C8CB432804F8097E02CB3B0318A6
:20933B00F001E8C5F8085E7BB7C8CB432802AF02CB3B0318F2F8082A4F46CB21CB10CB7E51
:20935B00280FF8062A5F56210800192A666F0918042198CB094D44F80A5E2117C6160019CD
:20937B005E16007B02037A02C9F8084678E6010E00CB482813B128081E07218841C30800DD
:20939B001E0721DF40C30800B128081E0721A241C308001E07210041C3080001F0C5F808A5
:2093BB007E3D5F077BE6036F26005D54292919094D4459501313F8092A120303032A5F56CE
:2093DB007B02037A02C90104C6F8087E3D5F077BE6036F260029094D44F8097E02037E0201
:2093FB00C90104C6F8087E3D5F077BE6036F260029093600C90104C6F8087E3D5F077BE626
:20941B00036F260029094D44037E02C9E8FAF80C2A5F2A572A4F46CB21CB1021080019339F
:20943B0033E5F80FCB7E280AD1D51A6F131A670918042198CB097D4CF8022271F8102A4F2B
:20945B0046CB21CB10CB7E280BD1D51A6F131A67094D18052198CB094D44F804792270F815
:20947B00122A4F46CB21CB10CB7E280AD1D51A6F131A670918042198CB097EF533FA32C5B2
:20949B00F533CD5D35E14B42F8042A5F561A26006F094D442129C55679212AC586234F783A
:2094BB008E47D533C5CD0713E8034B0600F8022A666F792270E806C9E8FCF80A2A5F56F854
:2094DB00112A4F46CB21CB1021080019E57DF80477E17CF80377F812CB7E280DF8022A5FE9
:2094FB00561A6F131A670918042198CB097D4CF8002271F80C2A4F46CB21CB10CB7E280ECF
:20951B00F8022A5F561A6F131A67094D18052198CB094D7CF802712377F80F2A4F460303A0
:20953B00D1D51A6F131A6729292929094D44F8022A5F561AF80E66E533C5F81666E533F552
:20955B0033CD7012E809C9E8F9F80D7EF80277F80E7EF80377F80F2A4F46CB21CB10F80262
:20957B002A5F56210800193333E5F810CB7E280AD1D51A6F131A670918042198CB097D4CA3
:20959B00F8042271F8112A4F46CB21CB10CB7E280BD1D51A6F131A67094D18052198CB0953
:2095BB004D44F8135ECB432820FA1BC6211CC6962817F8042A666F3E01223600211BC65E9B
:2095DB0016007B02037A02184DCB4B2826C51E08219341CD08007BC1F80677B728152B3AD6
:2095FB006E673E02223600F8065E16007B02037A021823F8022A5F56211000193601F802E6
:20961B002A5F561A4F131A4779C6FA4F78CEFF473A6E67792270E807C9F8087EB72807F039
:20963B0040F604E040C9F040E6FBE040C9E8FDF8102A4F46CB21CB10CB7E280FF8092A5F75
:20965B0056210800192A666F0918042198CB094EC5F80E7EF533FA32C5F533CD5D35E1C1CD
:20967B00F80B7E0600835F788A572129C5467B212AC586235F7A8E57C533D5CD0713E80327
:20969B0043F80070F80E2A5F56692600131329292929194D5CFA3CC5D605205978D68030B7
:2096BB002E3E09F80C963008F801AF2236801806F801AF223690F8006E2600292929297D6D
:2096DB0054D55FF8032A666F19D1457C681811780600C6806F78CEFF67292929297CC68864
:2096FB00435DF80D66E533211000E5C557D5CD3F13E8071813F80D7EF5335359D53E01F58C
:20971B0033C533CD7012E805E803C92120C84ECBA9F8087EB7280BCBE92120C87121004051
:20973B0071C92120C87121004071C9F80A2AF5332A5F56D5F80C3A575ED5CD7012E805C9EA
:20975B00E8F7F8112A4F46CB21CB10CB7E2810F80F2A5F56210800192A666F094D18052144
:20977B0098CB094D440AF80377F8142A4F460303F8007D54F804227A322A5F56F8137EF594
:20979B0033C5D5CDE012E805F8042A5F561AF80877F8042A4F46036960233A5E57F8087EB2
:2097BB00F533D5CD0713E803F8067B227A322B2B2A5F561AF8087769602A4F460303F80626
:1397DB002A2366E533C5F533F8077EF533CD7012E80EC910
:020000040002F8
:2001E2003BF8092A4F46CB21CB10CB7E280FF8072A5F56210800192A666F0918042198CBF3
:20020200094D44F0FFF800777ECB9FF533CDBB0133C5F80D7EF5331E0621B544CD08003362
:20022200C116007B02037A02F8007EF533CDBB01E1C93BF8092A4F46CB21CB10CB7E280FD6
:20024200F8072A5F56210800192A666F0918042198CB094D44F0FFF800777ECB9FF533CDFF
:20026200BB0133C5F80F3A573A5FD57EF5331E0621D744CD0800E803C116007B02037A0229
:0A028200F8007EF533CDBB01E1C9A1
:020000040000FA
:20035F00CA410202F4410201000000003D4002027F4002011C3202062F420205B228020446
:20037F00BC420202DE4002035B410201000000003F430206B5290206F14402089B47020205
:20039F00494702026748020194480204F5480204DA2A02006B440202C4440202B94902000A
:2003BF002149020435460208C5490204F84902042C4A02046E4A02049A4A0204C64A020494
:2003DF00054B02030E4B02041A4B0202464B0208CB4B0200DA4B0200ED4B02022F4C02044A
:2003FF00AA4C0204AE490201254D020210480202863202036345070954450701DE630102BC
:20041F00B16D01029B6E0103036E0102E46E0104716F010255710105197201067772010594
:20043F0046730108EB6F0102000000005A700104B0730103EE730103547601045D260501CB
:20045F001847050265470502000000007F47050210480503394905049148050687490504EF
:20047F004657060500000000A24A05014B4B0502D34A0505544805050E4B05065B57060538
:20049F00BB520601D25206012653060250530603FB520604C94B050984530601B653060467
:2004BF00E153060227540606D35406086255060534560601485606073C5306012B47070414
:2004DF006F47070091470701F847070100000000C7470704FE470705EE47070278430800AE
:2004FF00FD4308000B44080016440800EE570601015806050000000000000000C24207041D
:20051F0015440702FC53060110540601546E01022C740102544D0206994D0206CA49070080
:20053F00D24907033B4A0703A34A070171480702000000000F260100265706018C4208039E
:20055F00CD4208040000000070740102B97401044B470501D4700104467501047B6D0102BC
:14057F00E545070587460705D04C0504E24108033442080583
:020000040001F9
:20C55400F8087EF5331E0621114ACD080033C9E8FCF80A2A5F2A572A4F46CB21CB10210811
:20C5740000193333E5F80DCB7E280AD1D51A6F131A670918042198CB097D4CF8022271F800
:20C594000E2A4F46CB21CB10CB7E280BD1D51A6F131A67094D18052198CB094D44F811CB4F
:20C5B4007E28042BAF2277C5F8142A5F56D5F8142A5F56D5F81A7EF5331E0621424ACD08A7
:20C5D40000E8074B0600F8022A666F792270E804C9E8FCF80A2A5F2A572A4F46CB21CB10D8
:20C5F40021080019E57DF80477E17CF80377F80DCB7E280DF8022A5F561A6F131A670918A7
:20C61400042198CB097D4CF8002271F80E2A4F46CB21CB10CB7E280EF8022A5F561A6F13A1
:20C634001A67094D18052198CB094D44D1D51AF80222131A770A4F21C4180600094EF81099
:20C654005E3E079347041802CB290520FB79079F47D5C5F8062A4F46C5CD6935E8044B42B1
:20C67400D11C1804CB28CB191D20F9E1E5792270E804C9E8FCF80A2A5F2A572A4F46CB216F
:20C69400CB1021080019E57DF80477E17CF80377F80DCB7E280DF8022A5F561A6F131A674C
:20C6B4000918042198CB097D4CF8002271F80E2A4F46CB21CB10CB7E280EF8022A5F561A62
:20C6D4006F131A67094D18052198CB094D44D1D51AF80222131A770AC6404F21C4180600D0
:20C6F400094EF8105E3E079347041802CB290520FB79079F47D5C5F8062A4F46C5CD69352B
:20C71400E8044B42D11C1804CB28CB191D20F9E1E5792270E804C93B3B2146C63600F80B14
:20C734002A4F3A2B477EF8007759502A77FA3DC6F80096200C2142C67E912005237E90281C
:20C7540017213DC636FF2142C67B22722140C67B2272F8017EEA3DC63333C9213DC636FFFB
:20C77400AFE021AFE01CAFE017AFE0123EC0E0233EC0E0193EC0E0143EFFE025C9F8087E90
:20C79400EA46C6EADED94F0F3007AFE0123EC0E014CB492807AFE0173EC0E019CB5128039F
:20C7B400AFE01CCB592807AFE0213EC0E0233EFFE025C90129C6F8087EE6036F26005D540E
:20C7D400292919094D4459501313F8092A120303032A5F567B02037A02C9F8087EF533CD14
:20C7F400FC0533C9F8087EE024C93B3BF80E7EF80077F80D3A2B5E23562B2B4EF801327EE6
:20C814002147C696385421F1C736FFF8007EEA47C6FA3FC6470F3007AFE0123EC0E014CB4F
:20C83400482807AFE0173EC0E019CB502803AFE01CCB582807AFE0213EC0E0233EFFE0259A
:20C85400F8017EEA3FC621F1C736FF21F4C7360021F2C77B227221F1C7713333C9E8F4F808
:20C87400127EF80077F8137EF80122C1C503030A77F8157EF80B777EE601F80377F80B7E97
:20C89400E602F80477F80B7EE604F80577D1D51AF80A22131A327EF80677F80B7EF807771D
:20C8B400F8047EB7280A11A0DFF80A7B22721808114BC6F80A7B2272F80A2A4F46F8147EC2
:20C8D400F808322B7EF809322B7EF80A223600F8087EB7CABD49E5CB46E1CAAB49F8097E1A
:20C8F400F80677F80A7EF80777FA1EC8B720073E01F80B96301B5950C5F8047EF53321089F
:20C9140000E5F80B2A666FE5D5CD2313E807C11873F8062A5F56F80B7EB72808F80B7E3D21
:20C9340028441860F8027EF533D5CD0713E803F806732A77F8047EB7281223231148C67E58
:20C9540012F8037EB72805F8067EE047F8057EB7283223231149C67E12F8037EB72825F8BA
:20C97400077EE048181EF8057EB72818F8027EF533D5CD0713E803214AC673F8037EB7280B
:20C99400037BE049F8092A5F5621080019E57DF80B77E17CF80A77210800094D44F80B340E
:16C9B400F8087ECB3F77C3E348F8092A4F46E1E5792270E80CC932
:020000040002F8
:20028C00F8092A4F46CB21CB10CB7E280FF8062A5F56210800192A666F0918042198CB097B
:2002AC004D442106000956210400097ED533F533C5F80C7EF5331E0621304BCD0800E8054E
:2002CC00C9E8F9F80F4E06006960292909290929090158C7094D7CF8037123772126C5463B
:2002EC002127C52A666F111D00195D54F800D57D54F807227A32D12A4F7EC533D547C5CD15
:20030C00E012E805F8112A5F56F8032A4F46F8107EF533211700E5D5C5CD2313E807F803FE
:20032C002A5F56210400194D44F8052A5F3A571A5E23666B23F52A666FF15D54C52138C5E4
:20034C0066E533F533D5CD5B13E8064BF8032A5F56210800195D54792138C59630092180CE
:0C036C00C50600097E1801AF12E807C9A1
:020000040001F9
:20C9CA0021006036003601C93B3BF80A2A4F46CB21CB10CB7E280FF8082A5F5621080019F7
:20C9EA002A666F0918042198CB097D4CF8002271F80C7EE603C608F52120C87EE6F04FF15D
:20CA0A00F5E60FB14FF171210040712100A04E0600D60B20142120C87EE6F0F60C77EA0004
:20CA2A0040FA00A00F3002CBC0E1E57922703333C93BF8092A4F46CB21CB10CB7E2810F80B
:20CA4A00072A5F56210800192A666F094D18052198CB094D692A4F46F80B7EE603C608F800
:20CA6A000077FA20C8E6F05FF8007EE60FB3EA20C8EA00402100A071F8007ED60B20182122
:20CA8A0020C87EE6F0F60C77EA00402100A07EE60E5F78E601B37733C9F8084E2120C87EC1
:1CCAAA00E6F0F60C77EA004079B728082100A07EE6BF77C92100A07EF64077C9BE
:020000040002F8
:200378001126C5217EC52A4F46210300E5D5C5CD6D37E80611BAC0217EC52A4F460303038D
:20039800210400E5D5C5CD6D37E806217EC52A4F462107000901BEC00A77217EC57EC6083E
:2003B800227ECE0077C92192CB36022193CB36032194CB3601217EC52A5F567B6AEA95CBE0
:2003D8007DEA96CB131313010400C5D511BAC0D5CD6D37E80601BEC0217EC52A5F562107BC
:2003F80000197E02C9217EC57EC6F8227ECEFF77C3BE43217EC5363E2336C5C3BE43217EE2
:07041800C5363E2336C5C9BD
:020000040000FA
:20260F003BF090F80077F8072A4F46595013131AE0901AEA002069602A666FE5CD5C0DE182
:20262F0069602A666F7EE6035F16007B87CB1287CB1287CB1287CB12855F7A8C577B02031B
:0E264F007A02F8007EE0901100207E1233C95E
:020000040001F9
:2097EE002132DA360FF8087E21F5C777D602CA1D02C9C9E8EBFAF5C7B720082132DA360FEA
:20980E00C3575BFA32DAD60F20052132DA3600FA32DAF814773E20F821963E0017F80077F8
:20982E00F81E7E07E601F80177F81B7EF80277F81C7EF80377F81D7EF80477F81E7EF8058B
:20984E0032CB2623CB16FA32DAF602F80677FA32DAF604F80777F8207E07E601F80877F8F7
:20986E001F7EF80977F8207EF80A32CB2623CB16F8147EE601F80B223600F8022A5F562140
:20988E00080019E57DF80F77E17CF80E77F8147EE602F80F223600F8147EE604F81122AFC0
:2098AE0022233AE608223600FAF5C73D280BFAF5C7D602CAC159C3165BF80C3AB62078F885
:2098CE00007EB72804F82136202119C83600211DC83600F8017EB72814F80D2A5F561A4F7F
:2098EE00131A47F8042A666F094D44180B0198CBF8042A666F094D44F8215E1600D5C511FD
:20990E00F6C7D5CD6D37E806211BC836F62336C7F8217EEA1AC8211FC63600F533CD0A0258
:20992E0033FA1AC8B73E012801AFEA1DC82132DA7EF60177C3165BF8103AB62010FA1DC819
:20994E00B7CA165BF8067EEA32DAC3165BF8123AB62010FA19C8B7CA165BF8077EEA32DAF7
:20996E00C3165BF8143AB6C2165BF8007EB72804F8213620F8087EB72814F80D2A5F561A3F
:20998E004F131A47F8092A666F094D44180B0198CBF8092A666F094D44F8215E1600D511C8
:2099AE00F6C7D5C5CD6D37E8062132DA7EF60877C3165BF8123AB620132119C83600211DEC
:2099CE00C83600F8077EEA32DAC3165BF8143AB6C2605AFA19C8B7CA165BF8007EB7280436
:2099EE00F8213620F8087EB72821F80D2A5F561AF81322131A322A5F56F8092A666F19E505
:209A0E007DF81377E17CF81277181B1198CBF8092A666F19E57DF81577E17CF814323A2BB5
:209A2E0077F8143A2B77F8112A23322A2377F8217EF81122AF322A5F2A57D511F6C7D52A1E
:209A4E005F56D5CD6D37E8062132DA7EF60877C3165BF80C3AB6C2045BF8007EB72804F855
:209A6E00213620F8017EB72821F80D2A5F561AF81322131A322A5F56F8042A666F19E57D0B
:209A8E00F81377E17CF81277181B1198CBF8042A666F19E57DF81577E17CF814323A2B7740
:209AAE00F8143A2B77F8112A23322A2377F8217EF8112236002B5E235623D55E2356D511B5
:209ACE00F6C7D5CD6D37E806211BC836F62336C7F8217EEA1AC8211FC63600F533CD0A0297
:209AEE0033FA1AC8B73E012801AFEA1DC82132DA7EF601771812F8103AB6200CFA1DC8B7AF
:209B0E002806F8067EEA32DAFA32DAD60F283AF8022A5F561A4F131A4711060079935F789A
:209B2E009AF8143273F8022A5F56F8132A12137E12F8022A5F5621100019E57DF81577E11F
:0C9B4E007CF814322A666F3601E815C955
:020000040000FA
:01398C000F2B
:020000040002F8
:20041F00C5F8082A5F2A572A4F46C57A873805CD584418161F2F577B2F5F132154CA7EB760
:20043F002801353E2D0203CD58446069D17A2F577B2F5F1319545DC1C9C52157CAAF323242
:20045F00770610CB23CB127E8F27227E8F27227E8F27322B0520ECC1FA54CAD605380F28B4
:20047F000D573E3002031520FB3E05EA54CAFA54CAB728023E01571E302157CA3AE60F823B
:20049F002811928316010203FA54CAB72805FE0530010B7ECB37E60F82281192831601023A
:2004BF0003FA54CAB72805FE0430010B3AE60F822811928316010203FA54CAB72805FE03C8
:2004DF0030010B7ECB37E60F82280F92830203FA54CAB72805FE0230010B7EE60F83020346
:0304FF00AF02C980
:020000040000FA
:20265D00E8F0F090F80077F8167EF80177F8177EF802322A4F4603030AE0900AEA0020F896
:20267D00012A5F561A4F131A47F80C792270F8187E1E0087CB136F6309E57DF80577E17C52
:20269D00F80477F80E362B2336C9F8012A5F5621080019E57DF80777E17CF80677F8032A38
:2026BD005F561AF80777F8032A5F566B6223E57DF80A77E17CF809322B7EB7CA9428F80E97
:2026DD002A5F566B6223E57DF80C77E17CF80B77F8077ED625C25528F80C2A5F561A6F1324
:2026FD001A674D44CB21CB10CB7C280DF8052A5F561A6F131A670918042198CB095D541AF2
:20271D00F80322131A77F8082A4F460A5F696023E57DF80A77E17CF809777BFE25CA302857
:20273D00D644281DF8037EF809777BFE63CAE827FE642855FE66CA1728D674CAFD27C335FB
:20275D0028F8082A4F460AC6D0EA54CAF80E2A5F56D5F8052A5F56D51E08211F44CD0800E3
:20277D00E804FA38CAB7280CD5F8102A666FE5CDEF35E1D11600F80E2A666F19E57DF81067
:20279D0077E17CF80F77C378282154CA3600F80E2A5F56D5F8052A5F56D51E08211F44CD10
:2027BD000800E804FA38CAB7280CD5F8102A666FE5CDEF35E1D11600F80E2A666F19E57D27
:2027DD00F81077E17CF80F77C37828F80E2A5F56F8092A127EF80E77F80B7EF80F77187B70
:2027FD00F80E2A666F3601F80A2A5F3A2B577E3C3C1213F80E7B22721861F80E2A666F3655
:20281D0002F80A2A5F3A2B577E3C1213F80E7B22721848F8082A4F4659501B1A4F13F80304
:20283D007B2272F80E2A666F71F80A7EF80E77F80B7EF80F77C3BA26F8072A4F7EF80377EF
:20285D00F8097EF80477F80E2A666F71F80A7EF80E77F80B7EF80F77C3BA2603F8037922BB
:20287D0070F80C2A5F5621020019E57DF80E77E17CF80D77C3BA26F80E2A666F3600F8001E
:15289D007EE0901100202A122A5F56F8082A12137E12E810C94C
:020000040001F9
:20471800FA1BC6EA1CC6F8087EEA24C92129C936002123C936002121C93600F8097EFE3407
:20473800D0C6CC2600E533F5331E0121305ACD0800E1C9F8087EB7280ACD65022143CA7B0C
:204758002272C9CD6D022143CA7B2272C9F8093A8787874F7E878787211FC971211EC9717D
:20477800EA1DC9EA1CC9C9F8087EB7280E237EF5331E01210F63CD080033C90E00F80946AD
:20479800CB402814FA1CC9211DC9962009FA1EC9211FC99628020E01CB482808FA21C9B77E
:2047B80020020E01FA1BC6211CC65ECB50280ACB672804CB6328020E01CB58280ACB6F28AB
:2047D80004CB6B28020E01CB60280EFA1BC6B72806FA1CC6B728020E0179B7C8F8062A4FF2
:2047F8004621100009360169602A66C6FD5F7CCEFF577B02037A02C9F80A7E3C2008FA2507
:20481800C9F80A77180DF80A7ED6FE2006FA26C9F80A77F80A3A4F3A878787477E87878789
:204838005F211FC970211DC97379D6FD2009211EC970211CC973C92120C971C9CD6502F86F
:20485800096E26002929292929194D44F8086E2600095D542145CA7B2272F80A7EEA47CA24
:20487800F80B7EEA48CAF80C7EB7280501C900180301CA002149CA71C9F80C7EB72804AF0B
:204898006F18043EFF2E00EA2AC9F80D7EF5E6024F0600F10F3047C5F80D3A573A5FD53AFE
:2048B800575ED51E01218D59CD0800E804C178B1C8F80B3A5715153A4F0D0D3A3C4604F8A4
:2048D8000C66E533D53361E533F533C533F80B2A5F56D51E05215448CD0800E807C9F80C6D
:2048F8007EB7280511C900180311CA007BF533F80C3A573A5FD53A575ED5CD7234E805782C
:20491800B1C8F80C3A573A5FD53A573A5FD53A2BF5332A5F56D51E05215448CD0800E8071F
:20493800C9F8087ED614302D237ED61230273E12962B473E1496F80B66E533F80B6668E57A
:20495800F533AF0FF5F80C2A5F56D51E05219148CD0800E808F8093A8787874F7E87878798
:20497800211FC971211EC971EA1DC9EA1CC9C9E8F7F80F7EF80077F8107EF80177F8112AC8
:204998004F46CB21CB10CB7E281BD1D521080019E57DF80977E17CF808322A5F561A6F134B
:2049B8001A670918042198CB097D4CF8072279327EF80277F8087EF80377F8147EB7CA72BB
:2049D8004AF8072A5F561AF80422131A77F8147EF807223600F8075D54F8041A1396231A2E
:2049F8009E1A57CB7E2807CB7A2008BF1805CB7A2801373E0017F80677B72806232A4F4699
:204A18001805F8042A4F4679D60178173F1FDE803009F8073E0122AF771811F8067EB720D0
:204A38000BF8047EF807322B7EF80877F8074ED1D513131A47D1D51A6F131A5D5779F5335D
:204A5800F8153AF5337EF533C533D51E0121B660CD0800E8064B06001803010000F8022AB2
:204A7800666F792270D1D51AF80722131A77F8144E060069602909294D44F8072A666F099D
:204A98004D44E1E5792270E809C9F8084E2142CA7106006960290901A105094D440AEA417F
:204AB800CA6960232A4F46FA41CAF533110800D5C51139CAD5CD2313E807C9CD6502F809B0
:204AD8006E26002929292929194D44F8086E2600094D44F80C7EB7280511C900180311CA4F
:204AF800007BF533F80C3A575ED5C51E02210040CD0800E805C9FA32C5F533F80E7EF5339D
:204B1800CD5D35E1F80C7E0600834F788A4779212AC586234F788E47F80B3A573A5FD53A90
:204B3800575ED5FA32C567FA29C56FE5C5CDDA22E808C9E8FDF80B2A4F46CB21CB10CB7E41
:204B5800280FF8092A5F56210800192A666F0918042198CB094D44210A00097EC52132C513
:204B780066E533F533CD5D35E1C1210800096E2600195D54210600097EF80077210400099B
:204B98007EF80177696023237EF802770A4F212AC52A835F7E8A57F8002AF5332AF533465B
:204BB800C5FA32C567FA29C56FE5D5CDDA22E80BC9E8F4F8122A5F56F8162A4F46CB21CBE1
:204BD8001021080019E57DF80C77E17CF80B77F817CB7E280DF80A2A5F561A6F131A670923
:204BF80018042198CB097EF80377F8182A4F46CB21CB10CB7E280DF80A2A5F561A6F131A59
:204C1800670918042198CB097EF80477F81A7EF80577F81B2A4F465950F8057EF533D5CDAE
:204C38000713E803F8067B325950137EF533D5CD0713E803F80773F8147EF80877F8157EA5
:204C5800F80932CB2623CB16F815CB7E2818F80A2A5F3A571A22131A322A5F56F8082A6658
:204C78006F195D54180B1198CBF8082A666F195D541AEA36DA210800095D54F8004D44F80B
:204C98000A792270F8057EF533D5F80D2A5F56D5CDE012E8050A6960234E2346F533C5F878
:204CB8000A3A573A2B5FD53A575ED5CDC412E8072136DA3600E80CC9F8087EEA4BCAF809B0
:114CD8007EEA4CCAF80A7EEA4DCAF80B7EEA4ACAC984
:020000040000FA
:2028B200E8F6F8102A5F2A572A4F46CB21CB1021080019E57DF80A77E17CF80977F813CBC8
:2028D2007E2816F8082A5F561A6F131A67095D541AF80022131A77180D2198CB095D541A1F
:2028F200F80022131A77F8157EB72820F8082A5F561A4F131A47F8155E16006B622979953D
:202912004F789C47F8082A666F712370F090F80277F8107EF80377F8117EF804322A4F469B
:2029320003030AE0900AEA0020F8032A5F2A571A4F131A712377F8147EF80977F8097EB713
:202952002847F8052A5F2A571A22131A77F8052A4F460303F8007EF807962021F8017EF892
:202972000896201969602A4F46F8032A666F792270F8027EE0901100207E1218230303F8FF
:2029920005792270F8093518B3F8027EE0901100207E12F8052A4F46F8032A666F792270AA
:2029B200E80AC9E8F0F81B2A4F46CB21CB10CB7E280FF8162A5F56210800192A666F09180A
:2029D200042198CB09AFF533E5F81C2A5F3A2B57D57EF5331E0221D54ECD0800E808D5F8CE
:2029F2001D7EB7CAD72AF8013AB6CAD72A2323F09077F8167EF80377F8177EF804322A4F85
:202A12004603030AE0900AEA0020F81D7EF80F77F81B7EF80577F81C7EF80632CB2623CB13
:202A3200161198CB3A6E6719E57DF80977E17CF80877F8032A5F5621080019E57DF80B772C
:202A5200E17CF80A77F80F7EB72870F8032A5F561A6F131A672ACB7E2815F8092A5F561A19
:202A72004F131A47F8052A666F092A4F7E1809F8072A5F561A4F131AF80B712377D1D5211B
:202A92000800194D4459501AF80D22131A322A5F5613137B02037A02F80B2A4F2A472A66AB
:202AB2006F792270F8032A5F561A4F131A4703033A6E67792270F80F35188AF8027EE090ED
:202AD2001100207E12E810C9E8F3F090F80077F8137EF80177F8147EF802322A4F46030324
:202AF2000AE0900AEA0020F8012A5F5621080019E57DF80577E17CF804322A5F2A571A2275
:202B1200131A77F8012A5F561AF80B22131A322A4F4603F8012A666F792270F80B2A5F56E2
:202B32001A77CB7ECA432D7ED6FB2822F80C7ED6FCCACA2BF80C7ED6FDCA532CF80C7ED6CD
:202B5200FECABB2CF80C7E3CCAF02CC3212DF8012A5F561A6F131A672A4F46CB782816CBFF
:202B720021CB10F8052A666F09E57DF80D77E17CF80C77180FCB21CB102198CB094D7CF850
:202B92000B712377F8032A5F561A4F131A470B0B3A6E6779227069602A4F46F80B2A666F9C
:202BB200792270F8012A5F561A4F131A4703033A6E67792270C3152BF8012A5F561A6F13AC
:202BD2001A672A4F46CB78280ECB21CB10F8052A666F094D4418096960291198CB194D449C
:202BF20069602A4F46F8032A5F561AF80922131A77CB782816CB21CB10F8052A666F09E54E
:202C12007DF80D77E17CF80C77180F7987CB10C6984F78CECBF80B712377F80B2A5F561A07
:202C32004F131A47F8092A666F792270F8012A5F561A4F131A4703033A6E67792270C32EEE
:202C52002DF8012A5F561A6F131A672A4F46F8032A5F561AF80922131A77CB782816CB2159
:202C7200CB10F8052A666F09E57DF80D77E17CF80C77180F7987CB10C6984F78CECBF80BE9
:202C9200712377F80B2A5F561A4F131A47F8092A666F792270F8012A5F561A4F131A470395
:202CB200033A6E677922701873F8032A5F561AF80B22131A77F8012A5F561A6F131A672A7E
:202CD2004F46F80B2A666F792270F8012A5F561A4F131A4703033A6E67792270183EF8011C
:202CF2002A5F561AF80B22131A322A4F4603F8012A666F792270F80B2A5F561A4FF8032A10
:202D12005F561A6F131A6779079F712377180DF8007EE0901100207E12C31932F8032A5F47
:202D3200561A4F131A4703033A6E67792270C3152BF8032A5F561A4F131A47110400799353
:202D52005F789AF808327B222B2A5F5621020019E57DF80B77E17CF80A22237E3DCAD52ED3
:202D7200F80C7ED602CA012FF80C7ED603CA3B2FF80C7ED604CA772FF80C7ED605CAB12F8B
:202D9200F80C7ED606CAED2FF80C7ED607CA1B30F80C7ED608CA4730F80C7ED609CA7C30F1
:202DB200F80C7ED625CAAE2EF80C7ED626CA9730F80C7ED62ACA602EF80C7ED62B284AF808
:202DD2000C7ED62D2864F80C7ED62FCA872EF80C7ED640CAA631F80C7ED64DCA5B31F80C8A
:202DF2007ED651CADB31F80C7ED65ECADF30F80C7ED66DCA0331F80C7ED67CCABB30F80C67
:202E12007ED67ECAC231C3F831F8072A5F2A571A4F131A472A5F561A6F131A67094D44F8B1
:202E3200072A666F792270C30432F8072A5F2A571A4F131A472A5F561A6F131A6779954F37
:202E5200789C47F8072A666F792270C30432F8072A5F2A571A4F131A472A5F561A6F131A88
:202E720067E5C5CD6935E8044B42F8072A666F792270C30432F8072A5F2A571A4F131A4763
:202E92002A5F561A6F131A67E5C5CD8C38E8044B42F8072A666F792270C30432F8072A5FE6
:202EB2002A571A4F131A472A5F561A6F131A67E5C5CD9D38E8044B42F8072A666F792270D8
:202ED200C30432F8072A5F2A571A4F131A472A5F561A6F131A677D9120067C903E0128015D
:202EF200AF4F0600F8072A666F792270C30432F8072A5F2A571A4F131A472A5F561A6F1359
:202F12001A675C507995789CCB7B2807CB7A2008BF1805CB7A2801373E00174F0600F80744
:202F32002A666F792270C30432F8072A5F2A571A4F131A472A5F561A6F131A6758547D91E0
:202F52007C98CB7B2807CB7A2008BF1805CB7A2801373E0017EE014F0600F8072A666F79D8
:202F72002270C30432F8072A5F2A571A4F131A472A5F561A6F131A6758547D917C98CB7BBE
:202F92002807CB7A2008BF1805CB7A2801373E00174F0600F8072A666F792270C30432F85E
:202FB200072A5F2A571A4F131A472A5F561A6F131A675C507995789CCB7B2807CB7A200865
:202FD200BF1805CB7A2801373E0017EE014F0600F8072A666F792270C30432F8072A5F2A11
:202FF200571A4F131A472A5F561A6F131A677D9120067C903E012801AFEE014F0600F807F5
:203012002A666F792270C30432F8072A4F3A472A5F561A6F131AB5280CF8092A5F561A6FBB
:20303200131AB520041E0018021E0116007B02037A02C30432F8077EF80B77F8087EF80C9D
:2030520077F8072A5F561A4F131AB1200E232A5F561A4F131AB120034F18020E010600F8B2
:203072000B2A666F792270C30432F8092A5F561A4F131AB1D6013E00174F06003A6E677900
:203092002270C3152BF8072A5F2A571A4F131A472A5F561A6F131AF579A54FF1A047F807D5
:2030B2002A666F792270C30432F8072A5F2A571A4F131A472A5F561A6F131A6779B54F7824
:2030D200B447F8072A666F792270C30432F8072A5F2A571A4F131A472A5F561A6F131AF571
:2030F20079AD4FF1A847F8072A666F792270C30432F8077EF80B77F8087EF80C77F8072A4E
:203112005F2A571A4F131A472A5F561A6F131A675C507995789CCB7B2807CB7A2008BF185D
:2031320005CB7A2801373007F809792270180BF8092A5F3A571A22131A77F80B2A5F56F898
:20315200092A12137E12C30432F8077EF80B77F8087EF80C77F8072A5F2A571A4F131A47A6
:203172002A5F561A6F131A6758547D917C98CB7B2807CB7A2008BF1805CB7A280137380ACE
:20319200F8092A5F561A4F131A47F80B2A666F792270185EF8092A5F561A4F131A47C5CD8E
:2031B2008F35E14B42F8092A666F792270C3152BF8092A5F561A4F131AF5792F4FF12F47F4
:2031D2003A6E67792270C3152BF8092A5F561A4F131A47C5CD6E18E14B0600F8092A666FB9
:2031F200792270C3152BF8007EE0901100207E121815F8032A5F561A4F131A470B0B3A6E66
:2032120067792270C3152BE80DC9E8FDF80B2A4F46CB21CB10CB7E2816F8092A5F5621086B
:2032320000192A6E814F7D88F800712377180B2198CB094D7CF800712377F090F80277F88E
:203252000E7EE0901100203A127EB7200B23232A4F460A4F0600180AF80F2A4F4669602A44
:203272004F46E1E5792270F8027EE0901100207E12E803C9F8062A666FE5F80A2A5F2A667C
:203292006FCD0800E802C9F8022A666F23233A5F3A6E67F090F57BE090EA00202A5FB7286C
:2032B2004DC5E526006B29292B115F03193A5F3AEA97CB3A474EE153CB3A30032AF5332897
:2032D200092AF5332AF5331520F7C5444DF808192A666F714D7C237047E1C5D5D5FA97CBD5
:2032F200E090EA0020E7E139F9E804C11E01F1E090EA0020C93B3BFA90CBB72011218CCB1D
:203312002277FA88CBEA8ECBFA89CBEA8FCB219CD93601219DD93610218FCB3AB6CA5B3472
:203332002192CB3600218ECB2A4F46211000093600218ECB2A4F46210F00097EB720162120
:203352008ECB2A5F56D5CD9932E17B218ECB4E2346B7C20F34211100095E2190CB7E9377D0
:20337200210D00092A4F4678B1280D6960233A5E57CBFA7B02037A02218DCB3AB6281C2A74
:203392004F460303033333C5218ECB6EFA8FCB672323232A4F46E1E5792270218ECB2A4FC3
:2033B20046030303FA88CB218ECB962013FA89CB218FCB96200A59501A2188CB22131A7796
:2033D200218ACB2A02037E02FA8ECBEA8ACBFA8FCBEA8BCB218DCB3AB628132A4F46030327
:2033F2000359501A218ECB22131A77C32A33FA88CBEA8ECBFA89CBEA8FCBC32A33FA92CBFC
:20341200B728041E031856211000095D541AB72011FA9DD9F80177219DD935F8017EB7C29F
:203432002A33FA90CBB720211A219CD9A677218CCB79227003030359501A218ECB22131AEB
:2034520077219DD93610C32A332189CB3AB620035F180AFA9CD9B71E0120021E023333C927
:20803D00E8FCF80A7EF80077F80B7EF80177D1D5210800194D4459501AF80222131A322A7E
:20805D005F5613137B02037A02D1D51A4F131A473A6E67792270D1D5F80C2A12137E12E81E
:20807D0004C9E8FCF80A7EF80077F80B7EF80177D1D521080019E57DF80477E17CF803320B
:20809D002A5F561A4F131A470B0B3A6E6779227069602A4F46E1E5792270F80C7EB7281EFF
:2080BD00F8022A5F561A4F131A47F80C6E26002979954F789C47F8022A666F792270E80484
:2080DD00C9E8FAF80C7EF80077F80D7EF80177D1D521080019E57DF80677E17CF805322A7F
:2080FD005F561A4F131A4721020009E57DF80477E17CF803222A5F56F8022A12137E12D1CD
:20811D00D51A6F131A5D577B02037A02F8022A4F2A4703032A666F792270C1C503030AF885
:20813D000422AF322B2B2A5F2A572A12137E12D1D5F80F2A12133A2B127E02E806C9E8FC4E
:20815D00F80A7EF80077F80B7EF80177D1D521080019E57DF80477E17CF803322A5F561AE2
:20817D004F131A470B0B3A6E67792270D1D513130A120B0BF8022A666F79227069602A4FAB
:20819D0046E1E5792270F80C7EB7281EF8022A5F561A4F131A47F80C6E26002979954F78E0
:2081BD009C47F8022A666F792270E804C93B3BF8082A46C6084F30010459501AF8002213DE
:2081DD001A77D1D513137B02037A02D1D5F80A2A12137E123333C93B3BF8082A4F46210815
:2081FD0000093333E5F80A7EB72818D1D51A4F131A475E16006B622979954F789C47E1E52C
:20821D00792270D1D51A6F131A672A4F4659503333C9E8FCF80A7EF80077F80B7EF8017718
:20823D00F80C2A4F46CB21CB10D1D521080019E57DF80477E17CF80377F80DCB7E280FF88E
:20825D00022A5F561A6F131A67094D4418082198CB095D544B426960233A6EB52817D1D550
:20827D00F80E2A12137E126960233A5E571B7B02037A021827F8107EB72821F8022A5F566C
:20829D001A4F131A47F8105E1600CB23CB1279934F789A47F8022A666F792270E804C9F838
:2082BD00062A4F2A472A02037E02C9E8FAF80E7EB728172B2B2A4F46210800092A4F4621B6
:2082DD00A3C02A5F567B02037A02FAA3C0F80077FAA4C0F80177F80C7EF80277F80D7EF83B
:2082FD0003322A5F56210800192A4F66692A4F46D1D57B915F7A98F8053273F80F2A4F4679
:20831D0069602A4F46F8042A917E9830102B2B2B2A5F562110001936011E0018021E01E88B
:20833D0006C9E8F3F8137EF80277F8147EF80377F8192A4F46CB21CB10F8022A5F562108E7
:20835D000019E57DF80677E17CF80577F81ACB7E280FF8042A5F561A6F131A67094D7C18CB
:20837D00062198CB097C4DF806712377F8022A5F5621050019E57DF80A77E17CF809322ACE
:20839D005F561AF80022131A77F8162A4F46F8022A5F5621070019E57DF80C77E17CF80B0F
:2083BD0077F8007E912015237E902010F80A2A5F2A571A77F8157EF80C962815F8082A66FD
:2083DD006F792270F80A2A5F56F8157E121601180216002107DA792270F8157EEA09DA01DB
:2083FD002336F8132A5F7EF5F8082A666FF1E5D53357D56960CD6C37E8057BB72835F81832
:20841D007EB7281EF8042A5F561A4F131A47F8186E26002979954F789C47F8042A666F7913
:20843D002270F8082A666FAF2277F80A2A666F36001818F8022A5F561A4F131A4779C6F9F1
:20845D004F78CEFF473A6E67792270E80DC9E8FCF80A2A4F2A477EF80077F80D7EF80132E1
:20847D00CB2623CB16F80DCB7E2817210800095D541AF80222131A77F8022A5F56E1E519E8
:20849D0018061198CBE1E5192A66AFB4201669602A66C6FD5F7CCEFF5769607B2272211001
:2084BD0000093601E804C9F8082A4F46CB21CB10CB7E280FF8062A5F56210800192A666F86
:2084DD000918042198CB097EF5331E02211A50CD080033C9E8F7F80F7EF80077F8107EF85A
:2084FD000177F8122A4F46CB21CB10D1D521080019E57DF80477E17CF80377F813CB7E284F
:20851D0016F8022A5F561A6F131A67095D541AF80422131A77180D2198CB095D541AF80423
:20853D0022131A77F8142A4F46CB21CB10CB7E2810F8022A5F561A6F131A67092A4F46186F
:20855D00072198CB092A4F46F80636003E06F81196DAFF45F8047E912007237E903E0128AC
:20857D0001AFF80777F8042A917E985678CB7F2807CB7A2008BF1805CB7A2801373E001761
:20859D00F80877F804799623789E7857CB7E2807CB7A2008BF1805CB7A2801373E00174F2A
:2085BD00F8115E160021C8451919E91835180A180E18131819181C1823F8073A771823F895
:2085DD00083A2B77181C79EE01F806771814F80671180FF8083A2BEE01771806F8073AEEB7
:2085FD000177F8067EB72809D1D5F8162A12137E12F8187EB7281EF8022A5F561A4F131AF5
:20861D0047F8186E26002979954F789C47F8022A666F792270E809C9E8F9F80D7EF80077E0
:20863D00F80E7EF80177F8102A4F46CB21CB10D1D521080019E57DF80477E17CF80377F817
:20865D0011CB7E2810F8022A5F561A6F131A67092A4F4618072198CB092A4F46F804360010
:20867D003E06F80F96DA1347F8127E912007237E903E012801AFF80577F812799623789E7A
:20869D007857CB7E2807CB7A2008BF1805CB7A2801373E0017F80677F8122A917E98567815
:2086BD00CB7F2807CB7A2008BF1805CB7A2801373E00174FF80F5E160021DC461919E918A1
:2086DD0035180A180E18131819181C1823F8053A771823F8063A2B77181C79EE01F8047763
:2086FD001814F80471180FF8063A2BEE01771806F8053AEE0177F8047EB72809D1D5F81405
:20871D002A12137E12F8167EB7281EF8022A5F561A4F131A47F8166E26002979954F789CE2
:20873D0047F8022A666F792270E807C9E8FCF80A2A4F462108000933335D54D51AF8022220
:20875D00131A77F80C2A4F46CB21CB10CB7E280AF8022A666F094D4418062198CB094D4484
:20877D0069602A4F46F8022A666F792270D1D51A4F131A470303E1E5792270E804C9E8FC5D
:20879D00F80A2A5F2A572A4F46CB21CB102108001933335D54D51AF80222131A77F80DCB52
:2087BD007E280AF8022A666F094D4418062198CB094D4469602A4F46F80C792270CB21CBCF
:2087DD0010CB7E280AF8022A666F094D4418062198CB094D4469602A4F46F8022A666F7928
:2087FD002270D1D51A4F131A470303E1E5792270E804C9E8FCF80A2A4F462108000933337E
:20881D005D54D51AF80222131A77F80DCB7E281CF8022A4F4679D6984F78DECB47CB38CB24
:20883D0019F80C2A5E814F7B88471805F80C2A4F46F8022A666F792270D1D51A4F131A47F5
:20885D000303E1E5792270E804C93B3BF8082A46C6084F30010459501AF80022131A77F8BE
:20887D000A7E5F079F57CB23CB12E1E5195D547B02037A023333C9E8FCF80A2A5F2A572A57
:20889D004F46CB21CB10210800193333E5F80DCB7E2811D1D51A6F131A67094D7CF802714B
:2088BD002377180B2198CB094D7CF802712377F80E2A4F46CB21CB10CB7E280AD1D51A6F4D
:2088DD00131A670918042198CB092A4F46F8022A666F792270E804C9F8082A4F46CB21CB47
:2088FD0010CB7E2811F8062A5F56210800192A666F094D4418062198CB094D44F80A2A02A7
:20891D00037E02C9E8FAF80C7EF80077F80D7EF80177F80E2A4F46CB21CB10D1D5210800CD
:20893D0019E57DF80677E17CF80577F80FCB7E2814F8042A5F561A6F131A67094D7CF80209
:20895D00712377180B2198CB095D54F8027B2272F8102A4F46CB21CB10CB7E280DF8042A53
:20897D005F561A6F131A67091819D1D5210A0019E57DF80677E17CF805322A5F561A6F1306
:20899D001A67092A4F46F8022A666F792270E806C9F8087E0F3003CD350E40C9F8062A4F66
:2089BD0046211000093601C9F8082A4F46CB21CB10CB7E2811F8062A5F56210800192A6663
:2089DD006F094D4418062198CB094D44F80A2A5F561A5F16007B02037A02C9F8082A4F4641
:2089FD00CB21CB10CB7E2811F8062A5F56210800192A666F094D4418062198CB094D44F825
:208A1D000A2A5F561A5F079F577B02037A02C93B3BF80A2A4F46CB21CB10CB7E2816F80890
:208A3D002A5F56210800192A6E814F7D88F800712377180B2198CB094D7CF800712377F814
:208A5D000C2A4F4669602A4F46E1E57922703333C9F80A2A4F46CB21CB10CB7E2811F8069E
:208A7D002A5F56210800192A666F094D4418062198CB094D44F8082A5F560A12C9F80A2AF3
:208A9D004F46CB21CB10CB7E2811F8062A5F56210800192A666F094D4418062198CB094D2B
:208ABD0044F8082A5F560A12C93B3BF80C2A4F46CB21CB10CB7E2811F8082A5F5621080007
:208ADD00192A666F094D4418062198CB094D44F80A7EF80077F80B7EF8017769602A4F4623
:208AFD00E1E57922703333C9F8082A4F2A477E02C9F8082A4F2A472A02037E02C9F8082A9A
:208B1D004F46CB21CB10CB7E2810F8062A5F56210800192A666F094D18052198CB094D6987
:208B3D002A4F46C5CDAF34E1C9E8FCCD84347BF812A6234F7AA647F810799623789E380C39
:208B5D00F8102A5F5679935F789A474BF810799623789E380CF8102A5F5679935F789A47C3
:208B7D004BF80C7EF80077F80D7EF80132CB2623CB16F80DCB7E281EF80A2A5F562108005B
:208B9D00195D541AF80222131A77F8022A5F56E1E5195D5418081198CBE1E5195D54F80E81
:208BBD002A666F094D447912137812E804C9F8062A4F4621110009342190CB34C9F8062A55
:208BDD004F46211100097EB7C83D772190CB35C93B3BF80A7EEA92CBF80B7EEA93CBF80877
:208BFD002A4F46595013131AEA94CB6960233A5E572195CB7B227259501AF80022131A777B
:208C1D00D1D5F80B6E2600195D547B02037A023333C9E8FCF80A2A5F2A572A4F46CB21CB9F
:208C3D0010210800193333E5F80DCB7E280AD1D51A6F131A670918042198CB092A664F4462
:208C5D00CB21CB10CB7C2811D1D51A6F131A67094D7CF802712377180B2198CB094D7CF8A5
:208C7D0002712377F80E2A4F46CB21CB10CB7E280AD1D51A6F131A670918042198CB092A24
:208C9D004F46F8022A666F792270E804C9E8FCF80A2A5F2A572A4F46CB21CB1021080019B1
:208CBD003333E5F80DCB7E2811D1D51A6F131A67094D7CF802712377180B2198CB094D7CB2
:208CDD00F802712377F80E2A4F46CB21CB10CB7E280AD1D51A6F131A670918042198CB09F6
:208CFD002A664F44CB21CB10CB7C280AD1D51A6F131A670918042198CB092A4F46F8022A9C
:208D1D00666F792270E804C9F8082A4F46CB21CB10CB7E280FF8062A5F56210800192A66EC
:208D3D006F0918042198CB09E5FA91CBE10E0022712191CB3600C93B3BF80E7EF80077F85B
:208D5D000F7EF80132CB2623CB16F80A2A4F46CB21CB10CB7E280FF8082A5F562108001920
:208D7D002A666F0918042198CB094D44D1D5D5F80E2A5F56D5C5CDB037E808C9E8FAF81241
:208D9D007EF80077F8137EF80132CB2623CB16F80C2A5F56F8102A4F46CB21CB1021080086
:208DBD0019E57DF80477E17CF80377F811CB7E280FF8022A5F561A6F131A67094D7C18066A
:208DDD002198CB097C4DF804712377F80E2A4F46CB21CB10CB7E280EF8022A5F561A6F1399
:208DFD001A67094D18052198CB094D44D1D5D5F8062A5F56D5C5CD6D37E80CC9E8FBF80B3E
:208E1D007EB7282211000ED5110000D51198CBD5CDB037E806113001D5110000D51158CAC1
:208E3D00D5CDB037E8060198D1218ACB3E582236CAAF2188CB2277110000F8023E75223E2C
:208E5D00CB223610F8047EB7284F2B3A6E672323237B2272F8022A5F56210A00195D547921
:208E7D0012137812F8022A5F56210C00195D54F8047E12218000094D44F8023A2B77F803BE
:208E9D003A2B222A5F562113007B955F7A9CF803327B2223D1D53518AB2190CB36002191A7
:208EBD00CB3600AF218CCB2277FA88CBEA8ECBFA89CBEA8FCBE805C9E8F7218BCB3AB62096
:208EDD0006110000C31750218ACB2A4F463333C521030009E57DF80777E17CF806322A5FB9
:208EFD00561A218ACB22131A775950F8102A12133A2B12595013137E1221080009E57DF847
:208F1D000477E17CF80377210A00095D541AF80722131A77F8022A5F56F8072A12137E126F
:208F3D00210D00095D54F8122A12137E123AB628122A5F56210C00097EF80722AF322A1248
:208F5D00137E12210F00093600211100093600211200093600210700093600F8052A666F9C
:208F7D00AF22772189CB3AB628252A4F46030303F807792278322A5F561A4F131A47B12041
:208F9D00ECF8072A5F56F8002A12137E1218062188CB792270F8147EB7285DF8147D54F8DB
:208FBD0007227A322A5F566B6223E57DF80677E17CF80577F8147EF80877F8087EB72838B2
:208FDD00F8022A5F561AF80622131A322A4F460303F8022A666F792270F8042A4F3A470340
:208FFD00037922700B0B69602A4F46F8062A666F792270F8083518C2D1D5E809C9FA88CBE4
:20901D00EA98D9FA89CBEA99D92199D93AB628502A4F46210C00095EF8067E932033210D50
:20903D0000092A4F4678B1281A6960233A5E57CBFA7B02037A022198D92A4F46210D0009BC
:20905D00AF22772198D92A4F46210F000936015EC903030359501A2198D922131A7718A9DE
:20907D001E00C9FA88CBEA9AD9FA89CBEA9BD9219BD93AB628272A4F46210C00095EF80671
:20909D007E93200A210D0009AF22771E01C903030359501A219AD922131A7718D21E00C91A
:020000040002F8
:2005020012041A0045AC00040002011A00458E00000002011A00457000010002011A00458F
:200522002B00020002010945461A00453700020003060945461400020003140001FFFC8413
:200542000011FFFC1A004552000300020109456D1A00455E000300030609456D1400030080
:2005620003140001FFFC84000FFFFC09458B1A00457C000100030609458B14000100031415
:200582000001FFFC84000EFFFC0945A91A00459A00000003060945A91400000003140001B4
:2005A200FFFC840010FFFC0945C71A0045B800040003060945C71400040003140001FFFC36
:2005C200840000FFFC18094504001201190000FFFF1A0045DF0000FFFF010945FF01000576
:2005E2000100070100110A669B0766080848BC09140006FFFF0DFFFF0042C8020019000002
:20060200FFFF1A0046100004FFFF0109466E0100070100400100110A58B2081A00462900AA
:200622000000110109466D15FD2600FE01002B0013FFFF002602011A00464500000027047E
:2006420009466D130026004115FD4100FE0500250013FFFF004102011A004666000000418B
:200662000109466D0100070A47440900190000FFFF1A00467F0008FFFF0109468A01000737
:090682000100110A470A090000F9
:0C40DD000100070A693807180940DD00DF
:20068B0012041A0046990000001C0409477A1A00476B00000010011A00475E0001001001A8
:2006AB001A00475100020010011A00474400030010011A00473700040010011A00472A0079
:2006CB00050010011A00471D00060010011A00471000070010011A00470300080010011A44
:2006EB000046F60009001001094700140003FFFC840009FFFC09470D140003FFFC840008B4
:20070B00FFFC09471A140003FFFC840007FFFC094727140003FFFC840006FFFC094734142B
:20072B000003FFFC840005FFFC094741140003FFFC840004FFFC09474E140003FFFC8400D2
:20074B0003FFFC09475B140003FFFC840002FFFC094768140003FFFC840001FFFC09477543
:14076B00140003FFFC840000FFFC140000001C1809468D00C5
:2040E9001201190000FFFF1A0040FC0000FFFF0109410A0100070100070100130A669B07AE
:2041090000190000FFFF1A00411B0004FFFF010941290100070100320100130A58B2080028
:20412900190000FFFF1A00413A0008FFFF010941450100070100130A470A090000010007AC
:094149000A6A50071809414600FA
:20077F001205190000FFFC1A0047920000FFFC010947CE6608084899091A0047A4000300BA
:20079F0016010947CD1A0047C5000900100115FD1000FE01002B0013FFFF00100201140042
:2007BF0001001C0947C5140006FFFC33FFFC00190000FFFB1A0047DF0004FFFB0109481EE4
:2007DF006608084899091A0047F1000100160109481D24000300030000003F1A00480E00E9
:2007FF0001003F01140006FFFC33FFFC09481D140006FFFC840016FFFC14000300160019F8
:20081F000000FFFC1A00482F0008FFFC0109483666080148AC0900001201190000FFFF1AF2
:20083F0000484A0000FFFF010948580100080100010100120A669B0700190000FFFF1A00FE
:20085F0048690004FFFF010948C70100010100490100120A58B2081A00488200000012013B
:20087F000948C615FD2600FE01002B0013FFFF002602011A00489E00000027040948C61351
:20089F000026004A15FD4A00FE0500250013FFFF004A02011A0048BF0000004A010948C664
:2008BF000100080A47440900190000FFFF1A0048D80008FFFF010948E30100010100120AC7
:0508DF00470A090000BA
:0C4152000100010A6A50071809415200E0
:2008E4001201190000FFFF1A0048F70000FFFF010949050100050100080100120A669B07E7
:2009040000190000FFFF1A0049160004FFFF010949740100080100420100120A58B2081AE5
:2009240000492F000000120109497315FD2600FE01002B0013FFFF002602011A00494B0019
:2009440000002704094973130026004315FD4300FE0500250013FFFF004302011A00496C84
:2009640000000043010949730100080A47440900190000FFFF1A0049850008FFFF0109496B
:0D098400900100080100120A470A09000056
:0C415E000100080A6A50071809415E00C1
:200991001201190000FFFF1A0049A40000FFFF010949B20100050100010100140A669B07E3
:2009B10000190000FFFF1A0049C30004FFFF01094A2101000101003B0100140A58B2081AE9
:2009D1000049DC0000001401094A2015FD2600FE01002B0013FFFF002602011A0049F80062
:2009F10000002704094A20130026003C15FD3C00FE0500250013FFFF003C02011A004A1990
:200A11000000003C01094A200100010A47440900190000FFFF1A004A320008FFFF01094A6E
:0D0A31003D0100010100140A470A09000000
:0C416A000100010A4792091809416A008F
:200A3E001201190000FFFF1A004A510000FFFF01094A5F0100050100020100130A669B07D9
:200A5E0000190000FFFF1A004A700004FFFF01094ACE01000201003D0100130A58B2081ADE
:200A7E00004A890000001301094ACD15FD2600FE01002B0013FFFF002602011A004AA500AC
:200A9E0000002704094ACD130026003E15FD3E00FE0500250013FFFF003E02011A004AC682
:200ABE000000003E01094ACD0100020A47440900190000FFFF1A004ADF0008FFFF01094A64
:0D0ADE00EA0100020100130A470A090000A6
:204176000100020A47920918094176001201190000FFFF1A0041950000FFFF010941A3015B
:2041960000080100080100160A669B0700190000FFFF1A0041B40004FFFF010941C2010099
:2041B600080100330100160A58B20800190000FFFF1A0041D30008FFFF010941DE010008FD
:1541D6000100160A470A0900000100080A693807180941DF005D
:200AEB0012041A004B9500040002011A004B7700000002011A004B5900010002011A004BCE
:200B0B00140002000201094B2F1A004B200002000306094B2F1400020003140003FFFC846C
:200B2B000011FFFC1A004B3B0003000201094B561A004B470003000306094B5614000300D5
:200B4B0003140003FFFC84000FFFFC094B741A004B650001000306094B7414000100031457
:200B6B000003FFFC84000EFFFC094B921A004B830000000306094B921400000003140003F4
:200B8B00FFFC840010FFFC094BB01A004BA10004000306094BB01400040003140003FFFC78
:200BAB00840000FFFC18094AED0012041A004BC30000001C04094CA41A004C9500000010F1
:200BCB00011A004C8800010010011A004C7B00020010011A004C6E00030010011A004C6166
:200BEB0000040010011A004C5400050010011A004C4700060010011A004C3A000700100189
:200C0B001A004C2D00080010011A004C200009001001094C2A140004FFFC840009FFFC095A
:200C2B004C37140004FFFC840008FFFC094C44140004FFFC840007FFFC094C51140004FF9D
:200C4B00FC840006FFFC094C5E140004FFFC840005FFFC094C6B140004FFFC840004FFFC68
:200C6B00094C78140004FFFC840003FFFC094C85140004FFFC840002FFFC094C921400049A
:1E0C8B00FFFC840001FFFC094C9F140004FFFC84000AFFFC140000001C18094BB700ED
:2041EB001201190000FFFF1A0041FE0000FFFF0109420C0100050100050100120A669B07AA
:20420B0000190000FFFF1A00421D0004FFFF0109422B0100050100300100120A58B2080024
:20422B00190000FFFF1A00423C0008FFFF010942470100050100120A470A090000010005A8
:09424B000A4792091809424800D3
:200CA9001201190000FFFF1A004CBC0000FFFF01094CCA0100080100020100110A669B0791
:200CC90000190000FFFF1A004CDB0004FFFF01094D3901000201004B0100110A58B2081A8A
:200CE900004CF40000001101094D3815FD2600FE01002B0013FFFF002602011A004D1000F8
:200D090000002704094D38130026004C15FD4C00FE0500250013FFFF004C02011A004D310E
:200D29000000004C01094D380100080A47440900190000FFFF1A004D4A0008FFFF01094D03
:0D0D4900550100020100110A470A090000CF
:0C4254000100020A6938071809425400F2
:200D56001201190000FFFF1A004D690000FFFF01094D770100080100030100160A669B0781
:200D760000190000FFFF1A004D880004FFFF01094DE601000301004D0100160A58B2081A79
:200D9600004DA10000001601094DE515FD2600FE01002B0013FFFF002602011A004DBD003D
:200DB60000002704094DE5130026004E15FD4E00FE0500250013FFFF004E02011A004DDE01
:200DD6000000004E01094DE50100080A47440900190000FFFF1A004DF70008FFFF01094EF9
:0D0DF600020100030100160A470A0900006F
:0C4260000100030A47920918094260009F
:200E03001201190000FFFF1A004E160000FFFF01094E240100080100040100140A669B0778
:200E230000190000FFFF1A004E350004FFFF01094E9301000401004F0100140A58B2081A6E
:200E4300004E4E0000001401094E9215FD2600FE01002B0013FFFF002602011A004E6A0087
:200E630000002704094E92130026005015FD5000FE0500250013FFFF005002011A004E8BF1
:200E83000000005001094E920100080A47440900190000FFFF1A004EA40008FFFF01094EED
:0D0EA300AF0100040100140A470A09000015
:0C426C000100040A4792091809426C0086
:200EB0001201190000FFFF1A004EC30000FFFF01094ED10100080100050100130A669B0771
:200ED00000190000FFFF1A004EE20004FFFF01094F400100050100510100130A58B2081A64
:200EF000004EFB0000001301094F3F15FD2600FE01002B0013FFFF002602011A004F1700D2
:200F100000002704094F3F130026005215FD5200FE0500250013FFFF005202011A004F38E1
:200F30000000005201094F3F0100080A47440900190000FFFF1A004F510008FFFF01094FE0
:0D0F50005C0100050100130A470A090000BA
:0C4278000100050A47920918094278006D
:200F5D0012041A00500700040002011A004FE900000002011A004FCB00010002011A004FF0
:200F7D00860002000201094FA11A004F920002000306094FA11400020003140006FFFC841F
:200F9D000011FFFC1A004FAD0003000201094FC81A004FB90003000306094FC81400030087
:200FBD0003140006FFFC84000FFFFC094FE61A004FD70001000306094FE61400010003147C
:200FDD000006FFFC84000EFFFC0950041A004FF50000000306095004140000000314000614
:200FFD00FFFC840010FFFC0950221A00501300040003060950221400040003140006FFFC9A
:20101D00840000FFFC18094F5F0012041A0050350000001C040951161A005107000000109E
:20103D00011A0050FA00010010011A0050ED00020010011A0050E000030010011A0050D317
:20105D0000040010011A0050C600050010011A0050B900060010011A0050AC0007001001B0
:20107D001A00509F00080010011A005092000900100109509C140007FFFC840009FFFC097F
:20109D0050A9140007FFFC840008FFFC0950B6140007FFFC840007FFFC0950C3140007FFBC
:2010BD00FC840006FFFC0950D0140007FFFC840005FFFC0950DD140007FFFC840004FFFC00
:2010DD000950EA140007FFFC840003FFFC0950F7140007FFFC840002FFFC095104140007B8
:1E10FD00FFFC840001FFFC095111140007FFFC84000AFFFC140000001C180950290086
:020000040001F9
:20CAC6001205190000FFFC1A004AD90000FFFC01094BD0140002FFFC88FFFC140002FFFC23
:20CAE60033FFFC14001EFFFB0DFFFB0042C802140002FFFC31FFFC2400070004000100371F
:20CB06001A004B4800010037011A004B3B00020037011A004B2E000300370113000800382E
:20CB260013000A0039094B38130006003813000B0039094B4513000700381300090039091C
:20CB46004B52130005003813000C0039140002FFFC15FD3800FE80002AFD3900FE80002AA9
:20CB66000013FFFEFFFB13FFFFFFFC020235FFFC140000FFFC3AFFFC15FDFDFFFE80002F66
:20CB86000013FFFF002E0201140000FFFC3AFFFC15FDFEFFFE80002F0013FFFF002F02010A
:20CBA600140002FFFC15FD2E00FE80002AFD2F00FE80002A0013FFFEFFFB13FFFFFFFC028A
:20CBC60002140001FFFF30FFFC00190000FFFB1A004BE10002FFFB01094CD8140002FFFC7B
:20CBE60088FFFC140002FFFC33FFFC14001EFFFB0DFFFB0042C802140002FFFC31FFFC24CD
:20CC060000070004000100371A004C5000010037011A004C4300020037011A004C3600035A
:20CC2600003701130008003813000A0039094C40130006003813000B0039094C4D13000714
:20CC460000381300090039094C5A130005003813000C0039140002FFFC15FD3800FE800011
:20CC66002AFD3900FE80002A0013FFFEFFFB13FFFFFFFC020235FFFC140000FFFC3AFFFC18
:20CC860015FDFDFFFE80002F0013FFFF002E0201140000FFFC3AFFFC15FDFEFFFE80002F91
:20CCA6000013FFFF002F0201140002FFFC15FD2E00FE80002AFD2F00FE80002A0013FFFE4E
:20CCC600FFFB13FFFFFFFC0202140001FFFF30FFFC00190000FFFB1A004CE90004FFFB01A5
:20CCE600094DF1140002FFFC3F0200FFFC140002FFFC88FFFC140002FFFC33FFFC14001E95
:20CD0600FFFB0DFFFB0042C8022400070004000100371A004D5A00010037011A004D4D00EB
:20CD2600020037011A004D400003003701130008003813000A0039094D4A13000600381324
:20CD4600000B0039094D5713000700381300090039094D64130005003813000C00391400BF
:20CD660002FFFC15FD3800FE80002AFD3900FE80002A0013FFFEFFFB13FFFFFFFC02023591
:20CD8600FFFC140002FFFC31FFFC140000FFFC3AFFFC15FDFDFFFE80002F0013FFFF002E17
:20CDA6000201140000FFFC3AFFFC15FDFEFFFE80002F0013FFFF002F0201140002FFFC1501
:20CDC600FD2E00FE80002AFD2F00FE80002A0013FFFEFFFB13FFFFFFFC0202140001FFFF79
:20CDE60030FFFC0100020A5D5A0800001205190000FFFC1A004E050000FFFC01094EFC143B
:20CE06000009FFFC88FFFC140009FFFC33FFFC14001EFFFB0DFFFB0042C802140009FFFCE8
:20CE260031FFFC2400070004000100341A004E7400010034011A004E6700020034011A002A
:20CE46004E5A0003003401130008003513000A0036094E64130006003513000B0036094E95
:20CE66007113000700351300090036094E7E130005003513000C0036140009FFFC15FD35C4
:20CE860000FE80002AFD3600FE80002A0013FFFEFFFB13FFFFFFFC020235FFFC140000FFAC
:20CEA600FC3AFFFC15FDFDFFFE80002F0013FFFF002E0201140000FFFC3AFFFC15FDFEFFEB
:20CEC600FE80002F0013FFFF002F0201140009FFFC15FD2E00FE80002AFD2F00FE80002A88
:20CEE6000013FFFEFFFB13FFFFFFFC0202140001FFFF30FFFC00190000FFFB1A004F0D004B
:20CF060002FFFB01095004140009FFFC88FFFC140009FFFC33FFFC14001EFFFB0DFFFB009D
:20CF260042C802140009FFFC31FFFC2400070004000100341A004F7C00010034011A004FB3
:20CF46006F00020034011A004F620003003401130008003513000A0036094F6C13000600A2
:20CF66003513000B0036094F7913000700351300090036094F86130005003513000C003630
:20CF8600140009FFFC15FD3500FE80002AFD3600FE80002A0013FFFEFFFB13FFFFFFFC0291
:20CFA6000235FFFC140000FFFC3AFFFC15FDFDFFFE80002F0013FFFF002E0201140000FFE5
:20CFC600FC3AFFFC15FDFEFFFE80002F0013FFFF002F0201140009FFFC15FD2E00FE800045
:20CFE6002AFD2F00FE80002A0013FFFEFFFB13FFFFFFFC0202140001FFFF30FFFC001900BC
:20D0060000FFFB1A0050150004FFFB01095116140009FFFC3F0200FFFC140009FFFC88FF2F
:20D02600FC140009FFFC33FFFC14001EFFFB0DFFFB0042C802140009FFFC31FFFC240007FA
:20D046000004000100341A00508E00010034011A00508100020034011A005074000300342C
:20D0660001130008003513000A003609507E130006003513000B003609508B13000700355A
:20D086001300090036095098130005003513000C0036140009FFFC15FD3500FE80002AFDA1
:20D0A6003600FE80002A0013FFFEFFFB13FFFFFFFC020235FFFC140000FFFC3AFFFC15FDEC
:20D0C600FDFFFE80002F0013FFFF002E0201140000FFFC3AFFFC15FDFEFFFE80002F00134C
:20D0E600FFFF002F0201140009FFFC15FD2E00FE80002AFD2F00FE80002A0013FFFEFFFB1C
:11D1060013FFFFFFFC0202140001FFFF30FFFC0000CA
:020000040002F8
:204284001201190000FFFF1A0042970000FFFF010942A50100040100040100110A669B07E0
:2042A40000190000FFFF1A0042B60004FFFF010942C40100040100290100110A58B2080062
:2042C400190000FFFF1A0042D50008FFFF010942E00100040100110A470A090000010004E0
:2042E4000A479209180942E1001201190000FFFF1A0043000000FFFF0109430E01000601A2
:2043040000060100140A669B0700190000FFFF1A00431F0004FFFF0109432D010006010055
:20432400310100140A58B20800190000FFFF1A00433E0008FFFF01094349010006010014AD
:124344000A470A0900000100060A4792091809434A0062
:020000040000FA
:20C000000001020304010205000102030401020500010203040102050001020304010205D8
:20C0200000010203040102050001060708090A07080B060708090A07080B060708090A073A
:20C04000080B060708090A07080B060708090A07080B06070C0D0E0F10110E120C0D0E0F8F
:20C0600010110E120C0D0E0F10110E120C0D0E0F10110E120C0D0E0F10110E120C0D1314DA
:20C080001516171815191314151617181519131415161718151913141516171815191314E4
:20C0A00015161718151913141A1B1C1C1C1C1C1C1C1C1C1C1C1C1C1C1C1C1C1C1D1D1C1C32
:20C0C0001C1C1C1C1C1C1C1C1C1C1C1C1C1C1E1F1F2008211C1C1C1C1C1C1C1C1C1C1C1CE3
:20C0E0001C1C1C1C1C1C1D1D1C1C1C1C1C1C1C1C1C1C1C1C1C1C1C1C222323230E241C1CA9
:20C100001C1C1C1C1C1C1C1C1C1C1C1C1C1C1C1C1D1D1C1C1C1C1C1C1C1C1C1C1C1C1C2594
:20C12000261C22232323151C1C1C1C1C1C1C1C1C1C1C1C1C1C1C1C1C1C1C1D1D1C1C1C1C5F
:20C140001C1C1C1C1C1C1C1C1C27281C22232323292A1C1C1C1C1C1C1C1C1C1C1C1C1C1C12
:20C160001C1C1C1C1D1D1C1C1C1C1C1C1C1C1C1C1C1C1C1C1C1C2B2C2C2C082D1C1C1C1C01
:20C180001C1C1C1C1C1C1C1C1C1C1C1C1C1C1D1D1C1C1C1C1C1C1C1C1C1C1C1C1C1C1C1C1D
:20C1A0002E2E2F300E241C1C1C1C1C1C1C1C1C1C1C1C1C1C1C1C1C1C1D1D1C1C1C1C1C1CB8
:20C1C0001C1C1C1C1C1C1C1C1C1C1C1C3132151C1C1C1C1C1C1C1C1C1C1C1C1C1C1C1C1CBB
:20C1E0001C1C1D1D1C1C1C1C1C1C1C1C1C1C1C1C1C1C1C1C1C1C1C331A1B1C1C1C1C1C1CA9
:20C200001C1C1C1C1C1C1C1C1C1C34351D1D1A1B1C1C1C1C1C1C1C1C1C1C1C1C1C1C1C1C6E
:20C22000343508211C1C1C1C1C1C1C1C1C1C1C1C1C1C1C1C36371D1D08211C1C1C1C1C1C34
:20C240001C1C1C1C1C1C1C1C1C1C36370E241C1C1C1C1C1C1C1C1C1C1C1C1C1C1C1C313204
:20C260001D1D0E241C1C1C1C1C1C1C1C1C1C1C1C1C1C1C1C3132151C1C1C1C1C1C1C1C1C1E
:20C280001C1C1C1C1C1C1C1C1C331D1D151C1C1C1C1C1C1C1C1C1C1C1C1C1C1C1C1C1C33F5
:20C2A000292A1C1C1C1C1C1C1C1C1C1C1C1C38393A3B3C393A3D3E393A3B3C393A3D3E39BA
:20C2C0003A3B3C393A3D3E393A3B082D1C1C1C1C1C1C1C1C1C1C1C1C3F4041424340414482
:20C2E00045404142434041444540414243404144454041421D1D1D1D1D1D1D1D1D1D1D1DBA
:20C300001D1D464748494A474B4C464748494A474B4C464748494A474B4C464748491D1DB9
:20C320001D1D1D1D1D1D1D1D1D1D1D1D4D4E4F50514E5253544E4F50514E5253544E4F505D
:20C34000514E5253544E4F50292A1C1C1C1C1C1C1C1C1C1C1C1C553256575832595A5B32B7
:20C3600056575832595A5B3256575832595A5B325657085C1C1C1C1C1C1C1C1C1C1C1C1C6E
:20C380005D5E5F60615E62635D5E5F60615E62635D5E5F60615E62635D5E5F600E641C1C7F
:20C3A0001C1C1C1C1C1C1C1C1C1C1C1C1C1C34351D1D1A1B1C1C1C1C1C1C1C1C1C1C1C1CCD
:20C3C0001C1C1C1C6532151C1C1C1C1C1C1C1C1C1C1C1C1C1C1C1C1C36371D1D08211C1C5D
:20C3E0001C1C1C1C1C1C1C1C1C1C1C1C1C1C1C331A1B1C1C1C1C1C1C1C1C1C1C1C1C1C1CA9
:20C400001C1C31321D1D0E241C1C1C1C1C1C1C1C1C1C1C1C1C1C1C1C343508211C1C1C1C53
:20C420001C1C1C1C1C1C1C1C1C1C1C1C1C331D1D151C1C1C1C1C1C1C1C1C1C1C1C1C1C1C6A
:20C440001C1C36370E241C1C1C1C1C1C1C1C1C1C1C1C1C1C1C1C34351D1D1A1B1C1C1C1CFD
:20C460001C1C1C1C1C1C1C1C1C1C1C1C3132151C1C1C1C1C1C1C1C1C1C1C1C1C1C1C1C1C18
:20C4800036371D1D08211C1C1C1C1C1C1C1C1C1C1C1C1C1C1C1C1C33292A1C1C1C1C1C1CC2
:20C4A0001C1C1C1C1C1C1C1C1C1C31321D1D0E241C1C1C1C1C1C1C1C1C1C1C1C1C1C1C1CD5
:20C4C0006667082D1C1C1C1C1C1C1C1C1C1C1C1C1C1C1C1C1C331D1D151C1C1C1C1C1C1C38
:20C4E0001C1C1C1C1C1C1C1C1C1C68370E241C1C1C1C1C1C1C1C1C1C1C1C1C1C1C1C1C1C5B
:20C500001D1D1C1C1C1C1C1C1C1C1C1C1C1C1C1C1C1C1C1C3132151C1C1C1C1C1C1C1C1C75
:20C520001C1C1C1C1C1C1C1C1C1C1D1D1C1C1C1C1C1C1C1C1C1C1C1C1C1C1C1C1C1C1C3362
:20C540001A1B1C1C1C1C1C1C1C1C1C1C1C1C1C1C1C1C1C1C1D1D1C1C1C1C1C1C1C1C1C1C5C
:20C560001C1C1C1C1C1C1C1C343508211C1C1C1C1C1C1C1C1C1C1C1C1C1C1C1C1C1C1D1D17
:20C580001C1C1C1C1C1C1C1C1C1C1C1C1C1C1C1C1C1C36370E241C1C1C1C1C1C1C1C1C1CEC
:20C5A0001C1C1C1C1C1C1C1C1D1D1C1C1C1C1C1C1C1C1C1C1C1C1C1C1C1C1C1C3132151CD5
:20C5C0001C1C1C1C1C1C1C1C1C1C1C1C1C1C1C1C1C1C1D1D1C1C1C1C1C1C1C1C1C1C1C1CD9
:20C5E0001C1C1C1C1C1C1C33292A1C1C1C1C1C1C1C1C1C1C1C1C1C1C1C1C1C38393A3B3CF3
:20C60000393A3D3E393A3B3C393A3D3E393A3B3C393A082D1C1C1C1C1C1C1C1C1C1C1C1C72
:20C620001C1C1C1C1C3F404142434041444540414243404144454041424340411D1D1D1D14
:20C640001D1D1D1D1D1D1D1D1D1D1D1D1D1D1D464748494A474B4C464748494A474B4C4655
:20C660004748494A474B1D1D1D1D1D1D1D1D1D1D1D1D1D1D1D1D1D1D1D4D4E4F50514E52B4
:20C6800053544E4F50514E5253544E4F50514E52292A1C1C1C1C1C1C1C1C1C1C1C1C1C1CB5
:20C6A0001C1C1C553256575832595A5B3256575832595A5B325657583259085C1C1C1C1C4D
:20C6C0001C1C1C1C1C1C1C1C1C1C1C1C1C5D5E5F60615E62635D5E5F60615E62635D5E5FD8
:20C6E00060615E620E641C1C1C1C1C1C1C1C1C1C1C1C1C1C1C1C1C1C1D1D1C1C1C1C1C1C6D
:20C700001C1C1C1C1C1C1C1C1C1C1C1C6532151C1C1C1C1C1C1C1C1C1C1C1C1C1C1C1C1C41
:20C720001C1C1D1D1C1C1C1C1C1C1C1C1C1C1C1C1C1C1C1C1C1C1C331A1B1C1C1C1C1C1C63
:20C740001C1C1C1C1C1C1C1C1C1C1C1C1D1D1C1C1C1C1C1C1C1C1C1C1C1C1C1C1C1C1C1C57
:20C76000343508211C1C1C1C1C1C1C1C1C1C1C1C1C1C1C1C1C1C1D1D1C1C1C1C1C1C1C1C15
:20C780001C1C1C1C1C1C1C1C1C1C36370E241C1C1C1C1C1C1C1C1C1C1C1C1C1C1C1C1C1CEA
:20C7A0001D1D1C1C1C1C1C1C1C1C1C1C1C1C1C1C1C1C1C1C3132151C1C1C1C1C1C1C1C1CD3
:20C7C0001C1C1C1C1C1C1C1C1C1C1D1D1C1C1C1C1C1C1C1C1C1C1C1C1C1C1C1C1C1C1C33C0
:20C7E000292A1C1C1C1C1C1C1C1C1C1C1C1C1C1C1C1C1C1C1D1D1C1C1C1C1C1C1C1C1C1C9C
:20C800001C1C1C1C1C1C1C1C6667082D1C1C1C1C1C1C1C1C1C1C1C1C1C1C1C1C1C1C1D1D04
:20C820001C1C1C1C1C1C1C1C1C1C1C1C1C1C1C1C1C1C68370E241C1C1C1C1C1C1C1C1C1C17
:20C840001C1C1C1C1C1C1C1C1D1D1C1C1C1C1C1C1C1C1C1C1C1C1C1C1C1C1C1C3132151C32
:20C860001C1C1C1C1C1C1C1C1C1C1C1C1C1C1C1C1C1C1D1D1C1C1C1C1C1C1C1C1C1C1C1C36
:20C880001C1C1C1C1C1C1C331A1B1C1C1C1C1C1C1C1C1C1C1C1C1C1C1C1C34351D1D1A1BD4
:20C8A0001C1C1C1C1C1C1C1C1C1C1C1C1C1C1C1C343508211C1C1C1C1C1C1C1C1C1C1C1CD6
:20C8C0001C1C1C1C36371D1D08211C1C1C1C1C1C1C1C1C1C1C1C1C1C1C1C36370E241C1C81
:20C8E0001C1C1C1C1C1C1C1C1C1C1C1C1C1C31321D1D0E241C1C1C1C1C1C1C1C1C1C1C1C91
:20C900001C1C1C1C3132151C1C1C1C1C1C1C1C1C1C1C1C1C1C1C1C1C1C331D1D151C1C1C61
:20C920001C1C1C1C1C1C1C1C1C1C1C1C1C1C1C3302030401020500010203040102050001FC
:20C9400002030401020500010203040102691C1C1C1C1C1C1C1C1C1C666708090A07080B36
:20C96000060708090A07080B060708090A07080B060708090A07086A1C1C1C1C1C1C1C1CB2
:20C980001C1C68376B6C6D6E6B6F706E6B6C6D6E6B6F706E6B6C6D6E0E120C0D0E0F1011C3
:20C9A0000E711D1D1D1D1D1D1D1D1D1D1D1D7273743772757637727374377275763772736F
:20C9C0007437151913141516171815191D1D1D1D1D1D1D1D1D1D1D1D56575832595A5B32FC
:20C9E00056575832595A5B32565758321D1D1C1C1C1C1C1C1C1C1C1C1C1C1C1C1C1C1C1C57
:20CA000066675F60615E62635D5E5F60615E62635D5E5F60615E1D1D1C1C1C1C1C1C1C1CB5
:20CA20001C1C1C1C1C1C1C1C1C1C77377878791C1C1C1C1C1C1C1C1C1C1C1C1C1C1C3435BA
:20CA40001D1D1A1B1C1C1C1C1C1C1C1C1C1C1C1C1C1C1C1C653223237A1C1C1C1C1C1C1C8C
:20CA60001C1C1C1C1C1C1C1C36371D1D08211C1C1C1C1C1C1C1C1C1C1C1C1C1C1C1C1C33F7
:20CA800023237A7B7C1C1C1C1C1C1C1C1C1C1C1C1C1C31321D1D0E241C1C1C1C1C1C1C1CC4
:20CAA0001C1C1C1C1C1C1C1C343523237D7E7F1C1C1C1C1C1C1C1C1C1C1C1C1C1C331D1D78
:20CAC000151C1C1C1C1C1C1C1C1C1C1C1C1C1C1C1C1C3637BCBDBE1C1C1C1C1C1C1C1C1CC5
:20CAE0001C1C1C1C1C1C1C1C1D1D1C1C1C1C1C1C1C1C1C1C1C1C1C1C1C1C1C1C31327A1C2B
:20CB00001C1C1C1C1C1C1C1C1C1C1C1C1C1C1C1C1C1C1D1D1C1C1C1C1C1C1C1C1C1C1C1C93
:20CB20001C1C1C1C1C1C1C337A1C1C1C1C1C1C1C1C1C1C1C1C1C1C1C1C1C1C1C1D1D1C1CFE
:20CB40001C1C1C1C1C1C1C1C1C1C1C1C1C1C1C1C66677A1C1C1C1C1C1C1C1C1C1C1C1C1C62
:20CB60001C1C1C1C1C1C1D1D1C1C1C1C1C1C1C1C1C1C1C1C1C1C1C1C1C1C68377A1C1C1C6E
:20CB80001C1C1C1C1C1C1C1C1C1C1C1C1C1C1C1C1D1D1C1C1C1C1C1C1C1C1C1C1C1C1C1C13
:20CBA0001C1C1C1C313223791C1C1C1C1C1C1C1C1C1C1C1C1C1C1C1C1C1C1D1D1C1C1C1C64
:20CBC0001C1C1C1C1C1C1C1C1C1C1C1C1C1C1C332323797B7C1C1C1C1C1C1C1C1C1C1C1C94
:20CBE0001C1C34351D1D1A1B1C1C1C1C1C1C1C1C1C1C1C1C1C1C1C1C343523237A7E7F1C23
:20CC00001C1C1C1C1C1C1C1C1C1C1C1C36371D1D08211C1C1C1C1C1C1C1C1C1C1C1C1C1C6C
:20CC20001C1C363723237A1C1C1C1C1C1C1C1C1C1C1C1C1C1C1C31321D1D0E241C1C1C1CAC
:20CC40001C1C1C1C1C1C1C1C1C1C1C1C31322C2CBF1C1C1C1C1C1C1C1C1C1C1C1C1C1C1C66
:20CC60001C331D1D151C1C1C1C1C1C1C1C1C1C1C1C1C1C1C1C1C1C330205000102030401D9
:20CC800002050001020304010205000102030401020500010203040102050001020304014C
:20CCA0000205080B060708090A07080B060708090A07080B060708090A07080B0607080976
:20CCC0000A07080B060708090A07080B0E120C0D0E0F10110E120C0D0E0F10110E120C0DC7
:16CCE0000E0F10110E120C0D0E0F10110E120C0D0E0F10110E12F2
:020000040001F9
:204CE9008400BFF01FBC079F0FCF1CBFBD7F67FF67F9FF3FF5FCF4F8B6F825F823FCB4F78C
:204D09006683FFFE211F3609130CE9163AE5E883C182FFC37CE7DAFD3DFE1EFFCE3F13EFD7
:204D290043BFFFC03FF00FFF0F7FBC1F7DBF67FF67F9FFC37FE7DAFD3FFC1FFFCF3F13EF99
:204D490043BF47FBB5FFC1FFFF7FF1FFE3FCC5FED17EBFC038D793FE79FEF8FF1FF8BC7063
:204D6900CE70C003EC036D86BB074BB41DEE9E787C10C50345834A8635CBE51B116F330EB8
:204D89000F02477BB5FFC1FFFF7FF1FFE3FCC5FE51FEC50345834A8635CBE51B116F320E44
:204DA9000E02707FE83FBC7F1FFF1FF7DF68FF28F7266AF0CEF87FFCFFFFBFFFFBFFFF7FFB
:204DC900FE5F5E20D620D940A7F0BDC3E6FFFBFF0FFE130E730ECC373EDF3DE67C87FD8672
:204DE900FF1C70FF28FF3CFF1FFF9F77EF34FF147B936AF0CEF87FFCFFFFBFFFFB7FFF7FF7
:204E0900FE5F120E730ECF363FDE3FEFF90EFB0CFE397F916F8FA7C49BE3FF7CFF00FF0086
:204E2900FF00F90EFB0CFE39EE71DBEDF33DCF76FFFCDF68FF28F7267F916F8FA7C49BE30C
:204E4900FF7CF738ED76F91EE73BFF7EFF00FF00FF003FC8B7C7D3E2CD71FF3EFF00FF00D6
:204E6900FF00F98EFB8CFE39EEF1DB6DF33DCF76FFFCEE71DBEDF33DCF76FFFCFF00FF00B9
:204E8900FF00837E211F3609130CE9163AE5E883C182FF00FF00FFC03FE0DF301FE847BCAA
:204EA9005B86FF00FF00FF00FF00FF00FF00FF00FF00FFFFFFFFFFFFFFFFFFFFFFFFFFFF1E
:204EC900FFFFFF00FF00FF7FFFFFC0FFC0FFC0FFC0FFFF00FF00FFFFFFFF00FF00FF00FF5E
:204EE90000FFC17E84F8FFFFFFFF00FF00FF00FF00FFC5034583498635CBE51B116F330ED7
:204F09000F02C0FFC0FFC0FFC0FFC0FFC0FFC0FFC0FF00FF00FF00FF00FF00FF00FF00FF86
:204F290000FF130E770CCF343FD87FE0FF80FF00FF00FF00FF3FE020E020EF2FED2CEF2E3E
:204F4900EF2BFF00FFFC07040704F7F4D754F774F794FC3CF808F808FF07FF0CFF10FF1F9C
:204F6900FF007F7C3F20FFE0FF20FF10FF88FF78FF00FF7EA19F3609130CE9163AE5E88321
:204F8900C182FF00FF00FFC03FF01FFCCF3E13EF43BFC0FFC0FFC0FFC0FFC0FFC0FFC0FF74
:204FA900FFFF00FF00FF00FF00FF00FF00FF00FFFFFFC50345834B8635CBE51B116F330ED1
:204FC9000F02FFFFFF00FF00FF00FF00FF00FF00FF00FFFFA2C1D261ACD3A7D888F6CC7074
:204FE900F040FFFF37C0B661DDE0D22DB877791E3E08C870EE30F32CFC1BFE07FF01FF0014
:20500900FF007A046B049B02E50FBDC367FFDFFFF07FFB16FF14EF64FE89F6F1E523D9C74A
:20502900FF3EFF00FF00FF03FC07FB0CF817E23DDA61C17E84F86C90C83097685CA717C12E
:205049008341A3C0A2C19261ACD3A7D888F6CC70F04003C037C0B661DDE0D22DB877791E8F
:205069003E08FE07FB07FC0FF81FF37CC877C2FDA3C084F86C90C83097685CA717C18341DA
:2050890003C0AF3F2F1F6D1FA41FC43F2DEF66C1FD03FC0FF0FFF0FE3DF8BEFDE6FFE69F31
:2050A900E2DE3EE75BBFBC7F78FF73FCC8F7C2FDA3C0F83DE0F9F0F338FDBDFEE6FFE69F9B
:2050C900E2DFFEE75BBFFC3FF8FFF3FCC8F7C2FDA3C0A2C1D2E1ACD3A7D888F6CC70F04007
:2050E900C87037C0B661DDE0D22DB877791E3E087A041CEBC97F9E7F1FFFF81F3D0E730EAE
:20510900560FADFF83FFFFFE8FFFC73FA37F8A7F0EFFA2C15261ACD3A7D888F6CC70F0402C
:20512900C870ADFF83FFFFFE8FFFC73FA37F8B7E0EFEA2C15261ACD3A7D888F64C7070403A
:205149004870CE70F36CFC7BFCF79F70DF307F9C778E6B049B02E50FBDC367FFDFFFF07F16
:20516900FB16731FFE3FFFFFFDFFDFFEFFFE7FFA9F7114FF3CFFF8FFF9EEF72CFF28DEC9CC
:20518900FC13CE7033EC7CFBBC673EE1BF61FF38EF1C731FFE3FFFFFFDFFDFFFFFFE7FFA62
:2051A9009F7017FC3DFEF8FFF8EFFB16FF14EF64FE89DBB7CFBCF36EFF3FFF00FF00FF00F4
:2051C900F040FF14EF64FE89F6F1E523D9C7D9C73E08DF317F9C778FDBB6CFBCF36EF36E25
:2051E900730EEDE3CB47B38EFF7CFF00FF00FF008A7FB76E9F78E7DCFF7EFF00FF00FF0008
:20520900F040DF307F9C778EDBB7CFBCF36EF36E730EF6F1E523D9C7FF3EFF00FF00FF00FD
:205229008B7EDBB7CFBCF36EFF3FFF00FF00FF007040C870CE70F36CFC7BFCF79F70DF3096
:205249007F9C560F731FFE3FFFFFFDFFDFFEFFFE7FFA0EFF14FF3CFFF8FFF9EEF72CFF2826
:20526900DEC9C870CE7033EC7CFBBC673EE1BF61FF38560F731FFE3FFFFFFDFFDFFFFFFED0
:205289007FFA0EFE17FC3DFEF8FFF8EFFB16FF14EF644870CE70F36CFC7BFCF79F70DF3000
:2052A9007F9CC50345834B8635CBE51B116E330E0F02778EDBB7CFBCF36EFF3FFF00FF00D9
:2052C900FF00FB16FF14EF64FE89F6F1E523D9C7D9C79F71DF317F9C778FDBB6CFBCF36EDB
:2052E900F36EFC13EDE3CB47B38EFF7CFF00FF00FF00EF1CB76E9F78E7DCFF7EFF00FF0015
:20530900FF009F70DF307F9C778EDBB7CFBCF36EF36EFE89F6F1E523D9C7FF3EFF00FF0017
:20532900FF00130C770CCF343FD87FE0FF80FF00FF00C830EE30F32CFC1BFE07FF01FF007D
:20534900FF00FF00FF00FF03FC0FF83FF37CC8F7C2FDFF7E85F96C90C83097685CA717C14D
:205369008341A3C0A2C1D261ACD3A7D888F6CC70F040FFC07FE0DFE03FF01FF8CF3E13EE4E
:2053890043BFC50345834B8735CBE51B116F330E0F025E20AF3F2F1F6D1FA41FC43F2DEFA6
:2053A90066C1130EFC0FF0FFF0FE3DF8BEFDE6FFE69F70FF3EE75BBFBC7F78FF73FCC8F7CC
:2053C900C2FD6AF084F86C90C83097685CA717C18341120EF83DE0F9F0F338FDBDFEE6FFB7
:2053E900E69F707FFEE75BBFFC3FF8FFF3FCC8F7C2FD130E730ECF363FDE3FEFF90EFB0C92
:20540900FE39FD031CEBC97F9E7F1FFFF81F3D0E730EE2DEADFF83FFFFFE8FFFC73FA37F3E
:205429008A7FA3C0A2C15261ACD3A7D888F6CC70F040E2DFADFF83FFFFFE8FFFC73FA37F57
:205449008B7EA3C0A2C15261ACD3A7D888F64C707040A3C0A2C1D261ACD3A7D88876CC70A8
:20546900F040FFFF00FF00FF00FF00FF00FF00FF00FFFFFE01FF01FF01FF01FF01FF01FFFF
:2054890001FF01FF01FF01FF01FF01FF01FF01FF01FFFF00FF3FE020E020EF2FEB2AEF2E76
:2054A900EF29FF00FFFC07040704F7F4B734F774F7D401FF01FF01FF01FF01FF01FF01FEB0
:2054C9007FFEFE3EFC04FF07FF04FF08FF11FF1EFF003F3C1F101F10FFE0FF30FF08FFF8E9
:2054E900FF0000FF00FF00FF00FF00FF00FF01FF01FF00FF00FF00FF00FF00FFFFFFFF00B2
:20550900FF00FF80FF80FF80FF80FF80FF00FF00FF0001FF01FF01FF01FF01FF01FF01FF0B
:02552900FFFE83
:020000040002F8
:0E4356002A4F05E94C00000003004000000063
:020000040000FA
:2090BD0000010203040102050607080900010203040102050A0A000102030401020500012A
:2090DD000203040102050001020304010205000102030401020500010203040102050B0C15
:2090FD000D0E0F10110E0F1213141516170E0F10110E0F120A0A0D0E0F10110E0F120D0E5A
:20911D000F10110E0F120D0E0F10110E0F120D0E0F10110E0F120D0E0F10110E0F12181934
:20913D001A1B061C1D1E1F2021220A232409061C1D1E06250A0A1A1B061C1D1E06251A1B16
:20915D00061C1D1E06251A1B061C1D1E06251A1B061C1D1E06251A1B061C1D1E06252627E6
:20917D0028292A2B2C2D2E2F0A0A0A0A30312A2B2C2D2A320A0A33292A2B2C2D2A3233290D
:20919D002A2B2C2D2A3233292A2B2C2D2A3233292A2B2C2D2A3233292A2B2C2D2A320A3438
:2091BD0035360A0A0A0A0A0A0A0A0A0A0A0A0A0A0A0A0A0A0A0A0A0A0A0A0A0A0A0A0A0AFB
:2091DD000A0A0A0A0A0A0A0A0A0A0A0A0A0A0A0A0A0A0A0A0A0A0A0A0A0A0A0A0A0A3738D7
:2091FD000F390A0A0A0A0A0A0A0A0A0A0A0A0A0A0A0A0A0A0A0A0A0A0A0A0A0A0A0A0A0ADE
:20921D000A0A0A0A0A0A0A0A0A0A0A0A0A0A0A0A0A0A0A0A0A0A0A0A0A0A0A0A0A0A3A19B2
:20923D00063B0A0A0A0A0A0A0A0A0A0A0A0A0A0A0A0A0A0A0A0A0A0A0A0A0A0A0A0A0A0AA4
:20925D000A0A0A0A0A0A0A0A0A0A0A0A0A0A0A0A0A0A0A0A0A0A0A0A0A0A0A0A0A0A262778
:20927D002A0A0A0A0A0A0A0A0A0A0A0A0A0A0A0A0A0A0A0A0A0A0A0A0A0A0A0A0A0A0A0A71
:20929D000A0A0A0A0A0A0A0A0A0A0A0A0A0A0A0A0A0A0A0A0A0A0A0A0A0A0A0A0A0A0A3447
:2092BD003C3D0A0A0A0A0A0A0A0A0A0A0A0A0A0A0A0A0A0A0A0A0A0A0A0A0A0A0A0A0A0AEC
:2092DD000A0A0A0A0A0A0A0A0A0A0A0A0A0A0A0A0A0A0A0A0A0A0A0A0A0A0A0A0A0A3E3FC8
:2092FD000F400A0A0A0A0A0A0A0A0A0A0A0A0A0A0A0A0A0A0A0A0A0A0A0A0A0A0A0A0A0AD6
:20931D000A0A0A0A0A0A0A0A0A0A0A0A0A0A0A0A0A0A0A0A0A0A0A0A0A0A0A0A0A0A1819D3
:20933D00063B0A0A0A0A0A0A0A0A0A0A0A0A0A0A0A0A0A0A0A0A0A0A0A0A0A0A0A0A0A0AA3
:20935D000A0A0A0A0A0A0A0A0A0A0A0A0A0A0A0A0A0A0A0A0A0A0A0A0A0A0A0A0A0A262777
:20937D002A0A0A0A0A0A0A0A0A0A0A0A0A0A0A0A0A0A0A0A0A0A0A0A0A0A0A0A0A0A0A0A70
:20939D000A0A0A0A0A0A0A0A0A0A0A0A0A0A0A0A0A0A0A0A0A0A0A0A0A0A0A0A0A0A0A3446
:2093BD0041360A0A0A0A0A0A0A0A0A0A0A0A0A0A0A0A0A0A0A0A0A0A0A0A0A0A0A0A0A0AED
:2093DD000A0A0A0A0A0A0A0A0A0A0A0A0A0A0A0A0A0A0A0A0A0A0A0A0A0A0A0A0A0A3738D5
:2093FD000F390A0A0A0A0A0A0A0A0A0A0A0A0A0A0A0A0A0A0A0A0A0A0A0A0A0A0A0A0A0ADC
:20941D000A0A0A0A0A0A0A0A0A0A0A0A0A0A0A0A0A0A0A0A0A0A0A0A0A0A0A0A0A0A3A19B0
:20943D00063B0A0A0A0A0A0A0A0A0A0A0A0A0A0A0A0A0A0A0A0A0A0A0A0A0A0A0A0A0A0AA2
:20945D000A0A0A0A0A0A0A0A0A0A0A0A0A0A0A0A0A0A0A0A0A0A0A0A0A0A0A0A0A0A262776
:20947D002A0A0A0A0A0A0A0A0A0A0A0A0A0A0A0A0A0A0A0A0A0A0A0A0A0A0A0A0A0A0A0A6F
:20949D000A0A0A0A0A0A0A0A0A0A0A0A0A0A0A0A0A0A0A0A0A0A0A0A0A0A0A0A0A0A0A3445
:2094BD0042424242424242424242424242424242424242420A0A42424242424242424242BF
:2094DD00424242424242424242420A0A42430A0A0A0A0A0A0A0A0A0A0A0A0A0A0A0A3E3F25
:2094FD0044444444444444444444444444444444444444440A0A4444444444444444444443
:20951D00444444444444444444440A0A44450A0A0A0A0A0A0A0A0A0A0A0A0A0A0A0A181918
:20953D000A0A0A0A0A0A0A0A0A0A0A0A0A0A0A0A0A0A0A0A0A0A0A0A0A0A0A0A0A0A0A0ACE
:20955D000A0A0A0A0A0A0A0A0A0A0A0A0A0A0A0A0A0A0A0A0A0A0A0A0A0A0A0A0A0A0A0AAE
:20957D000A0A0A0A0A0A0A0A0A0A0A0A0A0A0A0A0A0A0A0A0A0A0A0A0A0A0A0A0A0A0A0A8E
:20959D000A0A0A0A0A0A0A0A0A0A0A0A0A0A0A0A0A0A0A0A0A0A0A0A0A0A0A0A0A0A0A0A6E
:2095BD0046474747474747474747474747474747474747480A0A4444444444444444444446
:2095DD00444444444444444444440A0A44450A0A0A0A0A0A0A0A0A0A0A0A0A0A0A0A37381A
:2095FD00454949494949494949494949494949494949494A0A0A44444444444444444444E1
:20961D00444444444444444444440A0A44450A0A0A0A0A0A0A0A0A0A0A0A0A0A0A0A3A19F5
:20963D00454949494949494949494949494949494949494A0A0A44444444444444444444A0
:20965D00444444444444444444440A0A44450A0A0A0A0A0A0A0A0A0A0A0A0A0A0A0A2627BB
:20967D00454949494949494949494949494949494949494A0A0A4444444444444444444B59
:20969D004C4444444444444444440A0A44450A0A0A0A0A0A0A0A0A0A0A0A0A0A0A0A0A3482
:2096BD00454949494949494949494949494949494949494A0A0A4444444444444444444D17
:2096DD004E4444444444444444440A0A44450A0A0A0A0A0A0A0A0A0A0A0A0A0A0A0A3E3F01
:2096FD00454949494949494949494949494949494949494A0A0A4444444444444444444FD5
:20971D00504444444444444444440A0A44450A0A0A0A0A0A0A0A0A0A0A0A0A0A0A0A18190A
:20973D00454949494949494949494949494949494949494A0A0A4444444444444451525375
:20975D00545556444444444444440A0A44450A0A0A0A0A0A0A0A0A0A0A0A0A0A0A0A262787
:20977D00454949494949494949494949494949494949494A0A0A44444444445758595A5BF6
:20979D005C5D5E555644444444440A0A44450A0A0A0A0A0A0A0A0A0A0A0A0A0A0A0A0A341B
:2097BD00454949494949494949494949494949494949494A0A0A44444444445F60614949C1
:2097DD0049495C5D5E44444444440A0A44450A0A0A0A0A0A0A0A0A0A0A0A0A0A0A0A3738C3
:2097FD0045494949494949494949494949494949494949620A0A4747474763644949494968
:20981D00494949495C65474754440A0A44450A0A0A0A0A0A0A0A0A0A0A0A0A0A0A0A3A1990
:20983D0045494949494949494949494949494949494949490A0A494949494949494949496D
:20985D0049494949494949495C660A0A44450A0A0A0A0A0A0A0A0A0A0A0A0A0A0A0A262757
:20987D0045494949494949494949494949494949494949490A0A494949494949494949492D
:20989D004949494949494949494A0A0A44450A0A0A0A0A0A0A0A0A0A0A0A0A0A0A0A0A3455
:2098BD0045494949494949494949494949494949494949490A0A49494949494949494949ED
:2098DD004949494949494949494A0A0A44450A0A0A0A0A0A0A0A0A0A0A0A0A0A0A0A3E3FD6
:2098FD0045494949494949494949494949494949494949490A0A49494949494949494949AD
:20991D00494949494949494967680A0A44450A0A0A0A0A0A0A0A0A0A0A0A0A0A0A0A1819A5
:20993D004549696A4949494949494949494949494949496B0A0A42426C49494949494949F4
:20995D00494949494949496B6D440A0A44450A0A0A0A0A0A0A0A0A0A0A0A0A0A0A0A262745
:20997D0045496E6F4949494949494949494949494949494A0A0A444470714949494949499B
:20999D00494949494949676844440A0A44450A0A0A0A0A0A0A0A0A0A0A0A0A0A0A0A0A3422
:2099BD00454949494949494949494949494949494949494A0A0A44444472714949494949A9
:2099DD00494949494967734444440A0A44450A0A0A0A0A0A0A0A0A0A0A0A0A0A0A0A3738AB
:2099FD00744242426C494949496B424242424242424242440A0A4444444475494949494979
:209A1D00494949494976444444440A0A44450A0A0A0A0A0A0A0A0A0A0A0A0A0A0A0A3A19A6
:209A3D000A0A0A0A0A0A0A0A0A0A0A0A0A0A0A0A0A0A0A0A0A0A0A0A0A0A0A0A0A0A0A0AC9
:209A5D000A0A0A0A0A0A0A0A0A0A0A0A0A0A0A0A0A0A0A0A0A0A0A0A0A0A0A0A0A0A0A0AA9
:209A7D000A0A0A0A0A0A0A0A0A0A0A0A0A0A0A0A0A0A0A0A0A0A0A0A0A0A0A0A0A0A0A0A89
:209A9D000A0A0A0A0A0A0A0A0A0A0A0A0A0A0A0A0A0A0A0A0A0A0A0A0A0A0A0A0A0A0A0A69
:209ABD0077474747784949494962474747474747474747440A0A444747477849494949496A
:209ADD00494949494962474747440A0A44450A0A0A0A0A0A0A0A0A0A0A0A0A0A0A0A3E3FC7
:209AFD00454949494949494949494949494949494949494A0A0A45494949494949494949AE
:209B1D004949494949494949494A0A0A44450A0A0A0A0A0A0A0A0A0A0A0A0A0A0A0A79197E
:209B3D00454949494949494949494949494949494949494A0A0A454949494949494949496D
:209B5D004949494949494949494A0A0A44450A0A0A0A0A0A0A0A0A0A0A0A0A0A0A0A7A272F
:209B7D00454949494949494949494949494949494949494A0A0A454949494949494949492D
:209B9D004949494949494949494A0A0A44450A0A0A0A0A0A0A0A0A0A0A0A0A0A0A0A0A3452
:209BBD00454949494949494949494949494949494949494A0A0A45494949494949494949ED
:209BDD004949494949494949494A0A0A44450A0A0A0A0A0A0A0A0A0A0A0A0A0A0A0A3738E1
:209BFD00454949494949494949494949494949494949494A0A0A45494949494949494949AD
:209C1D004949494949494949494A0A0A44450A0A0A0A0A0A0A0A0A0A0A0A0A0A0A0A3A19BC
:209C3D0045494949494949494949494949494949494949620A0A7849494949494949494921
:209C5D004949494949494949494A0A0A44450A0A0A0A0A0A0A0A0A0A0A0A0A0A0A0A262782
:209C7D0045494949494949494949494949494949494949490A0A4949494949494949494929
:209C9D004949494949494949494A0A0A44450A0A0A0A0A0A0A0A0A0A0A0A0A0A0A0A0A3451
:209CBD0045494949494949494949494949494949494949490A0A49494949494949494949E9
:209CDD004949494949494949494A0A0A44450A0A0A0A0A0A0A0A0A0A0A0A0A0A0A0A3E3FD2
:209CFD0045494949494949494949494949494949494949490A0A49494949494949494949A9
:209D1D004949494949494949494A0A0A44450A0A0A0A0A0A0A0A0A0A0A0A0A0A0A0A1819DD
:209D3D0045494949494949494949494949494949494949490A0A4949494949494949494968
:209D5D004949494949494949494A0A0A44450A0A0A0A0A0A0A0A0A0A0A0A0A0A0A0A262781
:209D7D00454949494949494949494949494949494949496B0A0A6C494949494949494949E3
:209D9D004949494949494949494A0A0A44450A0A0A0A0A0A0A0A0A0A0A0A0A0A0A0A0A3450
:209DBD00454949494949494949494949494949494949494A0A0A45494949494949494949EB
:209DDD004949494949494949497B0A0A447C0A0A0A0A0A0A0A0A0A0A0A0A0A0A0A0A373877
:209DFD00454949494949494949494949494949494949494A0A0A45494949494949494949AB
:209E1D004949494949494949497D0A0A7E7F0A0A0A0A0A0A0A0A0A0A0A0A0A0A0A0A3A1913
:209E3D0045BABB494949494949494949494949494949494A0A0A454949BABB4949494949A4
:209E5D00494949494949494949490A0A0A0A0A0A0A0A0A0A0A0A0A0A0A0A0A0A0A0A2627F6
:209E7D0045BCBD494949494949494949494949494949494A0A0A454949BCBD49494949495C
:209E9D004949494949494949496B0A0A42430A0A0A0A0A0A0A0A0A0A0A0A0A0A0A0A0A3432
:209EBD00454949494949494949494949494949494949494A0A0A45BEBEBEBEBEBEBEBEBECD
:209EDD00BEBEBEBEBEBEBEBEBE4A0A0A44450A0A0A0A0A0A0A0A0A0A0A0A0A0A0A0A3E3FB3
:209EFD0074424242424242424242424242424242424242BF0A0A44444444444444444444B2
:209F1D00444444444444444444440A0A44450A0A0A0A0A0A0A0A0A0A0A0A0A0A0A0A18190E
:209F3D000A0A0A0A0A0A0A0A0A0A0A0A0A0A0A0A0A0A0A0A0A0A0A0A0A0A0A0A0A0A0A0AC4
:209F5D000A0A0A0A0A0A0A0A0A0A0A0A0A0A0A0A0A0A0A0A0A0A0A0A0A0A0A0A0A0A0A0AA4
:209F7D000A0A0A0A0A0A0A0A0A0A0A0A0A0A0A0A0A0A0A0A0A0A0A0A0A0A0A0A0A0A0A0A84
:209F9D000A0A0A0A0A0A0A0A0A0A0A0A0A0A0A0A0A0A0A0A0A0A0A0A0A0A0A0A0A0A0A0A64
:020000040002F8
:0E436400403C03F64C00000002BD500000007B
:020000040001F9
:200FDB000000000000000000000000000000000000000000010102020202020202020202E0
:200FFB000202020202020202020201010000000000000000000000000000000000000000C0
:20101B00010102020202020202020202020202000000000000000000000000000000000099
:20103B00000000010102020202020202020202020202020202020202020101000000000069
:20105B00000000000000000000000000000000010102020202020202020202020202000059
:20107B0000000000000000000000000000000000000001010202020202020202020202023B
:20109B00020202020202020201010000000000000000000000000000000000000000010121
:2010BB000202020202020202020202020200000000000000000000000000000000000000FB
:2010DB000001010202020202020202020202020202020202020202010100000000000000C9
:2010FB000000000000000000000000000001010202020202020202020202020200000000B9
:20111B00000000000000000000000000000000000101020202020202020202020202020296
:20113B00020202020202010100000000000000000000000000000000000000000101020280
:20115B0002020202020202020202020000000000000000000000000000000000000000015D
:20117B00010202020202020202020202020202020202020202010100000000000000000029
:20119B00000000000000000000000001010202020202020202020202020200000000000018
:2011BB000000000000000000000000000000010102020202020202020202020202020202F2
:2011DB000202020201010000000000000000000000000000000000000000010102020202E0
:2011FB000202020202020202020000000000000000000000000000000000000000010102BE
:20121B0002020202020202020202020202020202020202010100000000000000000000008B
:20123B00000000000000000000010102020202020202020202020202000000000000000077
:20125B0000000000000000000000000001010202020202020202020202020202020202024D
:20127B0002020101000000000000000000000000000000000000000001010202020202023F
:20129B0002020202020202000000000000000000000000000000000000000001010202021D
:2012BB000202020202020202020202020202020202010100000000000000000000000000EF
:2012DB000000000000000001010202020202020202020202020200000000000000000000D7
:2012FB000000000000000000000001010202020202020202020202020202020202020202A9
:20131B0001010000000000000000000000000000000000000000010102020202020202029E
:20133B0002020202020000000000000000000000000000000000000000010102020202027C
:20135B00020202020202020202020202020202010100000000000000000000000000000052
:20137B00000000000001010202020202020202020202020200000000000000000000000036
:20139B00000000000000000001010202020202020202020202020202020202020202010106
:2013BB000000000000000000000000000000000000000000010102020202020202020202FC
:2013DB000202020000000000000000000000000000000000000000010102020202020202DC
:2013FB000202020202020202020202020201010000000000000000000000000000000000B6
:20141B00000000010102020202020202020202020202000000000000000000000000000095
:20143B00000000000000010102020202020202020202020202020202020202020101000065
:20145B00000000000000000000000000000000000000010102020202020202020202020257
:20147B0002000000000000000000000000000000000000000001010202020202020202023B
:20149B00020202020202020202020201010000000000000000000000000000000000000019
:2014BB000001010202020202020202020202020200000000000000000000000000000000F5
:2014DB000000000001010202020202020202020202020202020202020202010100000000C5
:2014FB000000000000000000000000000000000001010202020202020202020202020200B5
:20151B00000000000000000000000000000000000000000101020202020202020202020298
:20153B0002020202020202020201010000000000000000000000000000000000000000017B
:20155B00010202020202020202020202020201010101010101010101010101010101010143
:20157B00010101010101010101010101010101010101010101010101010101010101010130
:20159B00010101010101010101010101010101010101010101010101010101010101010110
:2015BB000101010101010101010101010101010101010101010101010101010101010101F0
:2015DB000101010101010101010101010101010101010101010101010101010101010101D0
:2015FB0001010101010101010101010102020202020202020202020202020202020202029C
:20161B0001010000000000000000000000000000000000000000010102020202020202029B
:20163B0002020202020202020202020201010000000000000000000000000002020202026B
:20165B0002020202020202020202020202020201010000000000000000000000000000004F
:20167B00000000000001010202020202020202020202020202020202020202010100000023
:20169B00000000000000000000000202020202020202020202020202020202020202010105
:2016BB000000000000000000000000000000000000000000010102020202020202020202F9
:2016DB000202020202020202020201010000000000000000000000000002020202020202CB
:2016FB000202020202020202020202020201010000000000000000000000000000000000B3
:20171B00000000010102020202020202020202020202020202020202020101000000000082
:20173B00000000000000000002020202020202020202020202020202020202020101000064
:20175B00000000000000000000000000000000000000010102020202020202020202020254
:20177B0002020202020202020101000000000000000000000000000202020202020202022A
:20179B00020202020202020202020201010000000000000000000000000000000000000016
:2017BB000001010202020202020202020202020202020202020202010100000000000000E2
:2017DB000000000000000202020202020202020202020202020202020202010100000000C4
:2017FB000000000000000000000000000000000001010202020202020202020202020202B0
:20181B00020202020202010100000000000000000000000000020202020202020202020289
:20183B00020202020202020202010100000000000000000000000000000000000000000178
:20185B00010202020202020202020202020202020202020202010100000000000000000042
:20187B00000000000202020202020202020202020202020202020202010100000000000023
:20189B0000000000000000000000000000000101020202020202020202020202020202020B
:2018BB000202020201010000000000000000000000000002020202020202020202020202E9
:2018DB000202020202020201010000000000000000000000000000000000000000010102D9
:2018FB000202020202020202020202020202020202020201010000000000000000000000A5
:20191B00000002020202020202020202020202020202020202020101000000000000000082
:20193B00000000000000000000000000010102020202020202020202020202020202020266
:20195B00020201010000000000000000000000000002020202020202020202020202020248
:20197B00020202020201010000000000000000000000000000000000000000010102020238
:20199B00020202020202020202020202020202020201010000000000000000000000000008
:2019BB000202020202020202020202020202020202020202010100000000000000000000E2
:2019DB000000000000000000000001010202020202020202020202020202020202020202C2
:2019FB000101000000000000000000000000000202020202020202020202020202020202A8
:201A1B00020202010100000000000000000000000000000000000000000101020202020297
:201A3B00020202020202020202020202020202010100000000000000000000000000020267
:201A5B00020202020202020202020202020202020202010100000000000000000000000045
:201A7B0000000000000000000101020202020202020202020202020202020202020201011F
:201A9B00000000000000000000000000000202020202020202020202020202020202020205
:201ABB000201010000000000000000000000000000000000000000010102020202020202F7
:201ADB000202020202020202020202020201010000000000000000000000000002020202C7
:201AFB000202020202020202020202020202020201010000000000000000000000000000A9
:201B1B0000000000000001010202020202020202020202020202020202020202010100007E
:201B3B00000000000000000000000002020202020202020202020202020202020202020161
:201B5B00010000000000000000000000000000000000000000010102020202020202020255
:201B7B0002020202020202020202020101000000000000000000000000000101010101012C
:201B9B0001010101010101010101010101010101010101010101010101010101010101010A
:201BBB000101010101010101010101010101010101010101010101010101010101010101EA
:201BDB000101010101010101010101010101010101010101010101010101010101010101CA
:201BFB000101010101010101010101010101010101010101010101010101010101010101AA
:181C1B0001010101010101010101010101010101010101010101010199
:020000040002F8
:20437200030000000000000000000000000000000000FFFFFFFFFFFFFFFFFFFFFFFFFFFF36
:20439200FFFFFF00FF00FF00FF00FF00FF00FF00FF004F2809724300000004DB4F000000B2
:020000040000FA
:20CCF6008600FFC03FF00FFF0F7FBC1F7DBF67FF67F9FF3FF5FCF4F8B6F825F823FCB4F781
:20CD16006683FFFE211F3609130CE9163AE5E883C182FFC37FE7DAFD3FFC1FFFCF3F13EF45
:20CD360043BFBFF01FBC079F0FCF1CBFBD7F67FF67F9FFC37CE7DAFD3DFE1EFFCE3F13EF8D
:20CD560043BF5E20D620D940A7F0BDC3E6FFFBFF0FFE130F730FCF373FDF3FFF7FFFFFFFA9
:20CD7600FFFFF0FFE8FFFCFFFFFFFFFFFFFFFFFFFFFF6AF0CEF87FFCFFFFBFFFFBFFFFFF89
:20CD9600FEFFFF00FF00FF00FF00FF00FF00FF00FF006B9EEE1F13FF7CBFF8FFF3FCC8F780
:20CDB600C2FD017E04F86C90C83097685CA717C18341477BB5FFC1FFFF7FF1FFE3FCC5FE4B
:20CDD60051FEBFC038D793FE79FEF8FF1FF8BC70CE70C003EC036D86BB074BB41DEE9E7859
:20CDF6007C10C50345834A8635CBE51B116F320E0E0247FBB5FFC1FFFF7FF1FFE3FCC5FE9B
:20CE1600D17EC50345834A8635CBE51B116F330E0F02DF68FF28F7267F916F8FA7C49BE3F9
:20CE3600FF7DFFFFFFFFFFFFFF7FFF3FFF1FFF3FFFF8FFFFFFFFFFFFFFFFFFFFFFFFFF0F55
:20CE5600FF03F9FEFBFCFEF9EEF1DBEDF3FDCFF7FFFF477BB5FFC1FFFF7FF1FFE3FCC5FE34
:20CE7600D1FEA3C0A2C1D261ACD3A7D888F6CC70F04003C037C0B661DDE0D22DB877791E99
:20CE96003E0870FF28FF3CFF1FFF9F77EF34FF147B936AF0CEF87FFCFFFFBFFFFB7FFF7F9E
:20CEB600FE5F120E730ECF363FDE3FEFF90EFB0CFE39707FE83FBC7F1FFF1FF7DF68FF28D6
:20CED600F7266AF0CEF87FFCFFFFBFFFFBFFFF7FFE5F5E20D620D940A7F0BDC3E6FFFBFF70
:20CEF6000FFF130E730ECD373FDF3FFF7FFFFFFFFFFEFFFFFFFFFFFCFFF0FFC0FF80FF0070
:20CF1600FF00FFE0FF80FF00FF00FF00FF00FF00FF00FF7FFF0FFF03FF01FF00FF00FF0019
:20CF3600FF00F0FFE8FFFCFFFFFFFFFFFF7FFF3FFF1F130E730ECC373EDF3DE67C87FD86CA
:20CF5600FF1CC870EE30F32CFC1BFE07FF01FF00FF007A046B049B02E50FBDC367FFDFFFCF
:20CF7600F07F3FC8B7C7D3E2CD71FF3EFFE01FF8976CF98EFB8CFE39EEF1DB6DF33DCF769D
:20CF9600FFFCDF68FF28F7267F916F8FA7C49BE3FF7CEE71DBEDF33DCF76FFFCFF00FF00EE
:20CFB600FF007F916F8FA7C49BE3FF7CFF00FF00FF00F90EFB0CFE39EE71DBEDF33DCF760C
:20CFD600FFFCDF6FFF2FF7277F916F8FA7C79BE3FF7EFFFCFDFEF9FEF7FBFFFEFFC0FF8015
:20CFF600FF00FF0FFF07FF03FF01FF00FF00FF00FF00F9FEFBFCFEF9EEF1DBEDF37DCF76C9
:20D01600FFFCF738ED76F91EE73BFF7EFF00FF00FF003FC8B7C7D3E2CD71FF3EFF00FF0007
:20D03600FF00FB16FF14EF64FE89F6F1E523D9C7FF3E4B36211F3609130CE9163AE5E88369
:20D05600C182FF00FF00FFC03FE0DF301FE847BC5B86FF00FF00FF03FC07FB0CF817E23D69
:20D07600DA61C17E84F86C90C83097685CA717C18341C5034583498635CBE51B116F330EF2
:20D096000F02A3C0A2C19261ACD3A7D888F6CC70F040130E770CCF343FD87FE0FF80FF002D
:20D0B600FF00FF7EA19F3609130CE9163AE5E883C182FF00FF00FFC03FF01FFCCF3E13EF5E
:20D0D60043BFFF00FF00FF03FC0FF83FF37CC8F7C2FDFF7E85F96C90C83097685CA717C140
:20D0F6008341C50345834B8635CBE51B116F330E0F02837E211F3609130CE9163AE5E883FB
:20D11600C182FFFF00FF00FF00FF00FF00FF00FF00FFFFFC03FE01FF01FF01FF01FF01FFC3
:20D1360001FF00FF00FF00FF00FF00FF00FF00FF00FF01FF01FF01FF01FF01FF01FF01FFE1
:20D1560001FFE0FF00FF00FF00FF00FF00FF00FF01FF00FF00FF00FF00FF00FF00FF00FFE7
:20D17600FFFF03FF00FF00FF00FF00FF00FF00FF80FF000000000000000000000000000020
:20D19600000080FF80FF80FF80FF80FF80FF80FF80FF00FF00FF00FF00FF00FF01FF43FE45
:20D1B600E3BE00FF00FF00FF00FF00FF80FFC27FC77DF39E7FCC3FE01FF61BF21BF21FF67A
:20D1D6001FF1CF79FE33FC07F86FB82FB82FF86FF8CF1EFE04FC07FF07FC0FF81FF11EFFF1
:20D1F60000FF383F101F101FE0FFF03FF80FF8FF00FF3FFF20E020E02FEF2BEA2FEE2FE994
:20D216003EFEFCFF04070407F4F7B437F477F4D73C3F00FF00FF00FF00FF00FF00FF00FF2B
:20D236003FFF00FF00FF00FF00FF00FF00FF00FFFCFF3FFF20E020E02FEF2DEC2FEE2FEBFA
:20D256003CFCFCFF04070407F4F7D457F477F4977C7F7FFF40C040C05FDF57D45FDC5FD314
:20D276007CFCF8FF080F080FE8EF686FE8EFE8AF787F04FC07FF07FC0FF81FF11EFF00FFAC
:20D296007FFF101F101FE1FFF13FF90FF9FF02FEFCFC40C080800000000000000000000094
:20D2B60000000203010100000000000000000000000008F808F887FF8FFC9FF09FFF407F54
:20D2D6003F3F203FE0FFE03FF01FF88F78FF00FFFCFF08F80EFE0FF91FF03FE23DFF00FFD7
:20D2F6001FFF203F213FC2FEE27EF21EF2FE04FCF8F880800000000000000000000000002B
:20D31600000080FF80FF80FF80FF80FF80FF407F3F3F00FF00FF00FF00FF00FF00FF01FFC6
:20D33600FEFE20E040C080808080808080800000000000FF00FF80FF80FF80FF80FF407F22
:20D356003F3F00FF00FF80FF80FF80FF80FF80FF80FF00000000000000000000000001013F
:20D37600020380FF80FF80FF80FF80FF80FF00FF00FF000000007F7F404040405F5F575433
:20D396005F5C00000000F8F808080808E8E86868E8E83F3F407F80FF80FF80FF80FF80FF84
:20D3B60080FFFCFC02FE01FF01FF01FF01FF01FF01FFFCFF00FF00FF00FF00FF00FF00FFEB
:20D3D60000FF5F537C7C08080E0E0F091F103F223D3DE8A8787820202020C0C0E060F01080
:20D3F600F0F001FF01FF01FF01FF01FF01FF00FF00FF000000000000000000000000808039
:20D4160040C03CFC02FE01FF01FF01FF01FF00FF00FF3C3F407F80FF80FF80FF80FF00FF8B
:20D4360000FF01FF00FF00FF00FF00FF00FF00FF00FF3CFC02FE01FF01FF01FF01FF01FFA6
:20D4560001FF3C3F407F80FF80FF80FF80FF80FF80FF00FF00FF00FF00FF00FF00FF00FF89
:20D4760001FF01FF01FF01FF01FF01FF01FF02FEFCFCA3C0A2C1D261ACD3A7D88876CC706D
:20D49600F040C830EE30F32CFC1BFE07FF01FF00FF0080FF80FF80FF80FF80FF80FF80FF7E
:20D4B600407F01FF01FF01FF01FF01FF01FF01FF03FE3F3F00000000000000000000000018
:20D4D6000000FFFFFF00FF00FF00FF00FF00FF00FF00FFFCFF00FF00FF00FF00FF00FF004A
:20D4F600FF0000003F3F202020202F2F2B2A2F2E2F290000FCFC04040404F4F4B434F47471
:20D51600F4D43E3E0404070707040F081F111E1E00003C3C10101010E0E0F030F808F8F885
:20D5360000000000000000000000000000000000FFFF80FF00FF00FF00FF00FF00FF00FF5E
:02D5560000FFD4
:020000040002F8
:0E43B200403C03F64C00000002BD500000002D
:020000040001F9
:20D117000000000000000000000000000000000000000000000000000000000000000000F8
:20D137000000000000000000000001020304000000000000000000000000000000050607BC
:20D157000809000A0B0C0D0E0F10110D1213140000151600171800191A1B1C1D1E1F202196
:20D1770022232400002526272800292A2B2C2D2E2F303132331334000035363738393A3BCC
:20D197003C3D3E3F40004142432344000045464748494A4B004C3E4D4E004F505152530063
:20D1B700000000545556575800595A5B5C005D5E5F60610000006263646566000000000071
:20D1D7000000000000000000006768696A6B6C6D006E6F70717172737475760000777800F0
:20D1F700797A7B7C007D7E7F8485868788898A8B00258C00008D8E8F9091927F9394954AE5
:20D2170096979899009A9B9C9D9E9FA0A1A2001DA3A4A5A6A7A8A90000AAABACADAEAFB0A9
:20D23700B1B200B3B4B5B6B7B8B9BA8B0000000000BB00BCBD000000000000000000BEBF84
:20D257000000000000000000000000000000000000000000000000000000000000000000B7
:08D277000000000000000000AF
:201C3300BC00FFFFFFFFFFFFFFFFFFFFFFFFFFFFFFFFFFFFFFFFFFFFFFFFFFFFFFF8FF8079
:201C5300FF00FFFFFFFFFFFFFFE7FF80FF00FF00FF00FFFFFFFFFFFFFFFFFF7FFF07FF019A
:201C7300FF00FFFFFFFFFFFFFFFFFFFFFFFFFFFFFF7FFFFFFFFEFFFCFFF8FFF8FFFCF8F813
:201C9300F0F0FF00FC00E000C00080000E001F003F00C0000000000000001C1CFFFFFFFFD6
:201CB300FFFFFF000F00030000000000EEE0FFE0FFE0FF3FFF1FFF0FFF077F07FF07FF0774
:201CD300FF07FFFFFFFFFFF8FFF0FFE0FFE0FFE0EEE0FFFFFFE0FF00FF00FF00F8000000CC
:201CF3000000FFFFFF07FF03FF01FF000F0007000700FFFFFFFFFFFFFFFFFFFFFF7FFF7FBD
:201D1300FF3FFFFFFFFFFFFCFFF8F7F0E3E0E0E0E0E0FFFFFFFFFF7FFF1FFF0FFF07FF03AC
:201D33007F01FFFFFFFFFFFFFFFFFFFFFFFEFFFCFFF8FFFFFFFFFFFFFFC1FF80FF00FF00F4
:201D5300F700FFFFFFFFFFFFFFFFFFE0FFC0BF801F00FFFFFFFFFFFFFFFFFF00FF00FF0090
:201D7300FF00FFFFFFFFFFFFFFFFFF07FF03FF01FF01E0E0C0C0C1C0C1C083808380838006
:201D930087807F01FF03FF07FF0FFF1FFF1FFF3FFF3FFFF0FFFCFFFFFFFFFFFFFFFFFFFFFB
:201DB300FFFFFF0FFF3FFFFFFFFFFFFFFFFFFFFFFFFFC0C0C0C0C0C0808081808380070047
:201DD300070007073F037F01FF01FF03FF0FFF1FFF3F03008380C3C0C1C0E1E0E0E0E0E062
:201DF300F0F0FF3FFF3FFF1FFF1FFF0FFF0FFF0FFF0FE0E0F0F0F0F0F0F0F0F0F0F0F0F000
:201E1300F0F03F001F000F0003000000000000003000FF60FF00FF00FE00F80000000000DC
:201E33000101E300830003000100010001006160E1E0FF3FFF3FFF1FFF1FFF1FFF1FFF1F8D
:201E5300FF1F00000000000003030303030303030303000000000000FFFFFFFFFFFFFFFF3B
:201E7300FFFF1F011F011F01FFF3FFFFFFFFFFFFFFFF8780878087808780878087808780D6
:201E93008780FF3FFF7FFF7FFF7FFF7FFF7FFF7FFF7FFFFFFFFFFFFFFFFFFFFFFFFFFFFF86
:201EB300FFF8FFFFFFFFFFFFFFFFFFFFFFFFFFFFFF00FFFFFFFFFFFFFFFFFFFFFEFEFEFE39
:201ED300FEFE07000700070007000700070007000700FF7FFF7FFF7FFF7FFF7FFF7FFF03C5
:201EF300FF00F0F0F8F8F8F8F8F8F8F8F8F8FCFCFC00FF077F077F077F077F077F077F0326
:201F13003F03F0F0F0F0F0F0F0F0F0F0F0F0E0E0E0E07800FF07FF07FF0FFF0FFF0FFF0FF0
:201F3300FF0F0F0FFFFFFFFFFFFFFFFFFFFFFFFFFFFFE1E0C1C0C1C0C1C0C1C0C1C0C1C0A9
:201F5300C1C0FF1FFF1FFF1FFE1EFE1EFE1EFE1EFE1E0303030303030303030007000700DE
:201F73000300FFFFFFFFFFFFFFFFFF0FFF07FF07FF0387808780838083808180C0C0C0C022
:201F9300E0E0FF7FFF3FFF3FFF1FFF0FFF077F013F00FFF0FFF0F7F0F0F0F8F8FCFCFFFFF8
:201FB300FF67FF00FF00FF00010000000000F0F0FCFCFF3FFF1FFF07FF037F033F011F018C
:201FD3001F00FEFEFEFEFEFEFCFCFCFCFCFCFCFCFCFC0300000000000000000000000F03EE
:201FF3001F01FF00FF000700000000000000E0E0FFFFFE00FE00FC000000000000000000F3
:20201300FCFC3F033F033F033F033F033F033F033F03E0E0E1E0E1E0E1E0E1E0E1E0E1E05F
:20203300E1E0FF0FFF0FFF1FFF1FFF1FFF1FFF1FFF1FC1C0C1C0C1C0C1C0C1C0C1C0C1C075
:20205300C1C0FE1EFE1EFE1EFE1EFE1EFE1EFE1EFE1E0000000000000707070707070707D4
:2020730007073F033F033F03FFE7FFFFFFFFFFFFFFFFE0E0F0F0F8F8FEFEFFFFFFFFFFFF15
:20209300FFFF1F000F00030000000000C0C0E0E0F8F8FF03FF00FF00FF00070000000000C8
:2020B3000000FEFEFF00FF00FF00FF000000000000000F000F008F008F000F000F000F00AC
:2020D3000F00FCFCFCFCFCFCF8F8F8F8F8F8F8F8F8F81F011F011F011F011F011F013F0146
:2020F3007F01FCFCFCFCFCFCFCFCFCFCFCFCFCFCFCFCE1E0E1E0E1E0E3E0E3E0E3E0E3E03E
:20211300E3E0FF1FFF1FFF1FFF1FFF1FFF3FFF3FFF3FC1C0C1C0C1C0C1C0C1C0C1C0C1C012
:20213300C3C0FE1EFE1EFE1EFE1EFE1EFE1EFE1EFF1F0707070707070704070007000300E1
:202153000100FFFFFFFFFFFFFFFFFF0FFF00FF00FF00FFFFFFFFFFFFFFFFFFFFFF03FF0170
:20217300FF000000FFFFFFFFFFFFFFFFFFFFFFFFFFFF0303FFFFFFFFFFFFFFFFFFFFFFFF61
:20219300FFFF0F000F000F000F000700070007000700FBF8FFF8FFF8FF7CFF7FFF7FFF7F00
:2021B300FF7FFF03FF03FF07FF1FFFFFFFFFFFFFFFFFFCFCFDFCFFFCFFFCFFFEFFFFFFFF8E
:2021D300FFFF3F03FF03FF03FF07FF0FFFFFFFFFFFFFE3E0F3F0FFFCFFFEFFFFFFFFFFFF02
:2021F300FFFFFF3FFF3FFF3FFF7FFFFFFFFFFFFFFFFFC3C0C3C0E3E0FFFCFFFEFFFFFFFFE1
:20221300FFFFFF1FFF3FFF3FFF3FFF7FFFFFFFFFFFFF00008080E0E0F8F8FFFFFFFFFFFFB3
:20223300FFFF1F00000000000000FFFFFFFFFFFFFFFFFF000F000F000F00FFF9FFFFFFFF56
:20225300FFFFFFFFFFFFFFFFFFFFFFFFFFC0FF80FF80FFFFFFFFFFFFFFFFFFFFFF00FF00C6
:20227300FF00FFFFFFFFFFFFFFFFFFFFFF7FFF03FF0007008780FFFCFFFFFFFFFFFFFFFFD6
:20229300FF3FFF7FFF7FFFFFFFFFFFFFFFFFFFFFFFFFFFFFFCFCF8F8F0F0E0E0E0E0C0C037
:2022B300C0C07F003000000000001F013F007F00FF01FF00000000000000FEFEFFFFFFFF07
:2022D300FFFFFF00FF00070000000000E0E0F8F8FCFCFF1FFF07FF03FF033F011F000F00AA
:2022F3000700FFFFFFFEFFFCFFFCFDFCFCFCFC7CFC7CFFFFFF0FFF07FF07FF077F033F0310
:202313003F03FFFFFFFFFFFFFFFFFFF0FFE0FFE0FFF0FFFFFFFFFFFFFFFFFF3FFF1FFF0F72
:20233300FF07FFFFFFFCFFF8FFF8F3F0E0E0E0E0E0E0FFFFFF00FF00FF00FF000000000080
:202353000000FFFFFF7FFF3FFF1FFF0FFF0FFF0FFF0FFFFFFFFCFFF8FFF8FBF8F8F8F8F8A0
:20237300F8F8FFE0FF00FF00FF00F800000000003800FF07FF00FF00FF000F00010000003B
:202393000000FFFFFFFFFF3FFF1FFF0FFF077F033F01C1C08180818083808380838083806D
:2023B3008380FF07FF0FFF1FFF1FFF1FFF3FFF3FFF3FFEFEFFFFFFFFFFFFFFFFFFFFFFFFEF
:2023D300FFFF070003008380C1C0E1E0E1E0F0F0F0F0FC3CFC3CFC1CFC1CFC0CFC0CFC0C64
:2023F300FE063F033F033F033F033F011F011F011F01E0E0E0E0C0C0C0C0C1C08180838019
:2024130007007F077F07FF07FF07FF0FFF0FFF1FFF1FE0E0E0E0E0E0E0E0E0E0E0E0E0E0F2
:20243300E0E07F7F7F7F7F7F7F7F7F7F7F7F7F607F00FFFFFFFFFFFFFFFFFFFFFFFFFF0183
:20245300FF00FF0FFF9FFFFFFFFFFFFFFFFFFFFFFFFFF8F8F8F8F8F8F8F8F8F8F8F8F8F83A
:20247300FCFC7F037F037F077F077F077F077F077F07E0E0F8F8FCFCFEFEFEFEFFFFFFFF8D
:20249300FFFF1F011F000F000F000F000F0087808380FFFFFFFFFFFFFF7FFF7FFF7FFF3FF4
:2024B300FF3FFF3FFF3FFF7FFF7FFF7FFF7FFF7FFF7FF0F0F0F0F0F0F8F8F0F0F0F0F0F02B
:2024D300F0F07E067E067E067E067F077F077F077F071F011F000F000F000F000F0007005F
:2024F3008780FFFFFEFEFEFEFCFCFCFCFC7CF878F878070007000F000F001F001F003F01DA
:202513003F01FF3FFF3FFF7FFF7FFFFFFFFFFFFFFFFFFF00FF0078000000000000003F3F04
:202533003F3FFF00FF000300010001000100FFFFFFFFFF7FFF3FFF1FFF1FFF1FFF1FFF3F98
:20255300FFFF7F033F001F000F000700000000000000FFFCFF00FF00FF00FE00000003007B
:202573000700C300E300E700CF001F003F00FF01FF03FF3FFF3FFF3FFF3FFF7FFFFFFFFF13
:20259300FFFF8780C3C0C3C0C1C0E0E0E0E0E0E0F0F0FF3FFF3FFF1FFF0FFF07FF037F004D
:2025B3001F00FFFFFFFFFFFFFFFFFFFFFFFFFF3FFF1FFFFFFFFFFFFFFFFFFFFFFFFFFFFFA7
:2025D300FEE0E0E0E0E0E0E0C1C0C1C0838003000700FF07FF07FF0FFF0FFF0FFF1FFF1F49
:2025F300FF3F878083808380C3C0C1C0C1C0E1E0E0E0F030F030F030E000E000E000E10096
:20261300C1003F037F037F037F07FF07FF07FF0FFF0F3F3F3F3F3F3F3F3F3F3F3F3F3F209F
:202633003F00FFFFFFFFFFFFFFFFFFFFFFF3FF01FF00FFFFFFFFFFFFFFFFFFFFFFFFFFFF6F
:20265300FF3FF8F8F8F8F8F8F0F0F0F0F0F0F0F0F0F000000000000018181C1C1E1E3F3FD7
:202673003F3F0F000F000F0007000300010000008080FF07FF1FFF7FFF3FFF1FFF0FFF077F
:202693007F03F8F8FCFCFEFEFFFFFFFFFFFFFFFFFFFF0F000700010000008080E0E0F8F804
:2026B300FFFFFF00FF00FF003F000000000000000000FF00FF00FE00F800000000000000D9
:2026D3000101070007001F003F007F01FF03FF07FF0FFF3FFF7FFF7FFFFFFFFFFFFFFFFFB1
:2026F300FFFFE0E0F0F0F0F0F8F8F8F8FCFCFCFCFFFE01000300070007000F001F00FF003D
:20271300FF01FF1FFF1FFF1FFF3FFF7FFF7FFFFFFFFFF0F0F0F0F0F0F8F8FCFCFFFFFFFF92
:20273300FFFF3F003F001800000000000000FFFFFFFFFF00FF000300000000000000FFFFF7
:20275300FFFFFF1FFF0FFF0FFF0FFF0FFF0FFF9FFFFFF0F0F0F0F0F0F0F0F0F0F0F0F8F838
:20277300FFFF3F3F3F3F3F3F3F3F3F3F3F3F7F7FFFFFC0C0E0E0F0F0F8F8FCFCFEFEFFFF56
:20279300FFFF3F011F000F000F000700070007008780FF9FFFFFFFFFFFFFFFFFFFFFFFFFFD
:2027B300FFFFFFFEFFFFFFFFFFFFFFFFFFFFFFFFFFFFFF03FF07FFFFFFFFFFFFFFFFFFFF1B
:2027D300FFFFDFC0FFC0FFC0FFE0FFFFFFFFFFFFFFFFFF3FFF3FFF7FFFFFFFFFFFFFFFFF02
:0227F300FFFFE6
:020000040002F8
:0E43C000141204335C000000071751000000C7
:020000040001F9
:20D27F0000000000000000000000000000000000000000000000000000000000000000008F
:20D29F0000000000000000000000010101010101010101010101010101010200000001015B
:20D2BF00010101010101010101010101010102000000010101010101010101010101010131
:20D2DF0001010200000003040506010708090A0B0C0D01010101020000000E0F1011121369
:20D2FF001415161718191A1B1C1D020000001E1F2021220101012324012526272829020068
:20D31F000000012A2B2C2D2E01012F300101313233340200000001353601373839013A3B57
:20D33F00013C3D073E3F020000004041424344454601474801494A4B4C4D020000004E4F52
:20D35F00505152535401555401015657580102000000010101010101010101010101010152
:20D37F00010102000000010101010101010101010101010101010200000001010101010172
:20D39F00010101010101010101010200000001010101010101010101010101010101020050
:20D3BF000000595959595959595959595959595959595A0000000000000000000000000064
:08D3DF00000000000000000046
:20552B005B0000FF00FF00FF00FF00FF00FF00FF00FFFFFFFFFFFFFFFFFFFFFFFFFFFFFF1B
:20554B00FFFF80FF80FF80FF80FF80FF80FF80FF80FFFFFFFFFFFFFFFFFFFFFFFFFEFFF860
:20556B00FFF0FFFFFFFFFFFFFFE0FF00FF00FF00F800FFFFFFFFFFFFFF01FF00FF00FF006C
:20558B000300FFFFFFFFFFFFFFFFFF1FFF07FF01FF00FFFFFFFFFFFFFFFFFFFFFFFFFFFFF0
:2055AB00FEFEFFFFFFFFFFFFFFFFF0F0C0C000000000FFFFFFFFFFFFFFFF00000000000094
:2055CB000000FFFFFFFFFFFFFFFF0303000000000000FFFFFFFFFFFFFFFFFFFFFFFF1F1F90
:2055EB000000FFFFFFFFFFFFFFFFFFFFFFE0BF803F00FFFFFFFFFFFFFFFFFFFFFFFFFF7FDB
:20560B00FF3FFFE0FFE0FEC0FCC0FC80F880F880F880C000000001010F0F232047404740F4
:20562B00C7C000000000F0F0FFFFFFFFFF7FFF7FFF3F3F000F00070001008080F0F0F0F0AC
:20564B00F8F8FF3FFF1FFF0FFF0FFF077F077F033F01FEFEFEFEFEFEFFFFFFFFFFFFFFFF9D
:20566B00FFFF03000F001F001F00FFE0FFF3FFFFFFFFFF00FF00FF00FF00FFFFFFFFFFFF0E
:20568B00FFFFFC00FF00FF00FF00FFF8E1E0C3C0C3C00000E000FF00FF00FF00FF40FF3FF0
:2056AB00FF3F1F000300FF00FF00FF00FF01FFFFFFFFFF3FFF3FFF3FFF3FFF7FFFFFFFFF14
:2056CB00FFFFFFFEFFFCFFF8FFF0EFE0C7C080800100FF00FF00FF00FF0080000000000010
:2056EB00FF00FF07FF01FF00FF001F0007000700FF00FFFFFFFFFFFFFF7FFF7FFF3FFF3FFE
:20570B00FF3FF880F1C1FFFFFFFFFFFFFFFFFFFFFFFFC3C0C3C0E3E0E3E0E1E0E1E0E1E053
:20572B00E1E0FF3FFF3FFF3FFF1FFF1FFF1FFF1FFF0FF8F8FCFCFCFCFCFCF0F080800000A5
:20574B0000001F011F011F011F011F013F017F017F01C3C0C3C08780878087808780878035
:20576B008780FF3FFF3FFF3FFF3FFF7FFF7FFF7FFF7FFFFFFEFEFEFEFEFEFEFEFEFEFEFE41
:20578B00FEFE07000F000F000F000700070003000100FF00FF00FF00FF7FFF1FFF00FF0025
:2057AB00FF00FF00FF00FF00FFE3FFFFFF07FF00FF00FF3FFF7FFFFFFFFFFFFFFFFFFFFF4C
:2057CB00FF7FF0F0F0F0F0F0F0F0F0F0F8F8F8F8F8F8FF0FFF0FFF0FFF0FFF0FFF077F073E
:2057EB007F07000000008080F0F0FEFEFFFFFFFFFFFF7F007F003F00030000008080E0E042
:20580B00F0F0FF7FFF1FFF0FFF07FF033F011F000F0087800700070007000700070007004C
:20582B000700FF7FFF7FFF7FFF7FFF7FFF7FFF7FFF7F00008080E0E0FCFCFFFFFFFFFFFFB4
:20584B00FFFF3F00000000000000FFFFFFFFFFFFFFFFFF000F00010001000000E0E0F0F058
:20586B00F8F8FF3FFF1FFF1FFF0FFF0FFF0FFF077F07F8F8F8F8F8F8F8F8F8F8FCFCFCFC5D
:20588B00F8F87F077F077F033F033F033F033F037F03F8F8FCFCFFFFFFFFFFFFFFFFFFFF17
:2058AB00FFFF0F000700030083808180C1C0C1C0C1C0FF7FFF3FFF3FFF1FFF1FFF1FFF1FCD
:2058CB00FF1F07000700070007000700070007008380FF7FFF7FFF7FFF7FFF7FFF7FFF3F39
:2058EB00FF3FFFFFFFFFFFFFFFFFFFFFFFFFFFFFF0F0FFFFFFFFFFFFFFFFFFFFFFFFFFFF9B
:20590B000F0FF8F8F8F8F8F8F8F8F0F0E0E0C0C000007F077F037F037F037F077F07FF0760
:20592B00FF07FFFFFFFFFFF0FFE0FFC0FFC0FEE0FEE0F8F8F8F8B030D010C0008000010071
:20594B0001007F037F077F077F077F07FF07FF0FFF0FFFFFF0F0F0C0F880F880FC80FE8007
:20596B00FFC0FFFFFFFF3F3F1F1F0F0F020200008000E1E0E1E0E1E0C3C083800300070030
:20598B000F00FF1FFF1FFF1FFF1FFF1FFF3FFF3FFF3F838083808380C1C0C3C0E3E0EFE0FE
:2059AB00FFE0FF3FFF3FFF1FFF1FFF1FFF1FFF3FFF3FE0E0E0E0E0E0E0E0F1F0FFFCFFFCB6
:2059CB00FFFE0000000000000000F800FF00FF00FF00F8F80000000000000000FF00FF00DC
:2059EB00FF000100010003000F001F00FF00FF00FF03FF0FFF0FFF1FFF1FFF3FFF7FFFFF58
:205A0B00FFFFFFE0FFE0FFF0FFF8FFFCFFFFFFFFFFFF8700DF00FF00FF00FF01FF87FFFFFC
:205A2B00FFFFFF1FFF1FFF3FFF7FFFFFFFFFFFFFFFFFFFE0FFF8FFFCFFFFFFFFFFFFFFFFA4
:205A4B00FFFFF800FF00FF00FF00FFF0FFFFFFFFFFFF3F00FF00FF01FF03FF0FFFFFFFFF15
:205A6B00FFFFFF7FFFFFFFFFFFFFFFFFFFFFFFFFFFFFFFE0FFE0FFF3FFFFFFFFFFFFFFFF05
:205A8B00FFFFFFF0FFFFFFFFFFFFFFFFFFFFFFFFFFFFFF00FFFFFFFFFFFFFFFFFFFFFFFF29
:205AAB00FFFFFF07FFFFFFFFFFFFFFFFFFFFFFFFFFFFFFFF00FF00FF00FF00FF00FF00FFED
:125ACB0000FF80FF00FF00FF00FF00FF00FF00FF00FF52
:020000040002F8
:0E43CE001412052B55000000077F520000005E
:020000040001F9
:20D3E7000000000000000000000000000000010002000000000304050600070008090A0BE4
:20D407000C0D0E0F10110000001213141516170018191A1B1C001D1E1F0000000020210016
:20D427002223240025262700000028292A00000000002B2C2D2E2F303132333435363738DA
:20D44700393A0000003B3C3D3E3F40414200434445464748494A0000004B4C004D4E4F3574
:20D467003550515253005455565700000058595A5B5C5D5E455F606162636465666768002F
:20D4870000696A6B6C6D6E6F70717273747576000077780000797A007B7C7D7E7F0085860E
:20D4A7008788898A8B8C8D00008E8F00909192939495969798999A9B9C9D9E0000000000A9
:20D4C7000000009FA09EA1A200A300A4A50000000000000000000000000000000000000039
:20D4E700000000000000000000000000000000000000000000000000000000A6A7A8000030
:20D50700005457A95700000000000000000000AAABACADAEAF12B0B1B2B3B4B5B6B70000A0
:20D52700000000439EB8B9BABB00439EBC00BDBEBF00000000000000000000000000000046
:08D547000000000000000000DC
:2027F500BB00FF00FF00FF00FF00FF00FF00FF00FF00FF00FF00FF00FF00FF00FF00FF78A0
:20281500FFFCFF00FF00FF00FF00FF00FF00FF00FF1CFF00FF00FF00FF01FF01FF03FF0393
:20283500FF03FF00FF0EFF7FFFFFFFFF808080808F8FFF00FF02FFFFFFFFFFFF03030000DD
:202855008080FF00FF00FF00FFC0FFE0FFF8FFFE3F3FFF00FF00FF20FF78FFFCE7E7C3C373
:20287500C3C3FF00FF00FF00FF07FF07FF1FFF1FFD1DFF00FF00FF00FF80FF80FFE0FFE0A5
:20289500BFA0FF00FF00FF00FF00FF00FF03FF07FF0FFF00FF00FF00FF00FF07FF7FFFFF35
:2028B500F8F8FF00FF00FF00FF00FFE0FFF0FFF07F70FF01FF01FF01FF01FF01FF00FF006D
:2028D500FF00FFFEE7E6C3C2C3C3C3C3C3C3C3C3C3C3FF00FF00FF00FF00FF01FF01FF03F9
:2028F500FE06FF3FFF7FFFFFC7C78383030307060F0EFF00FF00FF80FF80FF80FF00FF00C8
:20291500FF00FF03FF03FF03FF03FF03FF03FF03FF038F8F8F8F0F0F0F0C0F0C0F0C0F0CCD
:202935000F0EFEFEFFF9FFFFFF0FFF01FF00FF00FF000F0F8787C343E1E1F0F0F8E8F87844
:20295500FC3CFF80FF80FFC0FFE0FFF07F707F703F30C3C3C3C3C3C3C3C3C3C3C3C3C3C3A8
:20297500C3C3FD1DFD1DFC0CFC0CFC0CFC0CFC0CFC0CBFA0FFE0FFE0FFE0FFE0FFE0FFE0BF
:20299500FFE1FE1EFC3CF838F070F0F0E0E0C1C1C3C30000000000000F0F7F70FFC0FF806B
:2029B500FF803F383F387F60FFE0FF00FF00FF00FF00C3C3C343C343C141E161E161E16181
:2029D500E121FE86FC8CFC8CF898F090E0E0C0C0C0C00F0C1F1C1F183F303F307F60FFE053
:2029F5007F70FF03FF01FF01FF01FF01FF01FF01FF008F8ECFCECFCECFCECFCEC7C6C7C726
:202A1500C7C7FC1CFC1CFE1EFE1EFC3CFC3CF878F1F13F381F183F383F387F707F707F7080
:202A3500FFE1C3C3C7C7C7C7C7C7C7C7C7C7C7C7C7C7FC1CFC1CFC1CFC1CFC1CFC1CFC3C71
:202A5500F838FFE1FFE1FFE1FFE1FFE1FFE1FFE1FFC1C3C3C3C3C3C2C3C2C3C2C3C2C3C2AC
:202A7500C3C3E121E020E020E020F030F030F030F03000000000000008083C3C7C7CFEFEBD
:202A9500FFFB7F787F787F783F381F181F1C0F0E0707C7C7E7E7E767E767F373F070F87800
:202AB500FC7CFF00FF01FF0FFFFFFCFC000003030F0FE3E3C7C78F8F1F1F3F3CFFF8FFF051
:202AD500FFC0FFE1FF81FF01FF01FF01FF00FF00FF00C7C7C7C7C7C7C3C3C3C3C1C1E0E0CD
:202AF500F878FF00FF00FF00FF01FF83FFFFFFFF0000F939F979F1F1E3E3C7C79F9F3F3E41
:202B15003F3EFFC1FFC1FFC0FF80FF80FF00FF00FF00E3E3E1E1E0E0F0F0F878FF3FFF0F05
:202B3500FF07FF00FFC0FFF03F3F01010000F8F8FCFCFF00FF00FF00FFFFFFFF000000006C
:202B55000000FF00FF00FF00FFE0FFF0FFF87F787F78F030F030E020E020F030F838F838F0
:202B7500F838FFF3FFC1FFC0FFC07F407F407F407F408383C1C1E0E0F070F878FC3CFC1C7C
:202B9500FE0EFF80FFC0FFC07F603F303F301F1C0F0EFF00FF00FF00FF00FF00FF00FF0009
:202BB500FF07FF1FFF07FF00FF00FF00FF00FFC0FFC0FFFFFFFEFF00FF00FF00FF00FF0066
:202BD500FF00FF80FF00FF00FF07FF1FFF1FFF1FFC3CFF00FF00FF00FF00FF80FF80FFC013
:202BF500FFC0FC3CFF1FFF0FFF0FFF00FF00FF00FF0000008181FFFFFFFFFFFEFF00FF009A
:202C1500FF007F7CFFFCFFF8FFC0FF00FF00FF00FF00FF01FF00FF00FF00FF00FF00FF00FE
:202C3500FF00FCFCFF7FFF0FFF00FF00FF00FF00FF000000FFFFFFFFFF00FF00FF00FF0009
:202C5500FF00FFF8FFF0FFE0FF00FF00FF00FF00FF00F838F818F818FC1CFF1FFF0FFF000D
:202C7500FF007F603F203F207F60FFE0FF80FF00FF00FF07FF03FF03FF01FF00FF00FF0061
:202C9500FF000F0F9F9FFFFFFFFEFFFEFF3CFF00FF00FF07FE06FC04FC04FC04FC04FC0C81
:202CB500FE0EFFE07F603F203F203F203F201F001F10F838F838F838F030F030F030F0305B
:202CD500F0307F407F407F407F40FFC0FFC0FFC0FFC0FF00FF00FF00FF3FFF7FF070E0606E
:202CF500E060FF00FF00FF00FFC0FFC07F403F203F20FF00FF00FF00FF01FF0FFF7FF8788E
:202D1500E0E0FF00FF00FF00FFFFFFFFFFFF00000000FF00FF00FF00FF80FFF0FFF81F1C4A
:202D35000F0CFF00FF00FF00FF00FF00FF00FF00FF03FF00FF00FF00FF00FF00FF03FFFF6D
:202D5500FFFFFF00FF00FF00FF00FF00FFF0FFFEFFFFFF00FF00FF00FF00FF00FF00FF0082
:202D7500FFC0FE0EFE0EFE0EFE0EFE06FE06FE06FE061F101F101F101F101F181F181F1FD7
:202D95001F1FFF00FF00FF00FF00FF00FF00FFFFFFFFF030F030F030F030F030F030F0F04A
:202DB500F0F0FFC0FFC0FFC0FFC0FFC0FFC0FFC0FFC0E060E161E060F070F070F070F070E4
:202DD500F0700000FFFFFFFFFFC0FFC0FFC0FFC0FFC07F40FF80FF80FF01FF00FF00FF000D
:202DF500FF00E0E0C1C1C3C3C7C5C7C7C7C6C7C6C7C60000FFFFFFFFFFFFFF81FF00FF00BE
:202E1500FF0007068382C3C3C7C7E7E7E3E3E161F171FF00FF00FF00FF00FF01FF81FF8342
:202E3500FF83FF07FF3FFC7CF0F0E0E0C0C083838787F8F8000000000C0C3F3FFFFFFFF890
:202E5500FF800707000000000000FEFEFFFFFF03FF00FFF87F7C1F1E070703038383E1E1CA
:202E7500E1E1FF00FF00FF00FF00FF00FF80FF80FFC0FE06FE06FE06FE06FE06FE06FE06A7
:202E9500FE0600000000000000001F1F1F1F1F181F180000000000000000FFFFFFFFFF0034
:202EB500FF000000000000000000F0F0F0F0F010F010FFC0FF80FF80FF80FFC0FFC0FFC0C5
:202ED5007F40F070F030F838F838F838F838F838F838FFC07F7F7F7F0000000000000000C3
:202EF5007F7FFF00FFFFFFFF0101000000000101FFFFFF01FF01FF00FF00FF80FFC0FF8007
:202F1500FF00C7C6C7C6C7C6C7C7C3C3C3C3C0C0E0E0FF00FF01FF03FF8FFFFFFEFE000093
:202F35000000E3E3E3E3C7C78F8F1F1E3F3C7F787F70FF83FF83FF03FF03FF03FF03FF0398
:202F5500FF030F0F0F0E0F0C0F0C0F0C0F0C0F0C0F0CF070F030F030F838F818F818F8187D
:202F7500F818FFC0FFC0FFC0FFE0FFE0FFE0FFE0FFE0FE06FE06FF07FF07FF07FF07FF076E
:202F9500FF071F180F080F080F080F089F98FFF8FFF8F818F818F818F818F818F818F818EE
:202FB500F8187F407F407F407F407F407F407F407F40F838F838FC3CDC1CFC1CFC0CFC0C3C
:202FD500FE0E7F603F203F203F203F203F301F101F1FFF00FF00FF00FF00FF00FF00FF00A0
:202FF500FFE0E0E0E060E161F171F131F939F838F81800000000F8F8FFFFFFDFFFC3FFC058
:20301500FFC0FFF0FFF0FFF07F78BFBCDFDEEFEFF3F3FF03FF03FF03FF03FF01FF01FF8095
:20303500FFE00F0C0F0C0F0C8F8E8786C7C7C3C3E1E1FF00FF00FF00FF00FF00FF00FFC092
:20305500FFE0FF00FF00FF00FF00FF00FF00FF00FF01F838F939F131F070F070E1E1E1E1BB
:20307500C3C3FFE0FFC0FFC0FFC0FFC0FFC0FF80FF80FF03FF01FF00FF00FF00FF00FF0020
:20309500FF00FFF0FFE0FF00FF00FF00FF00FF00FF00F010F010F010F909FF0FFF03FF0043
:2030B500FF007F007F00FF80FF80FF00FF00FF00FF00FE0EFE06FF07FF07FF03FF03FF01E4
:2030D500FF001F1F0F0F00008080C0C0E0E0FEFEFFFFFFF0FFFCFFFE070703030303070737
:2030F500FFFFFF00FF00FF00FF80FF80FF80FF80FF80FC1CFC1CFC1CFC0CFC0CFE0EFE06DD
:20311500FE06FFE07F607F603F303F303F381F181F18F878FC3CFE1EFF07FF03FF01FF006B
:20313500FF00FFF07F781F1C8F8EC7C6EFEFFFFFFF3EE060F070F878FE3EFF1FFF07FF0127
:20315500FF007F783F3F0F0F00000000F8F8FFFFFF3FFF0FFFFFFCFC000000000000030392
:20317500FFFFC3C30F0F1F1E3F3E7F7CFFF8FFF0FFC0FF80FF00FF00FF00FF00FF00FF00C5
:20319500FF00FF7FFF1FFF00FF00FF00FF00FF00FF00FFFFFFFCFF00FF00FF00FF00FF0091
:2031B500FF00FF07FF07FF03FF00FF00FF00FF00FF003F30FFF0FFE0FF00FF00FF00FF00B9
:2031D500FF00FF0EFF00FF00FF00FF00FF00FF00FF00FF1FFF00FF00FF00FF00FF00FF00BD
:2031F500FF00FFFFFF00FF00FF00FF00FF00FF00FF00FF00FF00FF00FF00FF00FF00FF01CA
:20321500FF01FF00FF00FF00FF00FF00FF00FFF8FFFCFF00FF00FF00FF00FF00FF00FF00B4
:20323500FFFCFF00FF00FF00FF00FF00FF00FF00FF0CFF01FF01FF01FF01FF01FF01FF017A
:20325500FF01FF8CFF8CFFFCFFFCFF80FF80FF80FF80FFFEFFC6FFCEFFFEFFFCFFDCFFDC14
:20327500FFCEFF7DFF7DFF61FF7DFF7CFF60FF60FF7CFFF8FFF9FF81FFE1FFF8FF3CFF1C48
:20329500FF7CFF00FFF0FFF0FFF8FF38FF1CFF1CFFFCFFE1FFF1FF31FFF1FFF9FF19FF194A
:2032B500FF19FFCCFFCCFFECFFFEFFBEFFBCFF9CFF8CFFC3FFE7FF77FF7EFF1CFF1CFF38BD
:2032D500FF70FF80FF80FF00FF00FF00FF00FF00FF00FF60FF6FFF7FFF7CFF70FF78FF7C4B
:2032F500FF6EFF3FFF3FFF70FF7FFF3FFF3CFF30FF3FFF00FF30FF38FF1DFF0FFF07FF0F5A
:20331500FF0EFF00FF70FFF0FFE0FF80FF80FF00FF00FF06FF00FF00FF00FF00FF00FF0054
:20333500FF00FF3CFF00FF00FF00FF00FF00FF00FF00FF78FF00FF00FF00FF00FF00FF00D4
:20335500FF00FFF8FF00FF00FF00FF00FF00FF00FF00FF70FF60FF00FF00FF00FF00FF00A0
:20337500FF00FF67FF63FF01FF00FF00FF00FF00FF00FF3FFF80FF80FF00FF00FF00FF003E
:12339500FF00FF1CFF1CFF18FF18FF00FF00FF00FF00C7
:020000040002F8
:0E43DC00141204F56700000007E7530000000C
:020000040001F9
:20D54F00000102030405060704080203040506070408090A040B0C0D0E0F10110E120C0DBB
:20D56F000E0F10110E1213140E151515151515151515151515151515151515161718151520
:20D58F001515151515151515151515151515191A001B1515151515151515151515151515E2
:20D5AF0015151C0A041D151515151515151515151515151515151E140E15151515151515C8
:20D5CF001F20202015151515151515162122151515151515232425262715151515152829E0
:20D5EF00002A1515151515152B2C2C2D2715151515152E0A041D1515151515152B2F2C30A7
:20D60F002715151515151E140E1515151515151531323233341515151515151617181515AF
:20D62F001515151515151515151515151515191A001B151515151515151515151515151541
:20D64F0015151C0A041D151515151515151515151515151515151E140E1515151515151527
:20D66F001515151515151515151515163536373835393A383536373835393A383536373850
:20D68F00003B3C3D003E3F3D003B3C3D003E3F3D003B3C3D040802030405060704080203B3
:08D6AF0004050607040802034C
:209B5A004000C003EC036D86BB074BB41DEE9E787C10C50345834B8635CBE51B116E330E77
:209B7A000E03707FE83FBC7F1FFF1FF7DF68FF28F7266AF0CEF87FFCFFFFBFFFFBFFFF7FDB
:209B9A00FE5F5E20D620D940A7F0BDC3E6FFFBFF0FFE130E730ECC373EDF3DE67C87FD8653
:209BBA00FF1C70FF28FF3CFF1FFF9F77EF34FF147B936AF0CEF87FFCFFFFBFFFFB7FFF7FD8
:209BDA00FE5F120E730ECF363FDE3FEFF90EFB0CFE39A3C0A2C1D261ACD3A7D88876CC70A7
:209BFA00F04003C037C0B661DDE0D22DB877791E3E08120D770DCF353FDE7FFCFF80FF00C5
:209C1A00FF007F916F8FA7C49BE3FF7CFF00FF00FF00F90EFB0CFE39EE71DBEDF33DCF76DB
:209C3A00FFFCDF68FF28F7267F916F8FA7C49BE3FF7CF738ED76F91EE73BFF7EFF00FF00CC
:209C5A00FF003FC8B7C7D3E2CD71FF3EFF00FF00FF00F98EFB8CFE39EEF1DB6DF33DCF7658
:209C7A00FFFCEE71DBEDF33DCF76FFFCFF00FF00FF0048B06EB0B3EC9CFBFE7FFF01FF0073
:209C9A00FF007A046B049B02E50FBDC367FFDFFFF07FFF00FF00FF00FF00FF00FF00FF0001
:209CBA00FF00FB16FF14EF64FE89F6F1E523D9C7FF3E837E211F3609130CE9163AE5E88399
:209CDA00C182FF00FF00FFC03FE0DF301FE847BC5B86FF00FF00FF03FC07FB0CF817E23D19
:209CFA00DA61C17E84F86C90C83097685CA717C18341C5034583498635CBE51B116F330EA2
:209D1A000F02A3C0A2C19261ACD3A7D888F6CC70F040130E770CCF343FD87FE0FF80FF00DC
:209D3A00FF00C870EE30F32CFC1BFE07FF01FF00FF00FF00FF00FF00FF00FF00FF00FF0082
:209D5A00FF7FFF00FF00FF00FF00FF00FF00FF00FFFFFF7EA19F3609130CE9163AE5E883D0
:209D7A00C182FF00FF00FFC03FF01FFCCF3E13EF43BF80FFA0FF80FF88FF80FF82FF80FFCB
:209D9A0080FF00FF00FF00FF00FF00FF00FF00FF808000FF00FF00FF00FF00FF00FF00FF38
:209DBA00000000FF02FF00FF08FF00FF20FF00FF80FFFF80FF80FF80FF80FF80FF80FF806E
:209DDA00FF80FF00FF00FF03FC0FF83FF37CC8F7C2FDFF7E85F96C90C83097685CA717C1F2
:209DFA008341C50345834B8635CBE51B116F330E0F0280FF80FF80FF80FF80FF80FF80FFD9
:209E1A0080FF00000000000000000000000000000000007F007F007F007F007F007F007F30
:209E3A00007FA3C0A2C1D261ACD3A7D888F6CC70F0400000000000000000000000000000A8
:209E5A008080007F007F007F007F007F007F007F80FF80FF82FF80FF88FF80FFA0FF80FF4D
:209E7A00FF7F00FF00FF00FF00FF00FF00FF00FFFFFF00FF20FF00FF08FF00FF02FF00FF30
:209E9A00FFFFFF80FF80FF80FF80FF80FF80FF80FF00FFFE211F3609130CE9163AE5E8830E
:209EBA00C182FFC37FE7DAFD3FFC1FFFCF3F13EF43BFBFF01FBC079F0FCF1CBFBD7F67FF50
:209EDA0067F9FF3FF5FCF4F8B6F825F823FCB4F76683FFC37CE7DAFD3DFE1EFFCE3F13EF0C
:209EFA0043BFFFC03FF00FFF0F7FBC1F7DBF67FF67F9C50345834A8635CBE51B116F320EBF
:209F1A000E0247FBB5FFC1FFFF7FF1FFE3FCC5FED17EBFC038D793FE79FEF8FF1FF8BC7032
:209F3A00CE70C50345834A8635CBE51B116F330E0F02477BB5FFC1FFFF7FF1FFE3FCC5FE51
:029F5A0051FEB6
:020000040002F8
:1E43EA001412065A5B000000074F5500000000003E3EC1C1CE8ECC84C484F8F8000047
:020000040000FA
:20D558000000000000000000000000000000000000000000000000000000000000000000B3
:20D57800000102030405060708090A0B0C0D0E0F101112131415161718191A1B1C1D1E1FA3
:20D59800202122232425262728292A2B2C2D2E2F303132333435363738393A3B3C3D3E3F83
:20D5B800404142434445464748494A4B4C4D4E4F505152535455565758595A5B5C5D5E5F63
:20D5D800605F0C61626364653E666768695F6A5F5F6B6C6D026E6F7071726773745F6A7514
:20D5F8005F767778797A7B7C7D7E7F80815F82838485868788898A8B8C8D848E5F5F5F8F73
:20D61800909192939495969798999A9B9C9D9E9FA0A1A2A3A4A5A658A7A8A9AAABACADAE59
:20D63800AFB0B1B2B3B4B5B6B7B8B9BA9C9D9E9FBBBCBDBEBFC0C1C2C3C4C5C6C7C8C9CABE
:20D65800000000000000000000000000000000000000404040404040404000004040000032
:20D6780000006C6C242448480000000000000000000024247E7E242424247E7E24240000CA
:20D6980010103838545450503838141454543838000000002424080810102424000000002A
:20D6B800000030304848505020205454484834340000181808081010000000000000000082
:20D6D800000008081010101010101010080800000000101008080808080808081010000012
:20D6F8000000000010105454383854541010000000000000101010107C7C1010101000009A
:20D71800000000000000000060602020404000000000000000007C7C000000000000000079
:20D73800000000000000000000000000404000000000020204040808101020204040000055
:20D7580000003C3C626252524A4A46463C3C00000000181828280808080808083C3C000011
:20D7780000003C3C424202023C3C40407E7E000000007C7C02020C0C020202027E7E000085
:20D7980000004040404048487E7E08080808000000007E7E40407C7C020202027C7C000051
:20D7B80000003C3C40407C7C424242423C3C000000007E7E02020404080810102020000069
:20D7D80000003C3C42423C3C424242423C3C000000003C3C424242423E3E02023C3C0000C5
:20D7F800000018181818000000001818181800000000181818180000181818180808101061
:20D81800000000000C0C3030404030300C0C00000000000000007C7C00007C7C0000000090
:20D83800000000006060181804041818606000000000303048480808303000002020000048
:20D8580000001C1C22224D4D555555552E2E000000003C3C424242427E7E42424242000066
:20D8780000007C7C42427C7C424242427C7C000000003C3C42424040404042423C3C000024
:20D8980000007C7C42424242424242427C7C000000007E7E40407C7C404040407E7E000000
:20D8B80000007E7E404040407C7C40404040000000003C3C424240404E4E42423E3E000044
:20D8D80000004242424242427E7E42424242000000007C7C10101010101010107C7C000030
:20D8F80000007C7C1010101010101010606000000000444448485050707048484444000028
:20D918000000404040404040404040407E7E00000000424266665A5A4242424242420000E3
:20D9380000004242626252524A4A46464242000000003C3C42424242424242423C3C00003F
:20D9580000007C7C424242427C7C40404040000000003C3C424242424A4A44443A3A0000A7
:20D9780000007C7C424242427C7C42424242000000003E3E40403C3C020242423C3C00001B
:20D9980000007C7C1010101010101010101000000000424242424242424242423C3C0000CB
:20D9B8000000444444444444282828281010000000004242424242425A5A66664242000067
:20D9D8000000424224241818181824244242000000004444282810101010101010100000DF
:20D9F80000007C7C04040808101020207C7C000000001818101010101010101018180000C7
:20DA1800000040402020101008080404020200000000181808080808080808081818000052
:20DA3800000010102828000000000000000000000000000000000000000000003C3C0000E6
:20DA580000002020101000000000000000000000000000003C3C444444444C4C34340000C6
:20DA780000004040787844444444444478780000000000003C3C4040404040403C3C000026
:20DA9800000004043C3C4444444444443C3C000000000000383844447C7C40403C3C0000F6
:20DAB80000003838404040407878404040400000000000003838444444443C3C04047878FE
:20DAD8000000404078784444444444444444000000001010000010101010101010100000FE
:20DAF8000000080800000808080808080808303000004040444448487070484844440000CE
:20DB180000001010101010101010101010100000000000006C6C5454444444444444000015
:20DB3800000000005858646444444444444400000000000038384444444444443838000045
:20DB580000000000787844444444444478784040000000003C3C4444444444443C3C040425
:20DB780000000000585864644040404040400000000000003C3C4040383804047878000035
:20DB980000004040404078784040404038380000000000004444444444444C4C3434000075
:20DBB800000000004444444428282828101000000000000044444444444454546C6C000065
:20DBD800000000004444282810102828444400000000000044444444444428281010606095
:20DBF800000000007C7C0808101020207C7C000000000808101010102020101010100808CD
:20DC1800101010101010101010101010101010100000101008080808040408080808101064
:20DC3800000000000000000032324C4C000000005555AAAA5555AAAA5555AAAA5555AAAAD8
:20DC580000003838404070707070404038380000000000000C0C1010383810106060000084
:20DC780000000000000000006C6C2424484800000000000000000000000000005454000034
:20DC980000000000202070702020202000000000000000002020707020207070202000004C
:20DCB800000000004848101020204A4A00000000282810103C3C40403838040478780000F8
:20DCD8000000000008081010202010100808000000003E3E48484E4E484848483E3E000048
:20DCF800282810107C7C0808101020207C7C00000000060604040202000000000000000024
:20DD1800000060602020404000000000000000000000363624241212000000000000000093
:20DD380000000000000018183C3C3C3C18180000000000000000000038380000000000000B
:20DD580000000000000000007C7C000000000000000000001414282800000000000000003B
:20DD7800000000007A7A2E2E2A2A0000000000000000000020201010080810102020000017
:20DD98000000000000003C3C4A4A4C4C3E3E000000002828000044442828101010101010C3
:20DDB80000004040000040404040404040400000000010103C3C5050505050503C3C1010BB
:20DDD8000000383844444040F0F040407C7C0000000000004444383828283838444400001B
:20DDF8004444282810107C7C10107C7C101000001010101010100000000010101010101023
:20DE18001C1C20207878444438380808707000000000242400000000000000000000000052
:20DE38003C3C42429999A1A1A1A1999942423C3C383848485858686800000000000000006A
:20DE58000000000014142828505028281414000000000000000000003C3C0404000000009A
:20DE78003C3C4242B9B9A5A5B9B9A5A542423C3C000000000000787800000000000000002A
:20DE980000003030484848483030000000000000000000001010383810100000383800006A
:20DEB8003030484810102020787800000000000070700808383808087070000000000000BA
:20DED80004040808000000000000000000000000000040404848484848487474404000007A
:20DEF80000003A3A7A7A7A7A3A3A0A0A0A0A000000000000000018181818000000000000B2
:20DF18000000000000000000000008080404080800006060202020207070000000000000A1
:20DF380000000000282814140A0A14142828000000001010000030304040484830300000D5
:20DF58002020101000003C3C42427E7E424200000404080800003C3C42427E7E4242000039
:20DF78001818242400003C3C42427E7E424200001414282800003C3C42427E7E42420000A1
:20DF98000000242400003C3C42427E7E424200001818181800003C3C42427E7E42420000C9
:20DFB80000001E1E181828283E3E48484E4E000000003C3C42424040404042423C3C0808DD
:20DFD8002020101000007E7E40407C7C40407E7E0404080800007E7E40407C7C40407E7ED1
:20DFF8001414282800007E7E40407C7C40407E7E0000242400007E7E40407C7C40407E7E69
:20E01800202010100000101010101010101010100808101000001010101010101010101018
:20E038001010282800001010101010101010101000002828000010101010101010101010C8
:20E0580000007C7C42424242F2F242427C7C0000141428280000626252524A4A4646000048
:20E078002020101000003C3C424242423C3C00000404080800003C3C424242423C3C000020
:20E098001818242400003C3C424242423C3C00001414282800003C3C424242423C3C000088
:20E0B8000000242400003C3C424242423C3C000000003E3E46464A4A525262627C7C00000C
:20E0D8002020101042424242424242423C3C00000404080842424242424242423C3C0000A0
:20E0F8001818242400004242424242423C3C00000000242400004242424242423C3C000040
:20E118000404080844442828101010101010000000004040707048484848707040400000B7
:20E13800000078784444484844444444585800002020101000003C3C44444C4C343400009F
:20E158000404080800003C3C44444C4C343400001818242400003C3C44444C4C3434000017
:20E178001414282800003C3C44444C4C343400000000242400003C3C44444C4C34340000C7
:20E198001818181800003C3C44444C4C343400000000000000003C3C4A4A5C5C2E2E0000E7
:20E1B800000000003C3C4040404040403C3C0808202010100000383844447C7C40403C3C7F
:20E1D800040408080000383844447C7C40403C3C181824240000383844447C7C40403C3CC7
:20E1F800000024240000383844447C7C40403C3C00000A0A04043A3A4444444438380000C7
:20E21800141428280000585864644444444400002020101000003838444444443838000096
:20E23800080810100000383844444444383800001010282800003838444444443838000046
:20E258001414282800003838444444443838000000002828000038384444444438380000FE
:20E2780000000000101000007C7C000010100000000000003C3C4C4C5454646478780000DE
:20E29800202010100000444444444C4C34340000080810100000444444444C4C34340000B6
:20E2B800101028280000444444444C4C34340000000028280000444444444C4C3434000066
:20E2D8000808101000004444444428281010606000004040606050505050606040400000F6
:18E2F8000000282800004444444428281010606001FF58550000585623
:020000040002F8
:20111B003F007F3FC040DF5FF050D050F050F050FF00FFFF0000FFFF00000000000000009E
:20113B00FC00FEFC0302FBFA0F0A0B0A0F0A0F0AF050F050F050F050F050F050F050F05044
:20115B00000000000000000000000000000000000F0A0F0A0F0A0F0A0F0A0F0A0F0A0F0AAC
:20117B00D070F050D070F050DF7FC07F7F3F3F000000000000000000FFFF00FFFFFFFF00C0
:10119B000B0E0F0A0B0E0F0AFBFE03FEFEFCFC00F0
:020000040000FA
:04059300C8844D0AC1
:20770200D019D019D019D019D019D019D019D019D019D019D019D019D019D019D019D019D7
:20772200062310005A00005A00005A00005A00005A00005A00005A00002310005A00005AB1
:2077420000005A00002110005A00005A00005A00002110005A00005A00005A00005A0000F5
:207762005A00005A00005A00005A00005A00005A00005A00005A00005A00005A00005A0029
:20778200002310005A00005A00005A00005A00005A00005A00005A00002610005A00005A54
:2077A20000005A00002110005A00005A00005A00002110005A00005A00005A00005A000095
:2077C2005A00005A00005A00005A00005A00005A00005A00005A00005A00005A00005A00C9
:2077E200005A00005A00005A00005A00005A00005A00005A00005A00005A00005A00005AA9
:2078020000005A00005A00005A00005A00005A00005A00005A00005A00005A00005A0000E2
:207822005A00005A00005A00005A00005A00005A00005A00005A00005A00005A00005A0068
:20784200005A00005A00005A00005A00005A00005A00005A00005A00005A00005A00005A48
:2078620000005A00005A00005A00005A00005A00005A00005A00005A00005A00005A000082
:207882005A00005A00005A00005A00005A00005A00005A00005A00005A00005A00005A0008
:2078A200001DB0005A00005A00005A00005A00005A00005A00005A00005A00005A00005A75
:2078C20000005A00005A00005A00005A00005A00005A00005A00005A00005A00005A000022
:2078E2005A00005A00005A00005A00005A00005A00005A00005A00005A00005A00005A00A8
:20790200001CB0005A00005A00005A00005A00005A00005A00005A00005A00005A00005A15
:2079220000005A00005A00005A00005A00005A00005A00005A00005A00005A00005A0000C1
:207942005A00005A00005A00005A00005A00005A00005A00005A00005A00005A00005A0047
:20796200002410005A00005A00005A00002410005A00005A00005A00002610005A00005A97
:2079820000005A00002110005A00005A00005A00002110005A00005A00005A00005A0000B3
:2079A2005A00002310005A00002410005A00005A00005A00005A00005A00005A00005A0034
:2079C200002410005A00005A00005A00005A00005A00005A00005A00002810005A00005A0F
:2079E20000005A00002110005A00005A00005A00002110005A00005A00005A00005A000053
:207A02005A00002410005A00002310005A00005A00005A00005A00005A00005A00005A00D3
:207A2200001D60005A00005A00005A00005A00005A00005A00005A00001D60005A00005A20
:207A420000005A00001A60005A00005A00005A00001A60005A00005A00005A00005A000060
:207A62005A00005A00005A00005A00005A00005A00005A00005A00005A00005A00005A0026
:207A8200001D60005A00005A00005A00005A00005A00005A00005A00002160005A00005ABC
:207AA20000005A00001A60005A00005A00005A00001A60005A00005A00005A00005A000000
:207AC2005A00005A00005A00005A00005A00005A00005A00005A00005A00005A00005A00C6
:207AE2000011B0005A00005A00005A00005A00005A00005A00005A00005A00005A00005A3F
:207B020000005A00005A00005A00005A00005A00005A00005A00005A00005A00005A0000DF
:207B22005A00005A00005A000017B0005A00005A00005A000013B0005A00005A00005A008F
:207B42000010B0005A00005A00005A00005A00005A00005A00005A00005A00005A00005ADF
:207B620000005A00005A00005A00005A00005A00005A00005A00005A00005A00005A00007F
:207B82005A00005A00005A00005A00005A00005A00005A00005A00005A00005A00005A0005
:207BA200001AD0005A00005A00005A00001A20005A00005A00005A00001A60005A00005A55
:207BC20000005A00005A00005A00005A00005A00001820005A00005A00005A00005A000041
:207BE2005A00005A00005A00001A60005A00005A00005A00005A00005A00005A00005A0085
:207C0200001A20005A00001A20005A00001A20005A00005A00005A00001A60005A00005AC4
:207C220000005A00005A00005A00005A00005A00001A20005A00005A00005A00005A0000DE
:207C42005A00005A00005A00001A60005A00005A00005A00005A00005A00005A00005A0024
:207C6200002310005A00005A00005A00005A00005A00005A00005A00002310005A00005A72
:207C820000005A00002210005A00005A00005A00002210005A00005A00005A00005A0000AE
:207CA2005A00005A00005A00005A00005A00005A00005A00005A00005A00005A00005A00E4
:207CC200002310005A00005A00005A00005A00005A00005A00005A00002610005A00005A0F
:207CE20000005A00002110005A00005A00005A00002110005A00005A00005A00005A000050
:207D02005A00005A00005A00005A00005A00005A00005A00005A00005A00005A00005A0083
:207D2200001DB0005A00005A00005A00005A00005A00005A00005A00005A00005A00005AF0
:207D420000005A00005A00005A00005A00005A00005A00005A00005A00005A00005A00009D
:207D62005A00005A00005A00005A00005A00005A00005A00001FB0005A00005A00005A00AE
:207D8200001CB0005A00005A00005A00005A00005A00005A00005A00005A00005A00005A91
:207DA20000005A00005A00005A00005A00005A00005A00005A00005A00005A00005A00003D
:207DC2005A00005A00005A00005A00005A00005A00005A00005A00005A00005A00005A00C3
:207DE2000023776379637CE377237AE377A378E37A237DE377A37BE3770040B5800080B547
:207E020080000009C00030B0C00070B0C000B0B0C00000B0800040B0800080B08000C0B0B7
:207E2200801C80B2C01980B5804700B7801560B7C000800080802001C0802002C080200314
:207E4200C0802004C0802005C0802006C000200780002008800020098000200A8000200B64
:207E62008000200C8000200D8000200E8000200F80917020202020202091601F1F1F1F1F7D
:207E82001F91001C1C1C1C1C1C92002020202020209400181818181818940010101010102E
:207EA20010B100181818181818B180181818181818B180100F0F0F0F0F9180202020202071
:207EC20020B240100F0F0F0F0FB1561B0E11FE0000B7000D0B09070707B7800807060504B2
:207EE20004000000000000000088888888888888888888888888888888FFFF0000000000FE
:207F0200000000000000000000FFFFFFFF000000000000000000000000FFFFFFFFFF000068
:207F2200000000000000000000FFFFFFFFFFFF00000000000000000000FFFFFFFFFFFFFF4C
:207F4200000000000000000000FFFFFFFFFFFFFFFF0000000000000000CCCCCCCCCCCCCC93
:207F6200CC3333333333333333AAAAAAAAAAAAAAAA555555555555555588888888888888EB
:207F8200887777777777777777FFFFCCCCFFFFCCCC0000333300003333FEDCBA987654327F
:207FA200100123456789ABCDEFFFFFBA98A987321034564567BCDECDEFFFEEDDCCBBAA990D
:207FC200887766554433221100FFFEFDFCFBFAF9F8E7D6C5B4A39281700000000000000003
:1E7FE200000000000000000000062277E37DE97DEF7DF57DFB7D377E737E0277EB7E3E
:020000040001F9
:209F5C00D019D019D019D019D019D019D019D019D019D019D019D019D019D019D019D01955
:209F7C00022310005A00001D10005A00001710005A00001110005A00000B20005A00005AD4
:209F9C0000005A00005A00005A00000220005A00000020005A00005A00005A00005A000093
:209FBC005A00005A00005A00005A00005A00005A00005A00005A00005A00005A00005A00A7
:209FDC00005A00005A00005A00005A00005A00005A00005A00005A00005A00005A00005A87
:209FFC0000005A00005A00005A00005A00005A00005A00005A00005A00005A00005A0000C1
:20A01C005A00005A00005A00005A00005A00005A00005A00005A00005A00005A00005A0046
:20A03C00005A00005A00005A00005A00005A00005A00005A00005A00005A00005A00005A26
:20A05C0000005A00005A00005A00005A00005A00005A00005A00005A00005A00005A000060
:20A07C005A00005A00005A00005A00005A00005A00005A00005A00005A00005A00005A00E6
:20A09C00005A00005A00005A00005A00005A00005A00005A00005A00005A00005A00005AC6
:20A0BC0000005A00005A00005A00005A00005A00005A00005A00005A00005A00005A000000
:20A0DC005A00005A00005A00005A00005A00005A00005A00005A00005A00005A00005A0086
:20A0FC00002120001E20001B20001820001520001220000F20000C20000920005A00005AB3
:20A11C0000005A00005A00000320000020005A00000120005A00005A00005A00005A000049
:20A13C005A00005A00005A00005A00005A00005A00005A00005A00005A00005A00005A0025
:20A15C00005A00005A00005A00005A00005A00005A00005A00005A00005A00005A00005A05
:20A17C0000005A00005A00005A00005A00005A00005A00005A00005A00005A00005A00003F
:20A19C005A00005A00005A00005A00005A00005A00005A00005A00005A00005A00005A00C5
:20A1BC00007D5F3D603D60FD600040B5800080B580000009C00030B0C00070B0C000B0B03D
:20A1DC00C00000B0800040B0800080B08000C0B0801C80B2C01980B5804700B7801560B7DD
:20A1FC00C000800080802001C0802002C0802003C0802004C0802005C0802006C000200707
:20A21C0080002008800020098000200A8000200B8000200C8000200D8000200E8000200FC6
:20A23C0080917020202020202091601F1F1F1F1F1F91001C1C1C1C1C1C92002020202020AB
:20A25C002094001818181818189400101010101010B100181818181818B1801818181818C0
:20A27C0018B180100F0F0F0F0F9180202020202020B240100F0F0F0F0FB1561B0E11FE00C1
:20A29C0000B7000D0B09070707B780080706050404000000000000000088888888888888A4
:20A2BC00888888888888888888FFFF0000000000000000000000000000FFFFFFFF000000C0
:20A2DC00000000000000000000FFFFFFFFFF0000000000000000000000FFFFFFFFFFFF006D
:20A2FC00000000000000000000FFFFFFFFFFFFFF000000000000000000FFFFFFFFFFFFFF50
:20A31C00FF0000000000000000CCCCCCCCCCCCCCCC3333333333333333AAAAAAAAAAAAAA84
:20A33C00AA555555555555555588888888888888887777777777777777FFFFCCCCFFFFCC57
:20A35C00CC0000333300003333FEDCBA98765432100123456789ABCDEFFFFFBA98A987329F
:20A37C001034564567BCDECDEFFFEEDDCCBBAA99887766554433221100FFFEFDFCFBFAF949
:20A39C00F8E7D6C5B4A392817000000000000000000000000000000000067C5FBD61BF612E
:0EA3BC00C161C361C56101623D625C5FB56253
:205ADD00D019D019D019D019D019D019D019D019D019D019D019D019D019D019D019D01919
:205AFD00081410001610001110005A00005A00005A00005A00005A00005A00005A00005A46
:205B1D0000005A00005A00005A00005A00005A00001410001610000F10005A00005A000089
:205B3D005A00005A00005A00005A00005A00005A00005A00005A00005A00005A00005A006A
:205B5D00001410001610001110005A00005A00005A00005A00005A00005A00005A00005AED
:205B7D0000005A00005A00005A00005A00005A00001910001610000F10005A00005A000024
:205B9D005A00005A00005A00005A00005A00005A00005A00005A00005A00005A00005A000A
:205BBD00005A00005A00005A00005A00005A00005A00005A00005A00005A00005A00005AEA
:205BDD0000005A00005A00005A00005A00005A00005A00005A00005A00005A00005A000024
:205BFD005A00005A00005A00005A00005A00005A00005A00005A00005A00005A00005A00AA
:205C1D00005A00005A00005A00005A00005A00005A00005A00005A00005A00005A00005A89
:205C3D0000005A00005A00005A00005A00005A00005A00005A00005A00005A00005A0000C3
:205C5D005A00005A00005A00005A00005A00005A00005A00005A00005A00005A00005A0049
:205C7D00000FC0005A00005A00005A00005A00005A00005A00005A00005A00005A00005AB4
:205C9D0000005A00005A00005A00005A00005A00005A00005A00005A00005A00005A000063
:205CBD005A00005A00005A00005A00005A00005A00005A00005A00005A00005A00005A00E9
:205CDD000012C0005A00005A00005A00005A00005A00005A00005A00005A00005A00005A51
:205CFD0000005A00005A00005A00005A00005A00005A00005A00005A00005A00005A000003
:205D1D005A00005A00005A00005A00005A00005A00005A000012C0005A00005A00005A0010
:205D3D00001410001610001110005A00005A00005A00005A00005A000014100016100011BE
:205D5D0010005A00005A00005A00005A00005A00005A00001610000F10005A00005A000001
:205D7D005A00005A00005A00001410001610000F10005A00005A00005A00005A00005A00CD
:205D9D00001410001610001110005A00005A00005A00005A00005A0000141000161000115E
:205DBD0010005A00005A00005A00005A00005A00001910001610000F10005A00005A0000D2
:205DDD005A00005A00005A00001B10001610000F10005A00005A00005A00005A00005A0066
:205DFD00001A20005A00005A00005A00001A20005A00001C20005A00001A20005A00005A26
:205E1D0000005A00005A00005A00005A00005A00001A20005A00005A00005A00001A200021
:205E3D005A00005A00001A20001A20005A00005A00005A00005A00005A00005A00005A00A7
:205E5D00001A20005A00005A00005A00001A20005A00001C20005A00001A20005A00005AC5
:205E7D0000005A00005A00005A00005A00005A00001A20005A00005A00005A00001A2000C1
:205E9D005A00005A00001A20001A20005A00005A00005A00005A00005A00005A00005A0047
:205EBD000019C0005A00005A00005A00005A00005A00005A00225A00005A00005A00005A46
:205EDD0000005A00005A00005A00005A00005A00005A00005A00005A00005A00005A000021
:205EFD005A00005A00005A00005A00005A00005A00005A00005A00005A00005A00005A00A7
:205F1D00001EC0005A00005A00005A00005A00005A00005A00225A00005A00005A00005AE0
:205F3D0000005A00005A00005A00005A00005A00005A00005A00005A00005A00005A0000C0
:205F5D005A00005A00005A00005A00005A00005A00005A00001DC0005A00005A00005A00C3
:205F7D000019C0005A00005A00005A00005A00005A00005A00005A00005A00005A00005AA7
:205F9D0000005A00005A00005A00005A00005A00005A00005A00005A00005A00005A000060
:205FBD005A00005A00005A00005A00005A00005A00005A00001EC0005A00005A00005A0062
:205FDD000022C0005A00005A00005A00005A00005A00005A00005A000020C0005A00005AB8
:205FFD0000005A00005A00005A00005A00005A00005A00005A00005A00005A00005A000000
:20601D005A00005A00005A00005A00005A00005A00005A00001DC0005A00005A00001D201F
:20603D0000FE5A3E5D3E5D3E5DBE5BBE5BBE5E7E5F7E5C7E5C7E5C7E5CBE5BFE5DFE5DFEBA
:20605D005D0040B5800080B580000009C00030B0C00070B0C000B0B0C00000B0800040B013
:20607D00800080B08000C0B0801C80B2C01980B5804700B7801560B7C000800080802001FC
:20609D00C0802002C0802003C0802004C0802005C0802006C00020078000200880002009B7
:2060BD008000200A8000200B8000200C8000200D8000200E8000200F809170202020202097
:2060DD002091601F1F1F1F1F1F91001C1C1C1C1C1C92002020202020209400181818181841
:2060FD00189400101010101010B100181818181818B180181818181818B180100F0F0F0FF8
:20611D000F9180202020202020B240100F0F0F0F0FB1561B0E11FE0000B7000D0B09070710
:20613D0007B7800807060504040000000000000000888888888888888888888888888888EA
:20615D0088FFFF0000000000000000000000000000FFFFFFFF0000000000000000000000A0
:20617D0000FFFFFFFFFF0000000000000000000000FFFFFFFFFFFF0000000000000000000D
:20619D0000FFFFFFFFFFFFFF000000000000000000FFFFFFFFFFFFFFFF00000000000000F1
:2061BD0000CCCCCCCCCCCCCCCC3333333333333333AAAAAAAAAAAAAAAA5555555555555527
:2061DD005588888888888888887777777777777777FFFFCCCCFFFFCCCC0000333300003390
:2061FD0033FEDCBA98765432100123456789ABCDEFFFFFBA98A987321034564567BCDECDF8
:20621D00EFFFEEDDCCBBAA99887766554433221100FFFEFDFCFBFAF9F8E7D6C5B4A39281B2
:20623D00700000000000000000000000000000000006FD5A3E6046604E6056605E609A6014
:06625D00D660DD5A4E611F
:20A3CA00D019D019D019D019D019D019D019D019D019D019D019D019D019D019D019D019E3
:20A3EA00025A00002C60002D60002F50003050003210003310005A00005A00005A00005AF2
:20A40A0000005A00005A00005A00005A00005A00005A00005A00005A00005A00005A0000AE
:20A42A005A00005A00005A00005A00005A00005A00005A00005A00005A00005A00005A0034
:20A44A00005A00005A00005A00005A00005A00005A00005A00005A00005A00005A00005A14
:20A46A0000005A00005A00005A00005A00005A00005A00005A00005A00005A00005A00004E
:20A48A005A00005A00005A00005A00005A00005A00005A00005A00005A00005A00005A00D4
:20A4AA00005A00001460001560001750001850001A10001B10005A00005A00005A00005AC3
:20A4CA0000005A00005A00005A00005A00005A00005A00005A00005A00005A00005A0000EE
:20A4EA005A00005A00005A00005A00005A00005A00005A00005A00005A00005A00005A0074
:20A50A00005A00005A00005A00005A00005A00005A00005A00005A00005A00005A00005A53
:20A52A0000005A00005A00005A00005A00005A00005A00005A00005A00005A00005A00008D
:20A54A005A00005A00005A00005A00005A00005A00005A00005A00005A00005A00005A0013
:20A56A00005A00005A00005A00005A00005A00005A00005A00005A00005A00005A00005AF3
:20A58A0000005A00005A00005A00005A00005A00005A00005A00005A00005A00005A00002D
:20A5AA005A00005A00005A00005A00005A00005A00005A00005A00005A00005A00005A00B3
:20A5CA00005A00005A00005A00005A00005A00005A00005A00005A00005A00005A00005A93
:20A5EA0000005A00005A00005A00005A00005A00005A00005A00005A00005A00005A0000CD
:20A60A005A00005A00005A00005A00005A00005A00005A00005A00005A00005A00005A0052
:20A62A00005A00005A00005A00005A00005A00005A00005A00005A00005A00005A00005A32
:20A64A0000005A00000AB00034B0005A00005A00005A00005A00005A00005A00005A000082
:20A66A005A00005A00005A00005A00005A00005A00005A00005A00005A00005A00005A00F2
:20A68A00005A00005A00005A00005A00005A00005A00005A00005A00005A00005A00005AD2
:20A6AA0000005A00005A00005A00005A00005A00005A00005A00005A00005A00005A00000C
:20A6CA005A00005A00005A00005A00005A00005A00005A00005A00005A00005A00005A0092
:20A6EA0000EB63AB646B652B660040B5800080B580000009C00030B0C00070B0C000B0B0BF
:20A70A00C00000B0800040B0800080B08000C0B0801C80B2C01980B5804700B7801560B7A9
:20A72A00C000800080802001C0802002C0802003C0802004C0802005C0802006C0002007D3
:20A74A0080002008800020098000200A8000200B8000200C8000200D8000200E8000200F93
:20A76A0080917020202020202091601F1F1F1F1F1F91001C1C1C1C1C1C9200202020202078
:20A78A002094001818181818189400101010101010B100181818181818B18018181818188D
:20A7AA0018B180100F0F0F0F0F9180202020202020B240100F0F0F0F0FB1561B0E11FE008E
:20A7CA0000B7000D0B09070707B78008070605040400000000000000008888888888888871
:20A7EA00888888888888888888FFFF0000000000000000000000000000FFFFFFFF0000008D
:20A80A00000000000000000000FFFFFFFFFF0000000000000000000000FFFFFFFFFFFF0039
:20A82A00000000000000000000FFFFFFFFFFFFFF000000000000000000FFFFFFFFFFFFFF1C
:20A84A00FF0000000000000000CCCCCCCCCCCCCCCC3333333333333333AAAAAAAAAAAAAA51
:20A86A00AA555555555555555588888888888888887777777777777777FFFFCCCCFFFFCC24
:20A88A00CC0000333300003333FEDCBA98765432100123456789ABCDEFFFFFBA98A987326C
:20A8AA001034564567BCDECDEFFFEEDDCCBBAA99887766554433221100FFFEFDFCFBFAF916
:20A8CA00F8E7D6C5B4A39281700000000000000000000000000000000006EA63EB66ED6623
:0EA8EA00EF66F166F3662F676B67CA63E3677C
:20626300D019D019D019D019D019D019D019D019D019D019D019D019D019D019D019D0198B
:20628300041110005A00005A00005A00005A00005A00001010005A00001110005A00005AC5
:2062A30000005A00005A00005A00005A00005A00005A00005A00005A00005A00005A000057
:2062C3005A00005A00005A00001510005A00005A00005A00005A00005A00000C10005A0050
:2062E300000E10005A00005A00005A00005A00005A00005A00005A00005A00005A00005AF9
:2063030000005A00005A00005A00005A00005A00005A00005A00005A00005A00005A0000F6
:206323005A00005A00005A00005A00005A00005A00005A00001010005A00005A00005A00B6
:20634300005A00005A00005A00005A00005A00005A00005A00005A00005A00005A00005A5C
:2063630000005A00005A00005A00005A00005A00005A00005A00005A00005A00005A000096
:206383005A00005A00005A00005A00005A00005A00005A00005A00005A00005A00005A001C
:2063A300005A00005A00005A00005A00005A00005A00005A00005A00005A00005A00005AFC
:2063C30000005A00005A00005A00005A00005A00005A00005A00005A00005A00005A000036
:2063E3005A00005A00005A00005A00005A00005A00005A00005A00005A00005A00005A00BC
:206403000005C0005A00005A00005A00005A00005A00005A00005A00005A00005A00005A30
:2064230000005A00005A00005A00005A00005A00005A00005A00005A00005A00005A0000D5
:206443005A00005A00005A000009C0005A00005A00005A00005A00005A00005A00005A00EC
:206463000007C0005A00005A00005A00005A00005A00005A00005A00005A00005A00005ACE
:2064830000005A00005A00005A00005A00005A00005A00005A00005A00005A00005A000075
:2064A3005A00005A00005A00005A00005A00005A00005A00005A00005A00005A00005A00FB
:2064C300001110005A00005A00005A00005A00005A00001010005A00001110005A00005A87
:2064E30000005A00005A00005A00005A00005A00005A00005A00005A00005A00005A000015
:206503005A00005A00005A00001510005A00005A00005A00000C10005A00005A00005A000D
:20652300000E10005A00005A00005A00005A00005A00005A00005A00005A00005A00005AB6
:2065430000005A00005A00005A00005A00005A00000C10005A00005A00005A00000E10002E
:206563005A00005A00005A00001110005A00005A00005A00001010005A00005A00005A00AD
:20658300000EC0005A00005A00005A00005A00005A00005A00005A00005A00005A00005AA6
:2065A30000005A00005A00005A00005A00005A00005A00005A00005A00005A00005A000054
:2065C3005A00005A00005A000011C0005A00005A00005A00005A00005A00005A00005A0063
:2065E3000013C0005A00005A00005A00005A00005A00005A00005A00005A00005A00005A41
:2066030000005A00005A00005A00005A00005A000009C0005A00005A00005A00005A000084
:206623005A00005A00005A00000CC0005A00005A00005A00005A00005A00005A00005A0007
:20664300008462C4644463446304648465446344630040B5800080B580000009C00030B069
:20666300C00070B0C000B0B0C00000B0800040B0800080B08000C0B0801C80B2C01980B5BB
:20668300804700B7801560B7C000800080802001C0802002C0802003C0802004C0802005DE
:2066A300C0802006C000200780002008800020098000200A8000200B8000200C8000200D8B
:2066C3008000200E8000200F80917020202020202091601F1F1F1F1F1F91001C1C1C1C1C51
:2066E3001C920020202020202094001818181818189400101010101010B1001818181818E8
:2067030018B180181818181818B180100F0F0F0F0F9180202020202020B240100F0F0F0F02
:206723000FB1561B0E11FE0000B7000D0B09070707B78008070605040400000000000000C2
:206743000088888888888888888888888888888888FFFF00000000000000000000000000B8
:2067630000FFFFFFFF000000000000000000000000FFFFFFFFFF000000000000000000001F
:2067830000FFFFFFFFFFFF00000000000000000000FFFFFFFFFFFFFF000000000000000003
:2067A30000FFFFFFFFFFFFFFFF0000000000000000CCCCCCCCCCCCCCCC3333333333333319
:2067C30033AAAAAAAAAAAAAAAA55555555555555558888888888888888777777777777770A
:2067E30077FFFFCCCCFFFFCCCC0000333300003333FEDCBA98765432100123456789ABCD1E
:20680300EFFFFFBA98A987321034564567BCDECDEFFFEEDDCCBBAA99887766554433221140
:2068230000FFFEFDFCFBFAF9F8E7D6C5B4A39281700000000000000000000000000000001D
:1668430000068362446648664C66506654669066CC666362446742
:020000040002F8
:06440800FFE400FFD0E01C
:020000040001F9
:20D6B700000000000000000000000000000000000000000000000000000000000000000053
:20D6D700000000000000000000000000000000000000000000000000000000000000000033
:20D6F700000000000000000000000000000000000000000000000000000000000000000013
:20D717000000000000000000000000000000000000000000000000000000000000000000F2
:20D737000000000000000000000000000000000000000000000000000000000000000000D2
:20D757000000000000000000000000000000000000000000000000000000000000000000B2
:20D77700000000000000000000000000000000000000000000000000000000000000000092
:20D79700000000000000000000000000000000000000000000000000000000000000000072
:20D7B700000000000000000000000000000000000000000000000000000000000000000052
:20D7D700000000000000000000000000000000000000000000000000000000000000000032
:20D7F700000000000000000000000000000000000000000000000000000000000000000012
:08D81700000000000000000009
:020000040002F8
:2011AB00251205140000FFFC33FFFC140001FFFB0DFFFB0042C8022101C60D570314000026
:2011CB00FFFC3AFFFC15FDFDFFFE10002FFE08002BFDFEFFFE10002FFE08002B0071FFFE82
:2011EB00700300FFFE0202600063B5061400B4FFFB0DFFFB0042C8022103C60D57011400BA
:20120B0000FFFC140000FFFD140000FFFE35FFFC3200FFFC27030209594600141200000050
:20122B0000000006FD7709C04307B756090844090B4408AB51000000000000000000000058
:16124B000000000000000000140000000000000000000000000079
:020000040001F9
:20D81F00028004800500000FF807000000000F1000000000000000000000000000000000B1
:20D83F000000078E73000000080245000000000000000000020000800000000FF8070000E2
:20D85F0000000F10000000000000000000000000000000000000088761000000000000009A
:20D87F000000000000000000020000800100050BFD03000000000F100000000000000000D7
:20D89F0000000000000000000000071C6F000000088B460000000000000000002000088056
:20D8BF000000040BF907000000000F100000000000000000000000000000000000000747CD
:20D8DF007009844209E142000000000200000000200009800000040BF907000000000F10E5
:20D8FF0000000000000000000000000000000000000007477009EB41094842000000000281
:20D91F0000000000200009800100040BF907000000000F1000000000000000000000000010
:20D93F0000000000000007477009ED42094A43000000000200000000200007800600040B7E
:20D95F00F907000000000F1000000000000000000000000000000000000007477009E94099
:20D97F00094641000000000200000000200008800100040BF907000000000F10000000001F
:20D99F00000000000000000000000000000007477009824109DF41000000000200000000B3
:20D9BF00208004000700000FF807000000000F100000000000000000000000000000000070
:20D9DF00000008246207F24D00000000000000020000000000000000000000000000000052
:20D9FF00000000000000000000000000000000000000000000000000000000000000000008
:20DA1F000000000000000000000000000000000000000000000000000000000000000000E7
:20DA3F000000000000000000000000000000000000000000000000000000000000000000C7
:20DA5F000000000000000000000000000000000000000000000000000000000000000000A7
:20DA7F00000000000000000000000000000000000000000000000000000000000000000087
:20DA9F0000000000000000000F000000000000000000000000000000000000000F00000049
:20DABF000000000000000000000000000000000F0F00000000000000000000000000000029
:20DADF000000000F0F0000000000000000000000000000000000000F0F00000000000000EB
:20DAFF0000000000000000000000000F0F0000000000000000000000000000000000000FDA
:20DB1F000F0000000000000000000000000000000000000F0F0000000000000000000000B9
:20DB3F00000000000000000F0F0F0F0F0F0F0F0F0F0F0F0F0F0F0F0F0F0F0F0F251205143B
:20DB5F000001FFFC3F0800FFFC140001FFFC33FFFC1400040003140002FFFC74FFFC14007B
:20DB7F0002FFFC840000FFFC140002FFFC3F0800FFFC140003FFFC840000FFFC140003FF10
:20DB9F00FC3F0800FFFC1400010011140001FFFB0DFFFB0042C8022101C60D57030100048C
:20DBBF000100290100110A5F3608140000001201000501002A0100120A5F3608140001003D
:20DBDF001401000601002B0100140A5F3608140001001301000701002C0100130A5F36080B
:20DBFF00140000001601000801002D0100160A5F3608140009FFFC3F0202FFFC140009FF75
:20DC1F00FC3E18FFFC140003000E1400090010140001000D140000001714000100151400BB
:20DC3F0001001B556D7706035383201400000000140001001C557FFF040453841014000155
:20DC5F00FFFC0100040100112CFFFA0A5F3608140001FFFC0100050100122CFFFA0A5F36DA
:20DC7F0008140001FFFC0100060100142CFFFA0A5F3608140001FFFC0100070100132CFF2E
:18DC9F00FA0A5F3608140001FFFC0100080100162CFFFA0A5F360800D0
:020000040002F8
:1C440E001201190000FFFF1A0044210008FFFF010944290100020A5802080000FD
:20126100000FF80709D24906000000010102020303FF4000000402050BFD03071C6FF00052
:2012810000000101020203030F4000000402000FF8070975490C000000010102020303FF00
:2012A1003000000802050BFD03071C6F3C000000010102020303FF3000000801050BFD03C1
:1312C100071C6F3C0000000101020203037F300000080188
:20442A00078E73088761071C6F07477008246209D249097549141200090005070006FD77FC
:20444A0009EA4307F359090844090B44075B5B090E44092A44071F58000000086152000054
:10446A00000014000000000000000000000000002E
:2012D400020000800000000FF807000000000F10000000000000000000000000000000004B
:2012F4000000088761000000000000000000000000000000208008800400000FF8070000B0
:2013140000000F1000000000000000000000000000000000000008246207C64A00000000F5
:081334000000000200000000AF
:020000040001F9
:20DCB70000000000000000000000000000000000000000000000000000000000000000004D
:20DCD70000000000000000000000000000000000000000000000000000000000000000002D
:20DCF70000000000000000000000000000000000000000000000000000000000000000000D
:20DD17000000000000000000000000000000000000000000000000000000000000000000EC
:20DD370000000000000000000000000000000000000000000F0F0F0F000000000000000090
:20DD570000000000000000000F00000F000000000000000000000000000000000F00000F70
:20DD7700000000000000000000000000000000000F0F0F0F00000000000000000000000050
:20DD970000000000000000000000000000000000000000000000000000000000000000006C
:20DDB70000000000000000000000000000000000000000000000000000000000000000004C
:20DDD70000000000000000000000000000000000000000000000000000000000000000002C
:20DDF70000000000000000000000000000000000000000000000000000000000000000000C
:08DE1700000000000000000003
:020000040002F8
:20133C00251205140001FFFC840000FFFC140002FFFC3F0202FFFC140002FFFC3E10FFFC1D
:20135C0012021BFF04FFFF1BDA1FFFFE15FE00012A2B0023FFFF0201140001000D1400006D
:20137C00FFFC84000DFFFC557FFB03035383301400090005140001000C140000000814007C
:20139C0009000A140012000714000900091400090006140011000B140000000F140003003E
:2013BC00281400C80010140001FFFB0DFFFB0042C8022101C60D570314001EFFFB0DFFFB59
:2013DC000042C802140000FFFC3AFFFC3AFFFC15FDFDFFFDFEFFFE4000FE00000080FFFCAD
:0413FC0001020400E6
:020000040000FA
:20E310001206190000FFFC1A0063230002FFFC0109640415FD2800FE01002D0013FFFF003B
:20E330002802011A00633F000200280109635A140001FFFC840012FFFC140006FFFA14002D
:20E3500001FFFB0DFFFA00445C071A0063660001002801096381140001FFFC840013FFFC69
:20E37000140006FFFA140001FFFB0DFFFA00445C071A00638D000000280109640314000106
:20E39000FFFC840014FFFC140000FFFC33FFFC40005468652062756E6B657220676F740A26
:20E3B00064657374726F7965642E2E2E004703010414000045FF0E0041FF0044070145FE6C
:20E3D000120044030114001EFFFA0DFFFA0042C8022103C60D5701140000FFFC140000FF25
:15E3F000FD140000FFFE35FFFC3201FFFC270302082652000000
:020000040002F8
:20447A00050BFD03071C6FF00000000101020203030F4000000402050BFD03071C6F3C0051
:0E449A0000000101020203030F4000000402B3
:020000040000FA
:099FBD00088761082462071C6F8B
:020000040002F8
:2044A800141200020002030006FD7709EA4307B75C090844090B44083C5303106302BD5F25
:1B44C80008D452000000097A44000000001400000000000000000000000000D0
:020000040001F9
:20DE1F00200007801600040BF907000000000F1000000000000000000000000000000000F8
:20DE3F000000074770089149096A41000000000200000000200001801600040BF9070000A7
:20DE5F0000000F10000000000000000000000000000000000000074770083E4A0976410076
:20DE7F000000000200000000028004800500000FF807000000000F10000000000000000049
:20DE9F0000000000000000000000078E7300000008EB4A000000000000000000020000809C
:20DEBF000100050BFD03000000000F10000000000000000000000000000000000000071CF0
:20DEDF006F00000008B54B000000000000000000020000800000000FF807000000000F10FD
:20DEFF00000000000000000000000000000000000000088761000000000000000000000013
:20DF1F0000000000200008801A00040BF907000000000F10000000000000000000000000F2
:20DF3F00000000000000074770087F47000000000000000200000000200008801600040B67
:20DF5F00F907000000000F1000000000000000000000000000000000000007477008CC45AC
:20DF7F0009DD40000000000200000000200008801B00040BF907000000000F100000000069
:20DF9F00000000000000000000000000000007477008E448095E41000000000200000000C6
:020000040000FA
:209FC6000F0F0F0F0F0F0F0F0F0F0F0F0F0F0F0F0F0F0F0F00000F0F0F0F0F0F0F0F0F0FB9
:209FE6000F0F0F0F0F0F0F0F0F0F00000F0F0F0F0F0F0F0F0F0F0F0F0F0F0F0F0F0F0F0F99
:20A006000F000F0F0F0F0F0F0F0000000F0F0F0F0F0F0F0F00000F0F0F0F0F0F0F0F0F0FB4
:20A026000F0F0F0F0F0F0F0F0F0F00000F0F0F0F0F0F0F0F0F0F0F0F0F0F0F0F0F0F0F0F58
:20A046000F0F0F0F0F0F0F0F000000000F0F0F0F0F0F0F0F00000F0F0F0F0F0F0F0F0F0F74
:20A066000F0F0F0F0F0F0F0F0F0F00000F0F0F0F0F0F0F0F0F0F0F0F0F0F0F0F0F0F0F0F18
:20A086000F0F0F0F0F0F0F0000000000000F0F0F0F0F0F0F00000F0F0F0F0F0F0F0F0F0F52
:20A0A6000F0F0F0F0F0F0F0F0F0F00000F0F0F0F0F0F0F0F0F0F0F0F0F0F0F0F0F0F0F0FD8
:20A0C6000F000000000000000000000000000000000000000000000000000000000000006B
:20A0E600000000000000000000000000000000000000000000000000000000000000000F4B
:20A106000F000000000000000000000000000000000000000000000000000000000000002A
:20A12600000000000000000000000000000000000000000000000000000000000000000F0A
:20A146000F00000000000000000000000000000000000000000000000000000000000000EA
:20A16600000000000000000000000000000000000000000000000000000000000000000FCA
:20A186000F00000000000000000000000000000000000000000000000000000000000000AA
:20A1A600000000000000000000000000000000000000000000000000000000000000000F8A
:20A1C6000F000000000000000000000000000000000000000000000000000000000000006A
:20A1E600000000000000000000000000000000000000000000000000000000000000000F4A
:20A206000F0000000000000000000000000000000000000000000000000000000000000029
:20A22600000000000000000000000000000000000000000000000000000000000000000F09
:20A246000F00000000000000000000000000000000000000000000000000000000000000E9
:20A26600000000000000000000000000000000000000000000000000000000000000000FC9
:20A286000F00000000000000000000000000000000000000000000000000000000000000A9
:20A2A600000000000000000000000000000000000000000000000000000000000000000F89
:20A2C6000F0000000000000000000000000000000000000000000000000000000000000069
:20A2E600000000000000000000000000000000000000000000000000000000000000000F49
:20A306000F0000000000000000000000000000000000000000000000000000000000000028
:20A32600000000000000000000000000000000000000000000000000000000000000000F08
:20A346000F00000000000000000000000000000000000000000000000000000000000000E8
:20A36600000000000000000000000000000000000000000000000000000000000000000FC8
:20A386000F00000000000000000000000000000000000000000000000000000000000000A8
:20A3A600000000000000000000000000000000000000000000000000000000000000000F88
:20A3C6000F0F0F0F0F0F0F0F0F0F0F0F0F0F0F0F0F0F0F0F00000F0F0F0F0F0F0F0F0F0FB5
:20A3E6000F0F0F0F0F0F0F0F0F0F00000F0F00000000000000000000000000000000000F94
:20A406000F0F0F0F0F0F0F0F0F0F0F0F0F0F0F0F0F0F0F0F00000F0F0F0F0F0F0F0F0F0F74
:20A426000F0F0F0F0F0F0F0F0F0F00000F0F00000000000000000000000000000000000F53
:20A446000000000000000000000000000000000000000000000000000000000000000000F6
:20A466000000000000000000000000000000000000000000000000000000000000000000D6
:20A486000000000000000000000000000000000000000000000000000000000000000000B6
:20A4A600000000000000000000000000000000000000000000000000000000000000000096
:20A4C6000F0F0F0F0F0F0F0F0F0F0F0F0F0F0F0F0F0F0F0F00000F0F0F0F0F0F0F0F0F0FB4
:20A4E6000F0F0F0F0F0F0F0F0F0F00000F0F00000000000000000000000000000000000F93
:20A506000F0000000000000000000000000000000000000F00000F0F0F0F0F0F0F0F0F0F81
:20A526000F0F0F0F0F0F0F0F0F0F00000F0F00000000000000000000000000000000000F52
:20A546000F0000000000000000000000000000000000000F00000F0F0F0F0F0F0F0F0F0F41
:20A566000F0F0F0F0F0F0F0F0F0F00000F0F00000000000000000000000000000000000F12
:20A586000F0000000000000000000000000000000000000F00000F0F0F0F0F0F0F0F0F0F01
:20A5A6000F0F0F0F0F0F0F0F0F0F00000F0F00000000000000000000000000000000000FD2
:20A5C6000F0000000000000000000000000000000000000F00000F0F0F0F0F0F0F0F0F0FC1
:20A5E6000F0F0F0F0F0F0F0F0F0F00000F0F00000000000000000000000000000000000F92
:20A606000F0000000000000000000000000000000000000F00000F0F0F0F0F0F0F0F0F0F80
:20A626000F0F0F0F0F0F0F0F0F0F00000F0F00000000000000000000000000000000000F51
:20A646000F0000000000000000000000000000000000000F00000F0F0F0F0F0F0F0F0F0F40
:20A666000F0F0F0F0F0F0F0F0F0F00000F0F00000000000000000000000000000000000F11
:20A686000F0000000000000000000000000000000000000F00000F0F0F0F0F0F0F0F0F000F
:20A6A600000F0F0F0F0F0F0F0F0F00000F0F00000000000000000000000000000000000FE0
:20A6C6000F0000000000000000000000000000000000000F00000F0F0F0F0F0F0F000000ED
:20A6E6000000000F0F0F0F0F0F0F00000F0F00000000000000000000000000000000000FBE
:20A706000F0000000000000000000000000000000000000F00000F0F0F0F0F0000000000CA
:20A7260000000000000F0F0F0F0F00000F0F00000000000000000000000000000000000F9B
:20A746000F00000000000000000000000000000000000000000000000000000000000000E4
:20A766000000000000000000000F00000F0F00000000000000000000000000000000000F97
:20A786000F00000000000000000000000000000000000000000000000000000000000000A4
:20A7A6000000000000000000000F00000F0F00000000000000000000000000000000000F57
:20A7C6000F0000000000000000000000000000000000000000000000000000000000000064
:20A7E6000000000000000000000F00000F0F00000000000000000000000000000000000F17
:20A806000F0000000000000000000000000000000000000000000000000000000000000023
:20A826000000000000000000000F00000F0F00000000000000000000000000000000000FD6
:20A846000F000F0F0000000000000000000000000000000F00000F0F0F0000000000000089
:20A86600000000000000000F0F0F00000F0F00000000000000000000000000000000000F78
:20A886000F000F0F0000000000000000000000000000000F00000F0F0F0000000000000049
:20A8A600000000000000000F0F0F00000F0F00000000000000000000000000000000000F38
:20A8C6000F0000000000000000000000000000000000000F00000F0F0F0F00000000000018
:20A8E6000000000000000F0F0F0F00000F0F00000000000000000000000000000000000FE9
:20A906000F0F0F0F0F000000000F0F0F0F0F0F0F0F0F0F0F00000F0F0F0F0F0000000000F6
:20A9260000000000000F0F0F0F0F00000F0F00000000000000000000000000000000000F99
:20A946000000000000000000000000000000000000000000000000000000000000000000F1
:20A966000000000000000000000000000000000000000000000000000000000000000000D1
:20A986000000000000000000000000000000000000000000000000000000000000000000B1
:20A9A600000000000000000000000000000000000000000000000000000000000000000091
:20A9C6000F0F0F0F0F000000000F0F0F0F0F0F0F0F0F0F0F00000F0F0F0F0F000000000036
:20A9E60000000000000F0F0F0F0F00000F0F00000000000000000000000000000000000FD9
:20AA06000F0000000000000000000000000000000000000F00000F00000000000000000003
:20AA26000000000000000000000F00000F0F00000000000000000000000000000000000FD4
:20AA46000F0000000000000000000000000000000000000F00000F000000000000000000C3
:20AA66000000000000000000000F00000F0F00000000000000000000000000000000000F94
:20AA86000F0000000000000000000000000000000000000F00000F00000000000000000083
:20AAA6000000000000000000000F00000F0F00000000000000000000000000000000000F54
:20AAC6000F0000000000000000000000000000000000000F00000F00000000000000000043
:20AAE6000000000000000000000F00000F0F00000000000000000000000000000000000F14
:20AB06000F0000000000000000000000000000000000000F00000F00000000000000000002
:20AB26000000000000000000000F00000F0F00000000000000000000000000000000000FD3
:20AB46000F0000000000000000000000000000000000000F00000F000000000000000000C2
:20AB66000000000000000000000F00000F0F00000000000000000000000000000000000F93
:20AB86000F00000000000000000000000000000000000000000000000000000000000000A0
:20ABA6000000000000000000000F00000F0F00000000000000000000000000000000000F53
:20ABC6000F0000000000000000000000000000000000000000000000000000000000000060
:20ABE6000000000000000000000F00000F0F00000000000000000000000000000000000F13
:20AC06000F000000000000000000000000000000000000000000000000000000000000001F
:20AC26000000000000000000000F00000F0F00000000000000000000000000000000000FD2
:20AC46000F00000000000000000000000000000000000000000000000000000000000000DF
:20AC66000000000000000000000F00000F0F00000000000000000000000000000000000F92
:20AC86000F0000000000000000000000000000000000000F00000F00000000000000000081
:20ACA6000000000000000000000F00000F0F00000000000000000000000000000000000F52
:20ACC6000F0000000000000000000000000000000000000F00000F00000000000000000041
:20ACE6000000000000000000000F00000F0F00000000000000000000000000000000000F12
:20AD06000F0000000000000000000000000000000000000F00000F00000000000000000000
:20AD2600000000000000000000000000000000000000000000000000000000000000000FFE
:20AD46000F0000000000000000000000000000000000000F00000F00000F0F0000000000A2
:20AD6600000000000000000000000000000000000000000000000000000000000000000FBE
:20AD86000F0000000000000000000000000000000000000F00000F00000F0F000000000062
:20ADA6000000000000000000000F00000F0F00000000000000000000000000000000000F51
:20ADC6000F0000000000000000000000000000000000000F00000F00000000000000000040
:20ADE6000000000000000000000F00000F0F00000000000000000000000000000000000F11
:20AE06000F0F0F0F0F0F0F0F0F0F0F0F0F0F0F0F0F0F0F0F00000F0F0F0F0F0F0F0F0F0F6A
:20AE26000F0F0F0F0F0F0F0F0F0F00000F0F0F0F0F0F0F0F0F0F0F0F0F0F0F0F0F0F0F0F4A
:20AE46000000000000000000000000000000000000000000000000000000000000000000EC
:20AE66000000000000000000000000000000000000000000000000000000000000000000CC
:20AE86000000000000000000000000000000000000000000000000000000000000000000AC
:20AEA60000000000000000000000000000000000000000000000000000000000000000008C
:020000040001F9
:20DFBF00251204140003FFFC3F0800FFFC140003FFFC33FFFC1400040003140004FFFC84C1
:20DFDF00000AFFFC140004FFFC3F0800FFFC140005FFFC74FFFC140005FFFC840000FFFCB2
:20DFFF00140005FFFC3F0800FFFC60007FEB01140001FFFC0DFFFC0042C8022101C60D5771
:20E01F0003140001000D14000100251400010024140001001B1400010015140000001D14AA
:20E03F000000001F140000001E140001001C1400000027556B6807035383201400000000C8
:20E05F00140001001C55484409045384105548490902538240140050FFFC140188FFFD712C
:20E07F00FFFC14002800191400000018140001FFFC0100070100112CFFFA0A5F36081400FB
:20E09F0001FFFC0100080100122CFFFA0A5F3608140001FFFC0100010100142CFFFA0A5FC8
:20E0BF003608140001FFFC0100020100132CFFFA0A5F3608140001FFFC0100060100162CB6
:20E0DF00FFFA0A5F3608400048656C6C6F20796F756E67206865726F2C0A616E64207765C8
:20E0FF006C636F6D6520746F20746865004703010414000045FF0E0041FF0044070140000C
:20E11F00436173746C65206F66206B696E670A6475636B202120596F75207368616C6C0043
:20E13F004703010414000041FF0044070140006E6F7720737461727420796F7572200A7462
:20E15F007261696E696E6720746F206265636F6D65004703010414000041FF0044070140FB
:20E17F000061206475636B206B6E696768742E200A596F75206D75737420636F6D706C6595
:20E19F007465004703010414000041FF004407014000626F746820747261696E696E67200F
:20E1BF000A6265666F726520796F752063616E20004703010414000041FF004407014000A5
:20E1DF006D65657420686973206D616A657374790A746865206B696E672E20004703010443
:20E1FF0014000041FF004407014000476F6F64206C75636B2021004703010414000041FFE4
:0CE21F000044070145FE1200440301000A
:020000040002F8
:2044E3001201190000FFFF1A0044F60008FFFF0109450A1A00450900000017040100050A49
:084503005802080945090000F7
:20140000000FF80709D24906000000010102020303FF4000000402050BFD03071C6FF000B1
:2014200000000101020203030F4000000402000FF8070975490C000000010102020303FF5F
:201440003000000802050BFD03071C6F3C0000000101020203037F3000000801050BFD03A0
:13146000071C6F3C000000010102020303FF300000080167
:12450B00074770078E73071C6F08876109D2490975496B
:201473001401010F08F47A011501010F08CB7B012A01010F08A27C012B01010F08797D01AB
:2014930002271001086764010226100108507E011416010E08B962011516010E0890630188
:2014B300142A010E08277F01152A010E0843650105290401081A660118350404074178014C
:2014D3001B290A0108BA66011F1B0201061078010121040406C07B01121E0104085E670146
:2014F3001B260A0108FE67011B270A0108AC69012A34010408D568012B34010408B7710176
:201513002E27110108FF6A012E26110108D66B012E13110108AD6C012E12110108846D016E
:081533000801040208836A01AB
:20451D00403C00081905060006FD7709644302C65F090844090B4407BF5F09E344090B452A
:1B453D00071F5E087354080054000000001400000000000000000000000000A0
:020000040001F9
:20E22B0020000C802400040BF907000000000F1000000000000000000000000000000000D5
:20E24B00000007477008374809524100000000020000000020000F802000040BF9070000F2
:20E26B0000000F1000000000000000000000000000000000000007477008A94C095442001A
:20E28B00000000020000000020000D802000040BF907000000000F10000000000000000076
:20E2AB000000000000000000000007477008564D09604200000000020000000020000C8091
:20E2CB002500040BF907000000000F10000000000000000000000000000000000000074792
:20E2EB007008034E096C4200000000020000000020000C802000040BF907000000000F1097
:20E30B0000000000000000000000000000000000000007477008B04E097842000000000269
:20E32B0000000000028004800500000FF807000000000F100000000000000000000000009A
:20E34B00000000000000078E73000000085D4F000000000000000000020000800100050B63
:20E36B00FD03000000000F10000000000000000000000000000000000000071C6F000000E1
:20E38B00082750000000000000000000020000800000000FF807000000000F100000000044
:20E3AB00000000000000000000000000000008876100000000000000000000000000000062
:020000040000FA
:20E405000F0F0F0F0F0F0F0F0F0F0F0F0F0F0F0F0F0F0F0F0F0F0F0F0F0F0F0F0F0F0F0F17
:20E425000F0F0F0F0F0F0F0F0F0F0F0F0F0F0F0F0F0F0F0F0F0F0F0F0F0F0F0F0F0F0F0FF7
:20E445000F0F0F0F0F0F0F0F0F0F0F0F0F0F0F0F0F0F0F0F0F0F0F0F0F0F0F0F0F0F0F0FD7
:20E465000F0F0F0F0F0F0F0F0F0F0F0F0F0F0F0F0F0F0F0F0F0F0F0F0F0F0F0F0F0F0F0FB7
:20E485000F0F0F0F0F0F0F0F0F0F0F0F0F0F0F0F0F0F0F0F0F0F0F0F0F0F0F0F0F0F0F0F97
:20E4A5000F0F0F0F0F0F0F0F0F0000000000000000000000000000000000000000000000D0
:20E4C50000000000000000000000000000000000000F0F0000000000000000000000000019
:20E4E5000000000000000000000000000000000000000000000000000000000F0F000000F9
:20E50500000000000000000000000000000000000000000000000000000000000000000FE7
:20E525000F000000000F0F00000000000000000000000000000000000000000000000000A9
:20E545000000000000000000000F0F000000000F0F0000000000000000000000000000007A
:20E56500000000000000000000000000000000000000000000000000000F0F000000000078
:20E58500000000000000000000000000000000000000000000000000000000000000000076
:20E5A5000000000F0F00000000000000000000000000000000000000000000000000000038
:20E5C500000000000000000000000000000F0F000000000000000000000000000000000018
:20E5E50000000000000000000000000000000000000000000000000F0F00000000000000F8
:20E6050000000000000000000000000F00000F0000000000000000000000000000000000D7
:20E62500000F0F0000000000000000000000000000000000000F00000F0000000000000099
:20E6450000000000000000000000000F0F0000000000000000000000000000000000000F88
:20E6650000000F0000000000000000000000000000000000000F0F00000000000000000068
:20E685000000000000000000000F00000F0000000000000000000000000000000000000F48
:20E6A5000F000000000000000000000000000F0F0F0F0F0F00000F0F0F0F0F0F0F0F0F0F56
:20E6C5000F0F0F0F0F0F0F0F0F0F0F000000000000000000000000000F0F0F0F0F0F000036
:20E6E5000F0F0F0F0F0F0F0F0F0F0F0F0F0F0F0F0F0F0F0F0F0000000000000000000000DA
:20E7050000000000000000000000000000000000000000000000000000000000000F0F00D6
:20E725000000000000000000000000000000000000000000000000000000000000000000D4
:20E74500000000000000000F0F000000000000000000000000000F0F0F0F0F0F00000F0F1E
:20E765000F0F0F0F0F0F0F0F0F0F0F0F0F0F0F0F0F0F0F0000000000000000000000000077
:20E785000F0F0F0F0F0F00000F0F0F0F0F0F0F0F0F0F0F0F0F0F0F0F0F0F0F0F0F000000DF
:20E7A5000000000000000000000000000000000F00000F0000000000000000000000000036
:20E7C50000000000000F0F0000000000000000000000000000000000000F00000F000000F8
:20E7E5000000000000000000000000000000000F0F000000000000000000000000000000F6
:20E805000000000F00000F0000000000000000000000000000000000000F0F0000000000B7
:20E82500000000000000000000000000000F00000F000000000000000000000000000000B5
:20E845000000000F0F0000000000000000000000000000000000000F00000F000000000077
:20E86500000000000000000000000000000F0F000000000000000000000000000000000075
:20E88500000F00000F0000000000000000000000000000000000000F0F0000000000000037
:20E8A50000000000000000000000000F00000F000000000000000000000000000000000035
:20E8C500000F0F0000000000000000000000000000000000000F00000F00000000000000F7
:20E8E50000000000000000000000000F0F0000000000000000000000000000000000000FE6
:20E9050000000F0000000000000000000000000000000000000F0F000000000000000000C5
:20E92500000000000000000000000000000000000000000000000000000000000000000FC3
:20E945000F00000000000000000000000000000000000000000000000000000000000000A3
:20E965000000000000000000000F0F00000000000000000000000000000000000000000074
:20E98500000000000000000000000000000000000000000F0F000000000000000000000054
:20E9A50000000000000000000000000000000000000000000000000000000000000F0F0034
:20E9C500000000000000000000000000000000000000000000000000000000000000000032
:20E9E500000000000000000F0F0000000000000000000000000000000000000F00000F0FC7
:20EA05000F0F0F0F0F0F0F0F0F0F0F0F0F0F0F0F0F0F0F00000000000000000000000000D4
:20EA250000000000000F00000F0F0F0F0F0F0F0F0F0F0F0F0F0F0F0F0F0F0F0F0F00000087
:20EA45000000000000000000000000000000000000000000000000000000000000000000B1
:20EA650000000000000F0F0000000000000000000000000000000000000000000000000073
:20EA85000000000000000000000000000000000F0F00000000000000000000000000000053
:20EAA5000000000F00000F0F0F0F0F0F0F0F0F0F0F0F0F0F0F0F0F0F0F0F0F000000000007
:20EAC500000000000000000000000000000F00000F0F0F0F0F0F0F0F0F0F0F0F0F0F0F0F32
:20EAE5000F0F0F0F0F000000000000000000000000000000000000000000000000000000C6
:20EB0500000000000000000000000000000F0F0000000000000000000000000000000000D2
:20EB250000000000000000000000000000000000000000000000000F0F00000000000000B2
:20EB45000000000000000000000000000000000000000000000000000000000000000000B0
:20EB6500000F0F000000000000000000000000000000000000000000000000000000000072
:20EB850000000000000000000000000F0F0000000000000000000000000000000000000052
:20EBA5000000000000000000000000000000000000000000000F0F00000000000000000032
:20EBC500000000000000000000000000000000000000000000000000000000000000000F21
:20EBE5000F0000000000000000000000000000000000000000000000000000000000000001
:20EC05000000000000000000000F0F000000000000000000000000000000000000000000D1
:20EC2500000000000000000000000000000000000000000F0F0000000000000000000000B1
:20EC450000000000000000000000000000000000000000000000000000000000000F0F0091
:20EC650000000000000000000000000000000000000000000000000000000000000000008F
:20EC8500000000000000000F0F0000000000000000000000000000000000000F00000F0033
:20ECA50000000000000000000000000000000000000F0F0000000000000000000000000031
:20ECC50000000000000F00000F0000000000000000000000000000000000000F0F000000F3
:20ECE5000000000000000000000000000000000F00000F00000000000000000000000000F1
:20ED050000000000000F0F0000000000000000000000000000000000000F00000F000000B2
:20ED25000000000000000000000000000000000F0F000000000000000000000000000000B0
:20ED45000000000F00000F0000000000000000000000000000000000000F0F0F0F0F0F0F27
:20ED65000F0F0F0F0F0F0F0F0F0F0F0F0F0F00000F0F0F0F0F0F0F0F000000000000000044
:20ED85000000000F0F00000000000000000000000000000000000000000000000000000050
:20EDA500000000000000000000000000000F0F000000000000000000000000000000000030
:20EDC50000000000000000000000000000000000000000000000000F0F0F0F0F0F0F0F0FA7
:20EDE5000F0F0F0F0F0F0F0F0F0F0F0F00000F0F0F0F0F0F0F0F00000000000000000000E2
:20EE0500000F0F0F0F0F0F0F0F0F0F0F0F0F0F0F0F0F0F0F0F0F00000F00000000000000A3
:20EE250000000000000000000000000F0F0F0F000000000000000000000000000000000F82
:20EE450000000F0000000000000000000000000000000000000F0F0F0F0000000000000062
:20EE65000000000000000000000F00000F0000000000000000000000000000000000000F60
:20EE85000F0F0F0F0F00000000000000000000000000000F00000F00000000000000000004
:20EEA5000000000000000000000F0F0F0F0F0F00000000000000000000000000000F0000E4
:20EEC5000F0000000000000000000000000000000000000F0F0F00000000000000000000F1
:20EEE50000000000000000000000000000000000000000000000000000000000000F0F00EF
:20EF05000000000000000000000000000000000000000000000000000000000000000000EC
:20EF2500000000000000000F0F0000000000000000000000000000000000000000000000AE
:20EF450000000000000000000000000000000000000F0F000000000000000000000000008E
:20EF65000000000000000000000000000000000000000000000000000000000F0F0000006E
:20EF850000000000000000000000000000000000000000000000000000000000000000006C
:20EFA50000000000000F0F0F0000000000000000000000000000000000000000000000001F
:20EFC5000000000000000000000000000000000F0F0F0F0F0F0000000000000000000000D2
:20EFE5000000000F00000F0000000000000000000000000000000000000F0F0F0F0F0F0094
:20F00500000000000000000000000000000F00000F000000000000000000000000000000CD
:20F025000000000F0F0F0F000000000000000000000000000000000F00000F000000000071
:20F04500000000000000000000000000000F0F0F0F0000000000000000000000000000006F
:20F06500000F00000F0000000000000000000000000000000000000F0F0F0F0F0F0F0F0FE6
:20F085000F0F0F0F0F0F0F0F0F0F0F0F00000F0F0F0F0F0F0F0F0F0F0F0F0F0F0F0F0F0FA9
:20F0A5000F0F0F0F0F0F0F0F0F0F0F0F0F0F0F0F0F0F0F0F0F0F0F0F0F0F0F0F0F0F0F0F6B
:20F0C5000F0F0F0F0F0F0F0F0F0F0F0F0F0F0F0F0F0F0F0F0F0F0F0F0F0F0F0F0F0F0F0F4B
:16F0E5000F0F0F0F0F0F0F0F0F0F0F0F0F0F0F0F0F0F0F0F0F0FCB
:020000040001F9
:20A8F80025120B140006FFFC3F0800FFFC140006FFFC33FFFC1400040003140007FFFC84AF
:20A918000000FFFC140007FFFC3F0800FFFC140008FFFC74FFFC140008FFFC840000FFFCB0
:20A93800140008FFFC3F0800FFFC6000624E05140001FFFA0DFFFA0042C8022101C60D5725
:20A9580003140001000D140001002414000100251400010015140001001B1A00697E0002EA
:20A97800000E01096999140008FFFC840012FFFC140006FFFA140001FFFB0DFFFA00445C35
:20A99800071A0069A50001000E010969C0140008FFFC840013FFFC140006FFFA140001FF5E
:20A9B800FB0DFFFA00445C071A0069CC0000000E01096A0C140008FFFC840014FFFC14003C
:20A9D80000FFFC33FFFC14001EFFFA0DFFFA0042C8022103C60D5701140000FFFC14000087
:20A9F800FFFD140000FFFE35FFFC3200FFFC270302082652555FFB08035383201400000065
:20AA180000140001001C554854090453841055485909025382401A006AAB00000027041484
:20AA38000100FFFC140228FFFD71FFFC14003C00191400160018140000FFFC01000201009E
:20AA5800112CFFFA0A5F3608140001FFFC0100010100122CFFFA0A5F3608140000FFFC0100
:20AA780000040100142CFFFA0A5F3608140001FFFC0100050100132CFFFA0A5F36081400CF
:20AA980001FFFC0100030100162CFFFA0A5F3608096D74140100FFFC140048FFFD71FFFCFD
:20AAB80014001600181400000019140018FFFC14000FFFFA14001DFFFA140005FFF914007D
:20AAD80025FFF814000DFFF8140025FFF714000FFFF6140027FFF614000FFFF50100030197
:20AAF80000050100040100010100022CFFF02CFFF02CFFEE2CFFEF2CFFEF2CFFED2CFFEE7B
:20AB18002CFFEE2CFFE82CFFEE0A5AE908140001FFFC0100020100112CFFFA0A5F3608147E
:20AB38000002FFFC0100010100122CFFFA0A5F3608140001FFFC0100040100142CFFFA0AC6
:20AB58005F3608140001FFFC0100050100132CFFFA0A5F3608140001FFFC0100030100161F
:20AB78002CFFFA0A5F36081400010015140001001B40005468616E6B20796F7520666F727D
:20AB980020796F75720A68656C70206B696E64206865726F2021004703010414000045FF7F
:20ABB8000E0041FF004407014000417320612072657761726420666F72200A646566656E36
:20ABD80064696E67206F7572004703010414000041FF00440701400042756E6B65722C2063
:20ABF800692077696C6C0A6769766520796F752074686520004703010414000041FF004462
:20AC1800070140004475636B2073746F6E6520212049742773200A7468652073796D626F97
:20AC38006C206F66206F7572004703010414000041FF004407014000636F756E74727927BB
:20AC580073206D696768742C200A73696E6365206974206865616C20796F75004703010445
:20AC780014000041FF004407014000616674657220657665727920350A656E656D6965733A
:20AC98002064656665617465642E004703010414000041FF004407014000427574206265DB
:20ACB80077617265202120546F0A7475726E207468652074696465206F662000470301044B
:20ACD80014000041FF00440701400077617220746865204C796E782070757420610A63752A
:20ACF800727365206F6E207468652073746F6E65004703010414000041FF0044070140001C
:20AD18007475726E696E67206E6561726279200A726F636B7320696E746F20656E656D790F
:20AD3800004703010414000041FF0044070140004C796E782C20736F206265200A636172AC
:1DAD58006566756C6C2021004703010414000041FF0044070145FE120044030100F9
:020000040002F8
:204558001201190000FFFF1A00456B0008FFFF0109457F1A00457E00000017040100080A70
:0845780058020809457E00000D
:20153B00000FF80709D24906000000010102020303FF4000000402050BFD03071C6FF00075
:20155B0000000101020203030F4000000402000FF8070975490C000000010102020303FF23
:20157B003000000802050BFD03071C6F3C000000010102020303FF3000000801050BFD03E4
:13159B00071C6F3C0000000101020203037F3000000801AB
:12458000074770078E73071C6F08876109D249097549F6
:2015AE0014040108085B6E01141F010508326F011429010D080970011442010608E07001C4
:2015CE0015040108088E7201151F0105086573011529010D083C74011542010608137501C3
:2015EE000127120108C1760101130D010898770101120D01086F7801012612010846790115
:20160E001E3B0B0108EA75011E3A0B01081D7A0103420106075F7B010143010409FE490123
:20162E002205040407237501022D0B0B095F4A0108310B0B09814A011C2A0B0B09A34A015E
:10164E001F2A0B0B09C54A011F300B0B09E74A0174
:204592002A4F00081605060006FD77095643030564090844090B4406F86809584509804558
:1B45B200072B6208AE55083B55000000001400000000000000000000000000A3
:020000040001F9
:2033A700000000000000000000000000000000000000000000000000000000000000000006
:2033C7000000000000000000000000000000000000000000000000000000000000000000E6
:2033E7000000000000000000000000000000000000000000000000000000000000000000C6
:203407000000000000000000000000000000000000000000000000000000000000000000A5
:20342700000000000000000000000000000000000000000000000000000000000000000085
:20344700000000000000000000000000000000000000000000000000000000000000000065
:20346700000000000000000000000000000000000000000000000000000000000000000045
:20348700000000000000000000000000000000000000000000000000000000000000000025
:2034A700000000000000000000000000000000000000000000000000000000000000000005
:2034C7000000000000000000000000000000000000000000000000000000000000000000E5
:2034E7000000000000000000000000000000000000000000000000000000000000000000C5
:203507000000000000000000000000000000000000000000000000000000000000000000A4
:20352700000000000000000000000000000000000000000000000000000000000000000084
:20354700000000000000000000000000000000000000000000000000000000000000000064
:20356700000000000000000000000000000000000000000000000000000000000000000044
:20358700000000000000000000000000000000000000000000000000000000000000000024
:2035A700000000000000000000000000000000000000000000000000000000000000000004
:2035C7000000000000000000000000000000000000000000000000000000000000000000E4
:2035E7000000000000000000000000000000000000000000000000000000000000000000C4
:203607000000000000000000000000000000000000000000000000000000000000000000A3
:20362700000000000000000000000000000000000000000000000000000000000000000083
:20364700000000000000000000000000000000000000000000000000000000000000000063
:20366700000000000000000000000000000000000000000000000000000000000000000043
:20368700000000000000000000000000000000000000000000000000000000000000000023
:2036A700000000000000000000000000000000000000000000000000000000000000000003
:2036C7000000000000000000000000000000000000000000000000000000000000000000E3
:2036E7000000000000000000000000000000000000000000000000000000000000000000C3
:203707000000000000000000000000000000000000000000000000000000000000000000A2
:20372700000000000000000000000000000000000000000000000000000000000000000082
:20374700000000000000000000000000000000000000000000000000000000000000000062
:20376700000000000000000000000000000000000000000000000000000000000000000042
:20378700000000000000000000000000000000000000000000000000000000000000000022
:2037A700000000000000000000000000000000000000000000000000000000000000000002
:2037C7000000000000000000000000000000000000000000000000000000000000000000E2
:2037E7000000000000000000000000000000000000000000000000000000000000000000C2
:203807000000000000000000000000000000000000000000000000000000000000000000A1
:20382700000000000000000000000000000000000000000000000000000000000000000081
:20384700000000000000000000000000000000000000000000000000000000000000000061
:20386700000000000000000000000000000000000000000000000000000000000000000041
:20388700000000000000000000000000000000000000000000000000000000000000000021
:2038A700000000000000000000000000000000000000000000000000000000000000000001
:2038C7000000000000000000000000000000000000000000000000000000000000000000E1
:2038E7000000000000000000000000000000000000000000000000000000000000000000C1
:203907000000000000000000000000000000000000000000000000000000000000000000A0
:20392700000000000000000000000000000000000000000000000000000000000000000080
:20394700000000000000000000000000000000000000000000000000000000000000000060
:20396700000000000000000000000000000000000000000000000000000000000000000040
:20398700000000000000000000000000000000000000000000000000000000000000000020
:2039A700000000000000000000000000000000000000000000000000000000000000000000
:2039C7000000000000000000000000000000000000000000000000000000000000000000E0
:2039E7000000000000000000000000000000000000000000000000000000000000000000C0
:203A070000000000000000000000000000000000000000000000000000000000000000009F
:203A270000000000000000000000000000000000000000000000000000000000000000007F
:203A470000000000000000000000000000000000000000000000000000000000000000005F
:203A670000000000000000000000000000000000000000000000000000000000000000003F
:203A870000000000000000000000000000000000000000000000000000000000000000001F
:203AA7000000000000000000000000000000000000000000000000000000000000000000FF
:203AC7000000000000000000000000000000000000000000000000000000000000000000DF
:203AE7000000000000000000000000000000000000000000000000000000000000000000BF
:203B070000000000000000000000000000000000000000000000000000000000000000009E
:203B270000000000000000000000000000000000000000000000000000000000000000007E
:203B470000000000000000000000000000000000000000000000000000000000000000005E
:203B670000000000000000000000000000000000000000000000000000000000000000003E
:203B870000000000000000000000000000000000000000000000000000000000000000001E
:203BA7000000000000000000000000000000000000000000000000000000000000000000FE
:203BC7000000000000000000000000000000000000000000000000000000000000000000DE
:203BE7000000000000000000000000000000000000000000000000000000000000000000BE
:203C070000000000000000000000000000000000000000000000000000000000000000009D
:203C270000000000000000000000000000000000000000000000000000000000000000007D
:203C470000000000000000000000000000000000000000000000000000000000000000005D
:203C670000000000000000000000000000000000000000000000000000000000000000003D
:203C870000000000000000000000000000000000000000000000000000000000000000001D
:203CA7000000000000000000000000000000000000000000000000000000000000000000FD
:203CC7000000000000000000000000000000000000000000000000000000000000000000DD
:203CE7000000000000000000000000000000000000000000000000000000000000000000BD
:203D070000000000000000000000000000000000000000000000000000000000000000009C
:203D270000000000000000000000000000000000000000000000000000000000000000007C
:203D470000000000000000000000000000000000000000000000000000000000000000005C
:203D670000000000000000000000000000000000000000000000000000000000000000003C
:203D870000000000000000000000000000000000000000000000000000000000000000001C
:203DA7000000000000000000000000000000000000000000000000000000000000000000FC
:203DC7000000000000000000000000000000000000000000000000000000000000000000DC
:203DE7000000000000000000000000000000000000000000000000000000000000000000BC
:203E070000000000000000000000000000000000000000000000000000000000000000009B
:203E270000000000000000000000000000000000000000000000000000000000000000007B
:203E470000000000000000000000000000000000000000000000000000000000000000005B
:203E670000000000000000000000000000000000000000000000000000000000000000003B
:203E870000000000000000000000000000000000000000000000000000000000000000001B
:203EA7000000000000000000000000000000000000000000000000000000000000000000FB
:203EC7000000000000000000000000000000000000000000000000000000000000000000DB
:203EE7000000000000000000000000000000000000000000000000000000000000000000BB
:203F070000000000000000000000000000000000000000000000000000000000000000009A
:203F270000000000000000000000000000000000000000000000000000000000000000007A
:203F470000000000000000000000000000000000000000000000000000000000000000005A
:203F670000000000000000000000000000000000000000000000000000000000000000003A
:203F870000000000000000000000000000000000000000000000000000000000000000001A
:203FA7000000000000000000000000000000000000000000000000000000000000000000FA
:203FC7000000000000000000000000000000000000000000000000000000000000000000DA
:183FE700000000000000000000000000000000000000000000000000C2
:020000040002F8
:20165E002512044600000000140001FFFC0DFFFC0042C8022101C60D57034000574F524BF5
:20167E0020494E0A444556454C4F504D454E54004703010414000045FF0E0041FF00440708
:20169E000140004974277320636F6D696E670A736F6F6E2021004703010414000041FF004A
:2016BE0044070145FE12004403012103C60D5701140000FFFC140000FFFD140000FFFE356F
:0D16DE00FFFC3200FFFC2703020959460003
:2045CD004F2800000000000006FD7709A44304A773090844090B44085E5600000000000066
:1B45ED000000000000000000000000000014000000000000000000000000009F
:020000040001F9
:20E3CB00000000000000000000000000000000000000000000000000000000000000000032
:20E3EB00000000000000000000000000000000000000000000000000000000000000000012
:20E40B000000000000000000000000000000000000000000000000000000000000000000F1
:20E42B000000000000000000000000000000000000000000000000000000000000000000D1
:20E44B000000000000000000000000000000000000000000000000000000000000000000B1
:20E46B00000000000000000000000000000000000000000000000000000000000000000091
:20E48B00000000000000000000000000000000000000000000000000000000000000000071
:20E4AB00000000000000000000000000000000000000000000000000000000000000000051
:20E4CB00000000000000000000000000000000000000000000000000000000000000000031
:20E4EB00000000000000000000000000000000000000000000000000000000000000000011
:20E50B000000000000000000000000000000000000000000000000000000000000000000F0
:08E52B000000000000000000E8
:020000040002F8
:20460800251205140000FFFC33FFFC600068E306140001FFFB0DFFFB0042C8022101C60D51
:204628005703140078FFFB0DFFFB0042C8022103C60D5701140000FFFC140000FFFD1400FD
:2046480000FFFE35FFFC3200FFFC27030209944600141200000000000006FD7709CE430728
:20466800CB63090844090B44090846000000000000000000000000000000000000001400EC
:0C46880000000000000000000000000026
:020000040001F9
:20E533000000000000000000000000000000000000000000000000000000000000000000C8
:20E553000000000000000000000000000000000000000000000000000000000000000000A8
:20E57300000000000000000000000000000000000000000000000000000000000000000088
:20E59300000000000000000000000000000000000000000000000000000000000000000068
:20E5B300000000000000000000000000000000000000000000000000000000000000000048
:20E5D300000000000000000000000000000000000000000000000000000000000000000028
:20E5F300000000000000000000000000000000000000000000000000000000000000000008
:20E613000000000000000000000000000000000000000000000000000000000000000000E7
:20E633000000000000000000000000000000000000000000000000000000000000000000C7
:20E653000000000000000000000000000000000000000000000000000000000000000000A7
:20E67300000000000000000000000000000000000000000000000000000000000000000087
:08E6930000000000000000007F
:020000040002F8
:2016EB00251205140000FFFC33FFFC140001FFFB0DFFFB0042C8022101C60D5703140000E1
:20170B00FFFC3AFFFC15FDFDFFFE10002FFE08002BFDFEFFFE10002FFE08002B0071FFFE3C
:20172B00700300FFFE02021400010015140001001B1400000017140003000E14000000105C
:0E174B006000684405556D7F06015381BF00A4
:20469400141200000000000006FD7709DC43073365090844090B4408EB56000000000000A9
:1B46B400000000000000000000000000001400000000000000000000000000D7
:020000040000FA
:20F0FB000000000000000000000000000000000000000000000000000000000000000000F5
:20F11B000000000000000000000000000000000000000000000000000000000000000000D4
:20F13B000000000000000000000000000000000000000000000000000000000000000000B4
:20F15B00000000000000000000000000000000000000000000000000000000000000000094
:20F17B00000000000000000000000000000000000000000000000000000000000000000074
:20F19B00000000000000000000000000000000000000000000000000000000000000000054
:20F1BB00000000000000000000000000000000000000000000000000000000000000000034
:20F1DB00000000000000000000000000000000000000000000000000000000000000000014
:20F1FB000000000000000000000000000000000000000000000000000000000000000000F4
:20F21B000000000000000000000000000000000000000000000000000000000000000000D3
:20F23B000000000000000000000000000000000000000000000000000000000000000000B3
:20F25B00000000000000000000000000000000000000000000000000000000000000000093
:20F27B00000000000000000000000000000000000000000000000000000000000000000073
:20F29B00000000000000000000000000000000000000000000000000000000000000000053
:20F2BB00000000000000000000000000000000000000000000000000000000000000000033
:20F2DB00000000000000000000000000000000000000000000000000000000000000000013
:20F2FB000000000000000000000000000000000000000000000000000000000000000000F3
:20F31B000000000000000000000000000000000000000000000000000000000000000000D2
:20F33B000000000000000000000000000000000000000000000000000000000000000000B2
:20F35B00000000000000000000000000000000000000000000000000000000000000000092
:20F37B00000000000000000000000000000000000000000000000000000000000000000072
:20F39B00000000000000000000000000000000000000000000000000000000000000000052
:20F3BB00000000000000000000000000000000000000000000000000000000000000000032
:20F3DB00000000000000000000000000000000000000000000000000000000000000000012
:20F3FB000000000000000000000000000000000000000000000000000000000000000000F2
:20F41B000000000000000000000000000000000000000000000000000000000000000000D1
:20F43B000000000000000000000000000000000000000000000000000000000000000000B1
:20F45B00000000000000000000000000000000000000000000000000000000000000000091
:20F47B00000000000000000000000000000000000000000000000000000000000000000071
:20F49B00000000000000000000000000000000000000000000000000000000000000000051
:20F4BB00000000000000000000000000000000000000000000000000000000000000000031
:20F4DB00000000000000000000000000000000000000000000000000000000000000000011
:20F4FB000000000000000000000000000000000000000000000000000000000000000000F1
:20F51B000000000000000000000000000000000000000000000000000000000000000000D0
:20F53B000000000000000000000000000000000000000000000000000000000000000000B0
:20F55B00000000000000000000000000000000000000000000000000000000000000000090
:20F57B00000000000000000000000000000000000000000000000000000000000000000070
:20F59B00000000000000000000000000000000000000000000000000000000000000000050
:20F5BB00000000000000000000000000000000000000000000000000000000000000000030
:20F5DB00000000000000000000000000000000000000000000000000000000000000000010
:20F5FB000000000000000000000000000000000000000000000000000000000000000000F0
:20F61B000000000000000000000000000000000000000000000000000000000000000000CF
:20F63B000000000000000000000000000000000000000000000000000000000000000000AF
:20F65B0000000000000000000000000000000000000000000000000000000000000000008F
:20F67B0000000000000000000000000000000000000000000000000000000000000000006F
:20F69B0000000000000000000000000000000000000000000000000000000000000000004F
:20F6BB0000000000000000000000000000000000000000000000000000000000000000002F
:20F6DB0000000000000000000000000000000000000000000000000000000000000000000F
:20F6FB000000000000000000000000000000000000000000000000000000000000000000EF
:20F71B000000000000000000000000000000000000000000000000000000000000000000CE
:20F73B000000000000000000000000000000000000000000000000000000000000000000AE
:20F75B0000000000000000000000000000000000000000000000000000000000000000008E
:20F77B0000000000000000000000000000000000000000000000000000000000000000006E
:20F79B0000000000000000000000000000000000000000000000000000000000000000004E
:20F7BB0000000000000000000000000000000000000000000000000000000000000000002E
:20F7DB0000000000000000000000000000000000000000000000000000000000000000000E
:20F7FB000000000000000000000000000000000000000000000000000000000000000000EE
:20F81B000000000000000000000000000000000000000000000000000000000000000000CD
:20F83B000000000000000000000000000000000000000000000000000000000000000000AD
:20F85B0000000000000000000000000000000000000000000000000000000000000000008D
:20F87B0000000000000000000000000000000000000000000000000000000000000000006D
:20F89B0000000000000000000000000000000000000000000000000000000000000000004D
:20F8BB0000000000000000000000000000000000000000000000000000000000000000002D
:20F8DB0000000000000000000000000000000000000000000000000000000000000000000D
:20F8FB000000000000000000000000000000000000000000000000000000000000000000ED
:20F91B000000000000000000000000000000000000000000000000000000000000000000CC
:20F93B000000000000000000000000000000000000000000000000000000000000000000AC
:20F95B0000000000000000000000000000000000000000000000000000000000000000008C
:20F97B0000000000000000000000000000000000000000000000000000000000000000006C
:20F99B0000000000000000000000000000000000000000000000000000000000000000004C
:20F9BB0000000000000000000000000000000000000000000000000000000000000000002C
:20F9DB0000000000000000000000000000000000000000000000000000000000000000000C
:20F9FB000000000000000000000000000000000000000000000000000000000000000000EC
:20FA1B000000000000000000000000000000000000000000000000000000000000000000CB
:20FA3B000000000000000000000000000000000000000000000000000000000000000000AB
:20FA5B0000000000000000000000000000000000000000000000000000000000000000008B
:20FA7B0000000000000000000000000000000000000000000000000000000000000000006B
:20FA9B0000000000000000000000000000000000000000000000000000000000000000004B
:20FABB0000000000000000000000000000000000000000000000000000000000000000002B
:20FADB0000000000000000000000000000000000000000000000000000000000000000000B
:20FAFB000000000000000000000000000000000000000000000000000000000000000000EB
:20FB1B000000000000000000000000000000000000000000000000000000000000000000CA
:20FB3B000000000000000000000000000000000000000000000000000000000000000000AA
:20FB5B0000000000000000000000000000000000000000000000000000000000000000008A
:20FB7B0000000000000000000000000000000000000000000000000000000000000000006A
:20FB9B0000000000000000000000000000000000000000000000000000000000000000004A
:20FBBB0000000000000000000000000000000000000000000000000000000000000000002A
:20FBDB0000000000000000000000000000000000000000000000000000000000000000000A
:20FBFB000000000000000000000000000000000000000000000000000000000000000000EA
:20FC1B000000000000000000000000000000000000000000000000000000000000000000C9
:20FC3B000000000000000000000000000000000000000000000000000000000000000000A9
:20FC5B00000000000000000000000000000000000000000000000000000000000000000089
:20FC7B00000000000000000000000000000000000000000000000000000000000000000069
:20FC9B00000000000000000000000000000000000000000000000000000000000000000049
:20FCBB00000000000000000000000000000000000000000000000000000000000000000029
:20FCDB00000000000000000000000000000000000000000000000000000000000000000009
:20FCFB000000000000000000000000000000000000000000000000000000000000000000E9
:20FD1B000000000000000000000000000000000000000000000000000000000000000000C8
:20FD3B000000000000000000000000000000000000000000000000000000000000000000A8
:20FD5B00000000000000000000000000000000000000000000000000000000000000000088
:20FD7B00000000000000000000000000000000000000000000000000000000000000000068
:20FD9B00000000000000000000000000000000000000000000000000000000000000000048
:20FDBB00000000000000000000000000000000000000000000000000000000000000000028
:20FDDB00000000000000000000000000000000000000000000000000000000000000000008
:20FDFB000000000000000000000000000000000000000000000000000000000000000000E8
:20FE1B000000000000000000000000000000000000000000000000000000000000000000C7
:20FE3B000000000000000000000000000000000000000000000000000000000000000000A7
:20FE5B00000000000000000000000000000000000000000000000000000000000000000087
:20FE7B00000000000000000000000000000000000000000000000000000000000000000067
:20FE9B00000000000000000000000000000000000000000000000000000000000000000047
:20FEBB00000000000000000000000000000000000000000000000000000000000000000027
:20FEDB00000000000000000000000000000000000000000000000000000000000000000007
:20FEFB000000000000000000000000000000000000000000000000000000000000000000E7
:20FF1B000000000000000000000000000000000000000000000000000000000000000000C6
:20FF3B000000000000000000000000000000000000000000000000000000000000000000A6
:20FF5B00000000000000000000000000000000000000000000000000000000000000000086
:20FF7B00000000000000000000000000000000000000000000000000000000000000000066
:20FF9B00000000000000000000000000000000000000000000000000000000000000000046
:20FFBB00000000000000000000000000000000000000000000000000000000000000000026
:20FFDB00000000000000000000000000000000000000000000000000000000000000000006
:020000040001F9
:16685900251201140001FFFF0DFFFF0042C8022101C60D57030078
:020000040002F8
:2046CF00403C00000000000006FD7709B24303FB70090844090B44055968000000000000F6
:1B46EF000000000000000000000000000014000000000000000000000000009C
:201759001204140001000D140001002514000100241A005776000000010109578F140000D9
:20177900FFFC840000FFFC14000000175F1055488509045384101A00579B0001000101090E
:2017990057B4140000FFFC84000DFFFC14000000175F1055488A09045384101A0057C000A4
:2017B900020001010957D9140000FFFC84000CFFFC5F10140001001755488F09045384107E
:2017D9001A0057E500030001010957FE140000FFFC84000BFFFC5F101400000017554894D3
:2017F900090453841012FC0B00120615FD0E00FE01002D0013FFFF000E02011A00582000AB
:2018190002000E0109583B13FFF7FFFC840012FFFC140006FFFA140001FFFB0DFFFA004401
:201839005C071A0058470001000E0109586213FFF7FFFC840013FFFC140006FFFA140001E2
:20185900FFFB0DFFFA00445C071A00586E0000000E010958AE13FFF7FFFC840014FFFC141F
:201879000000FFFC33FFFC14001EFFFA0DFFFA0042C8022103C60D5701140000FFFC140077
:1918990000FFFD140000FFFE35FFFC3200FFFC27030208265212FA0B0108
:020000040001F9
:20E69B00120710FFF61A0168630000FFFF0110FFF61A0166B80003FFFF010966E11A00664C
:20E6BB00D9000900100115FD1000FE01002B0013FFFF00100201140001001C0966D913FF51
:20E6DB00F5FFFC33FFFC10FFF61A0166F00002FFFF010968601A0066FC00000017040968B1
:20E6FB0060140000FFFC3AFFFC13FFF5FFF93AFFF915FDFEFFFDFBFF02001A01675500004B
:20E71B00FFFF0113FFF5FFFC3AFFFC15FDFDFFFE00002BFE00004DFDFEFFFE80002BFE0085
:20E73B00004D0013FFFEFFFB13FFFFFFFC0202140000FFFF30FFFC096860140000FFFC3A00
:20E75B00FFFC13FFF5FFF93AFFF915FDFEFFFDFBFF04001A0167AE0000FFFF0113FFF5FF33
:20E77B00FC3AFFFC15FDFDFFFE00002BFE00004DFDFEFFFE80FF2BFE00004D0013FFFEFFCF
:20E79B00FB13FFFFFFFC0202140000FFFF30FFFC096860140000FFFC3AFFFC13FFF5FFF902
:20E7BB003AFFF915FDFDFFFDFAFF02001A0168070000FFFF0113FFF5FFFC3AFFFC15FDFD37
:20E7DB00FFFE80002BFE00004DFDFEFFFE00002BFE00004D0013FFFEFFFB13FFFFFFFC02A5
:20E7FB0002140001FFFF30FFFC096860140000FFFC3AFFFC13FFF5FFF93AFFF915FDFDFF6A
:20E81B00FDFAFF04001A0168600000FFFF0113FFF5FFFC3AFFFC15FDFDFFFE80FF2BFE0016
:20E83B00004DFDFEFFFE00002BFE00004D0013FFFEFFFB13FFFFFFFC0202140001FFFF30A5
:20E85B00FFFC09686009693415FE0000FEFF00FD0E00FE01002D6D4D0013FFFF000E020108
:20E87B001A0068870002000E010968A213FFF4FFFC840012FFFC140006FFF9140001FFFA9E
:20E89B000DFFF900445C071A0068AE0001000E010968C913FFF4FFFC840013FFFC1400068A
:20E8BB00FFF9140001FFFA0DFFF900445C071A0068D50000000E0109692613FFF4FFFC8408
:20E8DB000014FFFC140006FFF9140001FFFA0DFFF900445C07140000FFFC33FFFC14001ED3
:20E8FB00FFF90DFFF90042C8022103C60D5701140000FFFC140000FFFD140000FFFE35FF41
:1DE91B00FC3200FFFC27030208265266080848990913FFF5FFFC33FFFC12F90B0361
:020000040002F8
:2018B200120510FFF81A01590B0000FFFF0110FFF81A0158CF0001FFFF01095908240003A0
:2018D20000030000FFFC28FFFCFFF710FFF71A0158F40001FFFF0113FFF6FFFC33FFFC0938
:2018F200590813FFF6FFFC840016FFFC140003FFFB28FFFBFFF809591966080848990913C5
:20191200FFF6FFFC33FFFC12FB0B031204140000FFFC3AFFFC15FDFEFFFE80002F0013FF54
:20193200FF001A020110FFF91A0159760000FFFF0415FE0000FEFF00FD1900FE14002B6DB5
:201952004D0013FFFF0019020115FE0000FEFF00FD1A00FE03002B6D4D0013FFFF001A02C1
:20197200010959A615FE0000FEFF00FD1900FE14002D6D4D0013FFFF0019020115FE0000ED
:20199200FEFF00FD1A00FE03002D6D4D0013FFFF001A0201140000FFFC3AFFFC15FDFDFFB9
:2019B200FE80002F0013FFFF002E0201140000FFFC15FD2E00FE80002AFD1A00FE80002A70
:2019D2000013FFFEFFFB13FFFFFFFC020235FFFC15FD1800FE08002AFE50002BFD1900FEC4
:2019F20008002AFE48002B0071FFFE020212FC0B011204140000FFFC3AFFFC15FDFDFFFE40
:201A120080002F0013FFFF0004020110FFF91A015A5C0000FFFF0415FE0000FEFF00FD18ED
:201A320000FE16002B6D4D0013FFFF0018020115FE0000FEFF00FD0400FE03002B6D4D0078
:201A520013FFFF00040201095A8C15FE0000FEFF00FD1800FE16002D6D4D0013FFFF001824
:201A7200020115FE0000FEFF00FD0400FE03002D6D4D0013FFFF00040201140000FFFC3AF7
:201A9200FFFC15FDFEFFFE80002F0013FFFF002F0201140000FFFC15FD0400FE80002AFD70
:201AB2002F00FE80002A0013FFFEFFFB13FFFFFFFC020235FFFC15FD1800FE08002AFE504B
:171AD200002BFD1900FE08002AFE48002B0071FFFE020212FC0B018F
:020000040001F9
:02AD75000B00D1
:020000040002F8
:20470A00120510FFF81A01471B0000FFFF0109474013FFF7FFFC74FFFC66080148AC091472
:1A472A00003CFFFB0DFFFB0042C80213FFF7FFFC33FFFC31FFFC12FB0B02B4
:201AE900120413FFEFFFFC15FCF9FFFE80002AFCF8FFFE80002A0013FFFEFFFB13FFFFFF65
:201B0900FC020235FFFC13FFEEFFFC15FCF7FFFE80002AFCF6FFFE80002A0013FFFEFFFB3F
:201B290013FFFFFFFC020235FFFC13FFEDFFFC15FCF5FFFE80002AFCF4FFFE80002A00130B
:201B4900FFFEFFFB13FFFFFFFC020235FFFC13FFECFFFC15FCF3FFFE80002AFCF2FFFE8036
:201B6900002A0013FFFEFFFB13FFFFFFFC020235FFFC13FFEBFFFC15FCF1FFFE80002AFC4B
:201B8900F0FFFE80002A0013FFFEFFFB13FFFFFFFC020235FFFC13FFEFFFFC31FFFC13FF21
:201BA900EEFFFC31FFFC13FFEDFFFC31FFFC13FFECFFFC31FFFC13FFEBFFFC31FFFC12FC8A
:021BC9000B0F00
:020000040001F9
:20E9380012071A006974000000150413FFF6FFFC15FD2000FE80002AFD2100FE80002A00F3
:20E9580013FFFEFFFB13FFFFFFFC0202140001FFFF30FFFC14000100150969DD13FFF6FFC7
:20E97800FC3AFFFC15FDFDFFFE80002F0013FFFF0020020113FFF6FFFC3AFFFC15FDFEFF18
:20E99800FE80002F0013FFFF00210201140000001513FFF6FFFC3AFFFC15FDFDFFFE00030D
:20E9B8002BFE00004DFDFEFFFE00002BFE00004D0013FFFEFFFB13FFFFFFFC02021400012C
:20E9D800FFFF30FFFC140000FFFC3AFFFC13FFF6FFF93AFFF915FDFEFFFDFBFF02001A015D
:20E9F8006A210000FFFF0113FFF6FFFC3AFFFC3AFFFC15FDFDFFFDFEFFFE0000FE00000004
:20EA180080FFFC040204096A4013FFF6FFFC3AFFFC3AFFFC15FDFDFFFDFEFFFE8000FE00B5
:20EA3800000080FFFC04020414001EFFFC0DFFFC0042C80212F90B0112071A006A8C0000B8
:20EA5800001B0413FFF6FFFC15FD2200FE80002AFD2300FE80002A0013FFFEFFFB13FFFFBD
:20EA7800FFFC0202140000FFFF30FFFC140001001B096AF513FFF6FFFC3AFFFC15FDFDFF64
:20EA9800FE80002F0013FFFF0022020113FFF6FFFC3AFFFC15FDFEFFFE80002F0013FFFF76
:20EAB80000230201140000001B13FFF6FFFC3AFFFC15FDFDFFFE00002BFE00004DFDFEFF35
:20EAD800FE00032BFE00004D0013FFFEFFFB13FFFFFFFC0202140000FFFF30FFFC1400003C
:20EAF800FFFC3AFFFC13FFF6FFF93AFFF915FDFDFFFDFAFF02001A016B390000FFFF0113C5
:20EB1800FFF6FFFC3AFFFC3AFFFC15FDFDFFFDFEFFFEC000FE01000080FFFC030204096BC6
:20EB38005813FFF6FFFC3AFFFC3AFFFC15FDFDFFFDFEFFFE4000FE01000080FFFC0302042F
:10EB580014001EFFFC0DFFFC0042C80212F90B0155
:020000040002F8
:201BCB0012041A005C16000000000413FFF9FFFC33FFFC31FFFC13FFF9FFFC31FFFC1400AE
:201BEB0001000014000400025548390905538508554864090753870255486F090653860416
:201C0B0055487A0908538801095C3113FFF9FFFC33FFFC13FFF9FFFC74FFFC140000000062
:0A1C2B000A5759085F0F12FC0B0165
:2047440012041A0047520003000E0209478E15FD0E00FE01002B0013FFFF000E02011A0015
:2047640047840002000E011A0047770003000E0109478113FFF9FFFC840000FFFC09478E3B
:0E47840013FFF9FFFC840012FFFC12FC0B0176
:201C3500120140012600596F75722073636F72653A0A2564004703010414000045FF0E00A8
:201C550041FF0044070145FE12004403011A005C6E0000002704095CD4280026FFFC15FCA4
:201C7500FCFFFE0500250028FFFFFFFB0201140005FFFF28FFFFFFFB15FCFBFFFCFCFF2DA3
:201C95000028FFFFFFFA020129FFFBFFFF4001FFFF4B696C6C73206265666F72652068652E
:201CB500616C3A0A2564004703010414000045FF0E0041FF0044070145FE12004403011285
:201CD500FF0B0212041A005D3E00000010011A005CEF0000000D04095D3B140000FFFC3AA7
:201CF500FFFC15FDFDFFFDFEFFFE0000FE00000086FFFEFFF880FFFC01020415FD1000FEB4
:201D150001002D0013FFFF00100201140001001C140000000D140015FFFC0DFFFC0042C8D4
:201D350002140001000D095D3E12021BFF04FFFF1BDA1FFFFE15FE00012A2B0023FFFF02F9
:201D55000112FC0B001204140258FFFC0DFFFC0042C80215FD0F00FE01002B0013FFFF0065
:201D75000F02011A005E000001000F011A005DF60002000F011A005D960003000F01095DAE
:201D9500F34000596F752073757276697665642021200A57656C6C20506C61796572004753
:201DB50003010414000045FF0E0041FF0044070145FE120044030114000100272103C60D44
:201DD5005701140000FFFC140F00FFFD140380FFFE35FFFC3201FFFC270302099245095D04
:201DF500FD0100020A5D5A08095E1013FFF9FFFC3E18FFFC0100020A5D5A0812FC0B01123F
:201E1500041A005E46000000250440004E6F74207265616479004703010414000045FF0E67
:201E35000041FF0044070145FE1200440301095E7D1400000025140000FFFC3AFFFC15FDF1
:201E5500FDFFFDFEFFFE0000FE03000086FFFEFFF880FFFC000204140009FFFC0DFFFC005D
:201E750042C802140001002512FC0B0012041A005E8F0000002404095F32140000002414C3
:201E95000000FFFC3AFFFC3AFFFC15FDFDFFFDFEFFFEC000FE03000080FFFC02020414006A
:201EB50000FFFC3AFFFC3AFFFC15FDFDFFFDFEFFFE0000FE03000080FFFC0202041400000A
:201ED500FFFC3AFFFC3AFFFC15FDFDFFFDFEFFFE8000FE03000080FFFC020204140000FF6B
:201EF500FC3AFFFC3AFFFC15FDFDFFFDFEFFFE4000FE03000080FFFC020204140006FFFC88
:201F1500140001FFFD0DFFFC00445C07140078FFFC0DFFFC0042C802140001002412FC0BFF
:011F350000AB
:204792001204140000FFFC3AFFFC15FDFDFFFE80002F0013FFFF002E0201140000FFFC3A67
:2047B200FFFC15FDFEFFFE80002F0013FFFF002F020113FFF9FFFC15FD2E00FE80002AFD02
:1F47D2002F00FE80002A0013FFFEFFFB13FFFFFFFC0202140000FFFF30FFFC12FC0B0180
:201F3600120410FFF928FFFFFFF7020110FFF91A015FE20000FFFF0110FFF91A015FCD009C
:201F560001FFFF0110FFF91A015FB80002FFFF0110FFF91A015FA30003FFFF014000456E16
:201F7600656D792073746174652070726F626C656D004703010414000045FF0E0041FF00B9
:201F960044070145FE1200440301095FB513FFF7FFFC74FFFC13FFF7FFFC840016FFFC0910
:201FB6005FCA13FFF7FFFC74FFFC13FFF7FFFC840017FFFC095FDF13FFF7FFFC74FFFC1308
:201FD600FFF7FFFC840000FFFC095FF713FFF7FFFC840015FFFC13FFF7FFFC33FFFC31FF22
:051FF600FC12FC0B03CE
:020000040000FA
:0D0597008000000801095946100F03086399
:020000040002F8
:2047F100220130D9A4221900D9A6222900D9AA220FA0D9A8220098D9AC2200E4D9AE220010
:20481100D0D9B0224000D9B2220700D9B4220200D9B6224E20D9B8220010DA34220008D974
:08483100BE220000DA1E0B009C
:020000040001F9
:08AD77000100010A5BCB08009A
:020000040002F8
:0B483900140003000114000300020043
:020000040000FA
:05FFFB000A5CD80800BB
:020000040001F9
:08EB68000100030A5BCB080069
:020000040002F8
:104844000A5E14080001003A01003A0A5C350800C7
:081FFB000100060A5BCB08009F
:104854000A5E1408000100480100480A5C3508009B
:020000040001F9
:20AD7F0012044000010103030253746172742067616D650A0303034C6576656C2073656C1D
:20AD9F00656374004703010414000045FF0E0041FF00440301480203005401010000000276
:20ADBF0001020000010045FE12004403011A006F94000000540440000101030302020131E0
:20ADDF003A20436173746C650A0201323A20436F756E747279736964650A0201333A20458D
:20ADFF006E656D7920626F726465720A0201343A20466F7274726573730047030106140085
:20AE1F000045FF0C0041FF004403014804020055010101040002010201040103010301047A
:20AE3F00020401040104030045FE12004403011A006F6F00010055011A006F4500020055CF
:20AE5F00011A006EF400030055011A006EA300040055011A006E7E0000005501096EA021E4
:20AE7F0001C60D5701140000FFFC140000FFFD140000FFFE35FFFC3201FFFC270302099430
:20AE9F0046096EF140004E6F7420617661696C61626C650A796574004703010414000045AF
:20AEBF00FF0E0041FF0044070145FE12004403012101C60D5701140000FFFC140000FFFDD1
:20AEDF00140000FFFE35FFFC3201FFFC270302099446096F4240004E6F7420617661696C7D
:20AEFF0061626C650A796574004703010414000045FF0E0041FF0044070145FE1200440366
:20AF1F00012101C60D5701140000FFFC140000FFFD140000FFFE35FFFC3201FFFC2703020A
:20AF3F00099446096F6C14000000272103C60D5701140000FFFC141280FFFD142500FFFEBA
:20AF5F0035FFFC3200FFFC270302099245096F912103C60D5701140000FFFC140180FFFD71
:20AF7F00141B00FFFE35FFFC3201FFFC270302091D45096FB62103C60D5701140000FFFC05
:18AF9F00140180FFFD141B00FFFE35FFFC3201FFFC270302091D4500E8
:020000040002F8
:204864001400000001140000000200140001000114000100020014000200011400020002AD
:15488400000A5E1408000A5CD808000A6D7506000A5E81080072
:020000040001F9
:013FFF0000C1
:020000040002F8
:20489900F17B01F21380F0F0F0F0F0F070012B00C00107F1F80001F00080F0F0B0012800F6
:1048B900C00107F17B01F2138070012B00C00107D1
:020000040001F9
:20EB7000200000000000000000000000000000008080C04080800000000000000000000065
:20EB90000000000000000000000000000000000061611F1E616100000000000000000000A4
:20EBB000000000000000000010103828382810101010101010102828282800000000000045
:20EBD00000000000000000001414141408080808080808081C141C14080800000000000025
:20EBF00000000000000000001C1C3C3C3C3C0C0C0C0C0C0C0C0C3E3E3E3E00000000000085
:20EC10000000FFFFFF01FF01DF019F01FF01FF01F701FF01FF01FF01FF01FF01FF01FF016E
:20EC3000FFFFFFFFFF80FF88FF94FFA2FFA2FF9CFF88FF88FF88FF88FF9CFFB6FFA2FF80C6
:20EC5000FFFF0000000000001C1C3E3E363606060E0E1C1C38383E3E3E3E000000000000BE
:20EC700000000000000000003C3C3E3E0E0E3C3C3C3C0E0E0E0E3C3C3C3C0000000000005C
:20EC9000000000000000000030303030363636363E3E3E3E060606060606000000000000B0
:20ECB00000000000000000001E1E3E3E303030303C3C1E1E06063E3E3C3C00000000000018
:20ECD00000000000000000001E1E3E3E303030303E3E323232323E3E1C1C000000000000B4
:20ECF00000000000000000003E3E3E3E06060E0E0C0C1818181830303030000000000000AC
:20ED100000000000000000001C1C3E3E222222223E3E3E3E22223E3E1C1C000000000000B7
:20ED300000000000000000001C1C3E3E323232321E1E1E1E06063E3E3C3C000000000000CF
:20ED500000000000000000001C1C3E3E363636363636363636363E3E1C1C0000000000001F
:20ED70000000FF040600800000000009000000F8020080000000020504008000000000FFED
:20ED9000002000080220800000000007080000010A0000F80C008000000000070E000001E5
:20EDB0000A0000F80C00800000000007100000010A0000F80C0080000000000712000001F5
:20EDD0000A0000F80C00800000000007140000010A0000F80C0080000000000716000001CD
:20EDF0000A0000F80C00800000000007180000010A0000F80C008000000000071A000001A5
:20EE10000A0000F80C008000000000071C0000010A0000F80C008000000000071E0000017C
:20EE30000A0000F80C0080000000726D7A6D866D8E6D9A6DAA6DBA6DCA6DDA6DEA6DFA6DFF
:20EE50000A6E1A6E2A6E0000010102020303000001010202030304040404040404040404CA
:20EE70000404040404040505050505050505050505050505050506060606060606060606DE
:20EE900006060606060607070707070707070707070707070707080808080808080808087E
:20EEB000080808080808090909090909090909090909090909090A0A0A0A0A0A0A0A0A0A1E
:20EED0000A0A0A0A0A0A0B0B0B0B0B0B0B0B0B0B0B0B0B0B0B0B0C0C0C0C0C0C0C0C0C0CBE
:20EEF0000C0C0C0C0C0C0D0D0D0D0D0D0D0D0D0D0D0D0D0D0D0D000008001000180020009A
:1FEF10002800300038004000480050000E00F03A6E566E066F050BFD0307706B000000A9
:20686F0024000000000000000000080898985CDC5CDC34FC06FA06FA06FA0CF40CF40CF405
:20688F00F8F818181C1C0E0E0D0F0D0F06072627777773736B7B6B7B363F303F181F181FF1
:2068AF000F0F00000000C0C020E020E0A060B0F010F010F0F0A000000000C0C020E010F07B
:2068CF00E0E020201C1C1F131E130D0F111F111F101F181F0F0F0507090F101F121F1D1D50
:2068EF00000002021C1C7C7CBCFC18F810F008F808F808F8F0F040C040C030F008F8F0F0AD
:20690F000000404038383E3E3D3F181F080F101F101F101F0F0F040704070407080F111F1F
:20692F001E1E000002021C1C7C64BCE418F830F068D868F808F8F0B040C040C030F008F8C0
:20694F00F8F80000404038383E263D27181F0C0F161D161F101F0F0E04070C0F101F1F1FE7
:20696F000000000000000000C0C020E020E0A060B0F010F010F0F0A00000C0C020E0C0C058
:20698F000000000020201C1C1F131E130D0F111F111F101F181F0F0F0507080F121F111F89
:2069AF001E1E000002021C1C7C7CBCFC18F810F008F808F808F8F0F040C040C030F008F890
:2069CF00F8F80000404038383E3E3D3F181F080F101F101F101F0F0F04070C0F101F1F1F44
:2069EF00000002021C1C7C64BCE418F830F068D868F808F8F0B040C040C030F008F8F0F05C
:206A0F000000404038383E263D27181F0C0F161D161F101F0F0E040704070407080F111F41
:206A2F001E1E000000001C08223E493E5D775D36497F493E497F493E557F553E417F221C96
:206A4F001C14000000001C14221C497F5D365D77493E497F493E497F553E557F413E223E76
:206A6F001C080000C0C0E060F010709038C818E818E89CEC5CE44CF42CF40CF48CF40CF47B
:206A8F00F8F800000F0F3F38303F727F6C7F647F617F607F667F687F717F313F303F303F6B
:026AAF001F1FA7
:20EF2F000008000000F802008000000000080C0000F80E00800000000008040000F806009C
:20EF4F00800000000008080000F80A0080000000000004200008062080000000000818009E
:20EF6F0000F81A00800000000008100000F81200800000000008140000F8160080000000A4
:20EF8F00000010200008122080000000FF031C0080000000FF031E00800000000008200012
:20EFAF0000F82200800000002F6F3B6F476F536F5F6F6B6F3B6F476F776F536F836F5F6F78
:20EFCF008F6F9B6FA36FAB6F000000000000000000000000000000000101020203030404DA
:20EFEF0005060708090A0B0C0D0E0D0E0D0E0D0E0D0E0D0E0D0E0D0E0F0F0F0F0F0F0F0F6E
:20F00F000F0F0F0F0F0F0F0F00000000000000000000000000000000000000000000000069
:20F02F000000000000000000000000000000000000000800100018001000F0B76FD76F170E
:0BF04F0070040BF907056F680000005B
:020000040002F8
:202003000A000000F8F8FC1CFEEEFEF6FEFAFEFAFEFAFEFAFEFAFEFAFEF6FEEEFC1CF8F813
:20202300000000007F7FFFE0FFDFFFBFFF7FFFFFFFFFFFFFFFFFFF7FFFBFFFDFFFE07F7FB7
:2020430000000000F8F8FC1CFE0EFE06FE02FE02FE02FE02FE02FE02FE06FE0EFC1CF8F84D
:20206300000000007F7FFFE0FFC0FF80FF00FF00FF00FF00FF00FF00FF80FFC0FFE07F7F2D
:2020830000000000FEFEFF07FFFBFFFDFFFEFFFFFFFFFFFFFFFFFFFEFFFDFFFBFF03FEFE5F
:2020A30000000028000000F8020000F8022000F8020000F8022000F800208000000000280D
:2020C300040000F8060000F8022000F8020000F8080000F80020800000000028040000F82B
:2020E300060000F8062000F8060000F8022000F80020800000000028040000F8060000F8E7
:20210300062000F8060000F8062000F8042080000000A560C160DD60F96000000000000022
:20212300000000000000000000000101010101010101010101010101010102020202020280
:20214300020202020202020202020303030303030303030303030303030300000000000038
:20216300000000000000000000000000000000000000000000000000000000000000080054
:17218300100018000400E015611D615D61000FF8070803600000000E
:020000040001F9
:20F05A002000FFFF01012121F1D1F111F1D12121010101010101010101010101010101015C
:20F07A00FFFFFFFF8080808087878F889F97999990918181808181818081818180818080C3
:20F09A00FFFFFFFF0101010181810181018101810181018181818181C1C10101010101013E
:20F0BA00FFFFFFFF808081818181838281828182818281828182838287878181818180800B
:20F0DA00FFFFFFFF01010101C1E1E131F111F111E1B1C1A1E121E121C16181C101010101FE
:20F0FA00FFFFFFFF0101010101018181C141C14161216121C141C1418181010101010101DE
:20F11A00FFFFFFFF808086868385818480848084808480848084808481848385868680808F
:20F13A00FFFF8080C040E020F030C848CC4CFE72FF01FF01FE72CC4CC848F030E020C04047
:20F15A008080FFAA01FF010201038182C143C14261236122C143C14281830102010301FEC3
:20F17A00FF55FFAA807F86C6834581C4804480C4804480C4804480C4814483C5864680FFB0
:20F19A00FF55FFAA01FF2122F1D3F112F1D32122010301020103010201030102010301FE2F
:20F1BA00FF55FFAA807F80C087478FC89F5799D9905181C1804181C1804181C1804180FF03
:20F1DA00FF55FFAA01FF010281830182018301820183018281838182C1C30102010301FEEF
:20F1FA00FF55FFAA807F81C1814183C2814281C2814281C2814283C2874781C1814180FF4B
:20F21A00FF55FFAA01FF0102C1E3E132F113F112E1B3C1A2E123E122C16381C2010301FEAE
:20F23A00FF55FFAA807F80C0834787CC8F488FC8874D83C5874487C4834681C3804080FFAF
:20F25A00FF55F808000000F80200F0F8040000F806000028080000F80820F0F80A0000F822
:20F27A000C0080000000D808100000F812002008000000F80200F0F8040000F806000028BA
:20F29A00080000F8082080000000F808140000F81600F0F8040000F806000028080000F878
:20F2BA000820F0F80A0000F80C0080000000E8F8180000F81A001018000000F80200F01862
:20F2DA00080000F80820F0F80A0000F80C0080000000E8181C0000F81E0010F8000000F844
:20F2FA000200F0F8040000F80600F0180A0000F80C00800000005C728072A472C872EC7204
:20F31A000000000000000000000000000000000001010101010101010101010101010101C3
:20F33A00020202020202020202020202020202020303030303030303030303030303030363
:20F35A00040404040404040404040404040404040000000000000000000000000000000053
:20F37A0000000000000000000000000008001000180020000500C010731A736A73000FF86A
:20F39A0007075A70000000180000000000C0C020E020E0A060B0F010F010F0F0A0000000B3
:20F3BA0000C0C020E010F0E0E020201C1C1F131E130D0F111F111F101F181F0F0F05070903
:20F3DA000F101F121F1D1D000002021C1C7C7CBCFC18F810F008F808F808F8F0F040C0404E
:20F3FA00C030F008F8F0F00000404038383E3E3D3F181F080F101F101F101F0F0F04070443
:20F41A00070407080F111F1E1E000002021C1C7C64BCE418F830F068D868F808F8F0B040D1
:20F43A00C040C030F008F8F8F80000404038383E263D27181F0C0F161D161F101F0F0E0420
:20F45A00070C0F101F1F1F0000000000000000C0C020E020E0A060B0F010F010F0F0A00053
:20F47A0000C0C020E0C0C00000000020201C1C1F131E130D0F111F111F101F181F0F0F0592
:20F49A0007080F121F111F1E1E000002021C1C7C7CBCFC18F810F008F808F808F8F0F0407B
:20F4BA00C040C030F008F8F8F80000404038383E3E3D3F181F080F101F101F101F0F0F047D
:20F4DA00070C0F101F1F1F000002021C1C7C64BCE418F830F068D868F808F8F0B040C04017
:20F4FA00C030F008F8F0F00000404038383E263D27181F0C0F161D161F101F0F0E04070465
:09F51A00070407080F111F1E1E53
:020000040002F8
:20219A000008080000F80A00800000000008000000F80200800000000008040000F8060007
:2021BA00800000000000002000080220800000000008140000F816008000000000080C00FD
:2021DA0000F80E00800000000008100000F812008000000000000C2000080E2080000000DB
:2021FA009A61A661B261BE61CA619A61A661D661B261E261BE61EE6100000101020203035D
:1D221A000405060708090A0B00000C00F0FA6112622262000FF80707A173000000F3
:020000040001F9
:20AFB7003E000000000000008080F070F808F8F840C060E0F818FCC43838808040C020E06C
:20AFD700C0C000000A0A1F153F203F207F40FFFFA3BD2B3D303F1F1F0A0E111F243F223F96
:20AFF7003D3D00000000000000000000000008083828205040A08040000000008080000040
:20B017000000000000000000C0C0E000E0E0808000808080008080800080808005850808DF
:20B03700000000000000000080800080008000800080008080808080C0C0000000000000F9
:20B057000000000000000101010103020102010201020102010203020707010101010000AA
:20B0770000005050F8A8F808FC04FE02FFFF15FD54FCA4FCFCFC90F010F010F008F844FCC1
:20B09700BCBC0101030207040F081F101F1F080F090F0A0F0F0F0000010101010607080FFD
:20B0B7000F0F00008080C040E020F010F808F8F8D070D0F090F0F070E020C0C060E010F0CB
:20B0D700F0F000000A0A1F151F103F207F40FFFFACB72C3F213E3F3C0B0E090F101F223F7D
:20B0F7003D3D000000008080F070F808F8F840C060E0F818FCC438380000808040C08080EF
:20B1170000000A0A1F153F203F207F40FFFFA3BD2B3D303F1F1F0A0E131F101F243F233FA2
:20B137003C3C00000A0A1F153F203F207F40FFFFA3BD2B3D303F1F1F0A0E111F243F3A3B28
:20B15700010100005050F8A8F808FC04FE02FFFF15FDA4FC44FCFCFC10F010F008F8C4FCEE
:20B177003C3C00000101030207040F081F101F1F080F0A0F090F0F0F01010707080F07070F
:20B1970000005050F8A8F808FC04FE02FFFF15FD54FCA4FCFCFC90F010F018F804FC7CFC58
:20B1B70080808080C040E020F010F808F8F8D070D0F090F0F070E020C0C0E0E020E0E0E0A8
:20B1D70000000A0A1F151F103F207F40FFFFACB72C3F213E3F3C0B0E090F080F101F233F44
:20B1F7003C3C00000A0A1F151F103F207F40FFFFACB72C3F213E3F3C0B0E191F101F1E1FC8
:20B217000101000000008080F070F808F8F840C060E0F818FCC438380000808040C020E045
:20B23700C0C00A0A1F153F203F207F40FFFFA3BD2B3D303F1F1F0A0E121E111F243F223F03
:20B257003D3D0000000000000000E0E0F0907C4C7C4438A830300000000000000000000055
:20B2770000000000000000000000000001010202000000000101000204040008000000009D
:20B2970000000000000004040F0B0F080F0B0404000000000000000000000000000000003C
:20B2B700000000000000000007070F081F17191910110101000101010001010100010000C0
:20B2D7000000000000003078380818081828182878681808180818283828784830780000A7
:20B2F7000000000000000000C0E0E030F010F010E0B0C0A0E020E020C06080C00000000037
:20B317000000000000000000040C0C140C240C44188818081808F010E0E0000000000000C6
:20B3370000000000000030306050C090801080100010001080108010C090605030300000D6
:20B357000000000000000000000000000101010103020302010101010000000000000000C4
:20B377000000000000000000000000000000000000000000000200000100000000000000B3
:20B397000000000E0A2000F808200002100000F81200800000000008000000F80200FF0D94
:20B3B700040000F80600800000000002080000F80A00000E0C0000F80E0080000000000048
:20B3D700002000080220FFF304200008062080000000FF0E0A2000F808200102200000F8D6
:20B3F700220080000000000E0A2000F808200002100000F82400800000000008140000F87A
:20B417001600FE0C040000F90600800000000008000000F81800FF0D040000F806008000CC
:20B4370000000102080000F80A00FF0E1A0000F81C00800000000002080000F80A00000E13
:20B457001E0000F80E00800000000000142000081620FEF4042000070620800000000000FC
:20B47700002000081820FFF30420000806208000000001FF2E2000F83000FF11100000F803
:20B497001200800000000008260000F82800010E2A0000F82C008000000002F92E00FE0FA2
:20B4B7000C0000F80E000201060080000000000026200008282001F22A2000082C20800033
:20B4D700000001FF2E2000F83000FF11200000F822008000000002FF2E2000F83000FE118F
:20B4F700100000F82400800000000008140000F8160001052C0000082A0080000000020D6C
:20B517002A0000F82C00FE03000000F818008000000000081A0000F81C000201302000F8B4
:20B537002E008000000000081E0000F80E000101060000F82E008000000000001420000830
:20B55700162001FB2C2000F82A208000000002FB2A2000082C20FEFD00200008182080001E
:20B577000000010D340000F83420FF03100000F81200800000000008260000F82800010A31
:20B5970032008000000000080C0000F80E000103340000F834208000000000002620000876
:20B5B700282001F6322080000000010D340000F83420FF03200000F8220080000000020D0A
:20B5D700340000F83420FE03100000F82400800000000008140000F81600000A3200800041
:20B5F70000000008000000F81800010A32008000000000081A0000F81C000103340000F8F9
:20B6170034208000000000081E0000F80E000003340000F8342080000000000014200008D4
:20B63700162000F6322080000000000000200008182001F632208000000001113A2000F868
:20B657003820FFFF100000F81200800000000008260000F82800020A360000F83660800045
:20B67700000000FE380000F83A0000120C0000F80E0080000000000026200008282002F619
:20B697003620000836408000000000113A2000F8382000FF200000F82200800000000111B9
:20B6B7003A2000F83820FFFF100000F82400800000000008140000F81600010A360000F8BC
:20B6D7003C00800000000008000000F81800020A360000F83C008000000001FE380000F85A
:20B6F7003A00FF121A0000F81C008000000000FE380000F83A0000121E0000F80E0080001C
:20B717000000000014200008162001F6362000083C2080000000000000200008182002F617
:20B73700362000083C20800000009973AD73C173D573E973FD731174257439744D746174E3
:20B75700757489749D74B174C574D974ED740175157529753D755175657579758D759D75DD
:20B77700B175C175D575E975F97509761D76317641765176657679768D76A176B576C976BB
:20B79700DD76F176057719772D7700000101020203030405060708090A0B0C0C0D0D0E0E92
:20B7B7000F0F1011121314151617181819191A1A1B1B1C1D1E1F2021222324242525262612
:20B7D700272728292A2B2C2D2E2F00000000000000000000000000000000000000000000A8
:19B7F7000800100018003000F04177A177E177010EF90606B76F00000087
:020000040002F8
:2048C900060000000000000080808080C040C040E0A0E0A0C040C0408080808000000000C9
:2048E900000004040202030321211111191919091C141C14190919191111212103030202C3
:204909000404000000000000000000008080E060F8987C7C06068181E060F0B008080000C0
:2049290000000008044000F80460800000000008000000F80200800000000008040000F8C0
:204949000420800000000000002000080220800000002B49374943494F49000001010202C2
:1F4969000303000001010202030300000400F05B4963497349000FF80709C948000000F5
:20223700080000000000000000000000000008F8FE0604FC0000000000000000000000007B
:20225700000000000000000000000000040406071F1C070704040000000000000000000001
:20227700000000000000000080800080008000800080008080808080C0C000000000000047
:202297000000000000000101010103020102010201020102010203020707010101010000F8
:0222B700000025
:204988000008044000F80640800000000107000000F80200800000000008040000F8060079
:2049A8008000000001010020000802208000000088499449A049AC4900000101020203030B
:2049C800000001010202030300000400F0B849C049D049000FF8070837620000008000007D
:1649E80000E549010000E949000000000000000000000000000058
:2022B900251207140000FFFF2CFFFF0A5A0308140009FFFF140018FFFE140011FFFE1400A2
:2022D9001EFFFE140011FFFD140020FFFD140011FFFC140022FFFB140002FFFA140018FFEF
:2022F900F90100060100020100010100080100072CFFF42CFFF42CFFF42CFFF42CFFF42CE8
:20231900FFF22CFFF32CFFF02CFFEC2CFFF10A5AE908140000FFFF0100070100112CFFFD9E
:202339000A5F3608140002FFFF0100080100122CFFFD0A5F3608140002FFFF0100010100C7
:20235900142CFFFD0A5F3608140002FFFF0100020100132CFFFD0A5F3608140000FFFF0174
:2023790000060100162CFFFD0A5F36081400010015140001001B00251207140001FFFF2C81
:20239900FFFF0A5A0308140009FFFF140018FFFE140011FFFE14001EFFFE140011FFFD14ED
:2023B9000020FFFD140011FFFC140022FFFB140002FFFA140018FFF901000601000201005A
:2023D900010100080100072CFFF42CFFF42CFFF42CFFF42CFFF42CFFF22CFFF32CFFF02CB5
:2023F900FFEC2CFFF10A5AE908140000FFFF0100070100112CFFFD0A5F3608140002FFFF59
:202419000100080100122CFFFD0A5F3608140002FFFF0100010100142CFFFD0A5F360814AA
:202439000002FFFF0100020100132CFFFD0A5F3608140000FFFF0100060100162CFFFD0A3B
:202459005F36081400010015140001001B00251207140001FFFF2CFFFF0A591D081400094C
:20247900FFFF140018FFFE140011FFFE14001EFFFE140011FFFD140020FFFD140011FFFC5A
:20249900140022FFFB140002FFFA140018FFF90100060100020100010100080100072CFF78
:2024B900F42CFFF42CFFF42CFFF42CFFF42CFFF22CFFF32CFFF02CFFEC2CFFF10A5AE908B5
:2024D900140000FFFF0100070100112CFFFD0A5F3608140002FFFF0100080100122CFFFD90
:2024F9000A5F3608140002FFFF0100010100142CFFFD0A5F3608140002FFFF01000201000A
:20251900132CFFFD0A5F3608140000FFFF0100060100162CFFFD0A5F360814000100151483
:202539000001001B140000004400251206140001FFFF2CFFFF0A5A030814000EFFFF1400F1
:202559002DFFFE140010FFFE14002DFFFE140010FFFE140035FFFE140002FFFD14002DFF20
:20257900FC140010FFFB140037FFFA0100060100020100010100080100072CFFF52CFFF587
:202599002CFFF52CFFF52CFFF52CFFF12CFFF12CFFEF2CFFEF2CFFF10A5AE908140001FFD1
:2025B900FF0100070100112CFFFD0A5F3608140001FFFF0100080100122CFFFD0A5F36081C
:2025D900140001FFFF0100010100142CFFFD0A5F3608140001FFFF0100020100132CFFFD97
:2025F9000A5F3608140001FFFF0100060100162CFFFD0A5F36081400010015140001001BC1
:0126190000C0
:020000040001F9
:20F52300251204400048656C6C6F20736F6C646965722C2077650A6E65656420796F75728A
:20F543002068656C7020746F004703010414000045FF0E0041FF00440701400064656665C7
:20F563006E64206F7572200A62756E6B65722021004703010414000041FF0044070145FE1C
:20F5830012004403011A00759400000053040975FA1A0075BC0000005304400020004703D0
:20F5A300010414000045FF0E0041FF0044070145FE12004403010975FA4000200047030191
:20F5C3000414000045FF0E0041FF0044070145FE12004403012103C60D5701140000FFFC37
:20F5E300140000FFFD140000FFFE35FFFC3200FFFC27030209A8441A0077AD000900100210
:20F6030040000101030302492077696C6C2068656C7020796F7520210A030303536F72723C
:20F62300792C206E6F74206E6F772E004703010414000045FF0E0041FF0044030148020385
:20F64300005301010000000201020000010045FE12004403011A0076C800000053044000C0
:20F66300506C6561736520636F6D65206261636B0A617320736F6F6E20617320004703019C
:20F683000414000045FF0E0041FF004407014000706F737369626C652C207765206E656550
:20F6A300640A796F75722068656C702021004703010414000041FF0044070145FE12004478
:20F6C30003010977AA40005468616E6B20796F7520736F6C646965722C0A636F6D652061D9
:20F6E3006E6420656E746572206F7572004703010414000045FF0E0041FF00440701400000
:20F7030042756E6B65722E20596F752077696C6C200A6861766520746F20646566656E64C5
:20F72300206974004703010414000041FF004407014000666F72203330207365636F6E6434
:20F74300732C0A73686F6F7420616E7920656E656D79004703010414000041FF004407013B
:20F763004000636F6D696E672061742075732021004703010414000041FF0044070145FE59
:20F7830012004403012103C60D5701140000FFFC140480FFFD140480FFFE35FFFC3201FF23
:20F7A300FC27030209A84409784040004974207365656D7320796F7520646F200A6E6F7443
:20F7C300206861766520656E6F75676820004703010414000045FF0E0041FF00440701401B
:20F7E300006172726F777320746F2068656C70200A75732E2E2E20436F6D65206261636BAB
:20F80300004703010414000041FF0044070140007768656E20796F7520686176650A392060
:1EF823006172726F77732021004703010414000041FF0044070145FE1200440301005C
:020000040002F8
:20261A002512041A0066B90000001D044000596F752063616E6E6F7420656E7465720A683B
:20263A00657265004703010414000045FF0E0041FF004407014000436F6D706C657465206A
:20265A00746865200A747261696E696E67206669727374004703010414000041FF00440763
:20267A000145FE1200440301140000FFFC3AFFFC15FDFDFFFE00002BFE00004DFDFEFFFEE4
:20269A0080002BFE00004D0013FFFEFFFB13FFFFFFFC0202140000FFFF30FFFC0966B900AB
:020000040001F9
:20F84100251A00799E0000001D0440004865792C2077656C636F6D6520746F200A74686524
:20F861002053776F726420616E6420626F77004703010414000045FF0E0041FF004407015C
:20F881004000747261696E696E672E204571756970200A796F75722073776F726420746F2E
:20F8A10020004703010414000041FF004407014000656E61626C6520726170696420736C62
:20F8C100617368004703010414000041FF00440701400054686520626F7720616C6C6F77F4
:20F8E10020666F720A6C6F6E672072616E676520636F6D626174004703010414000041FF80
:20F901000044070140006275742073686F6F74696E6720636F73740A6172726F77732E20B5
:20F92100437574206772617373004703010414000041FF004407014000746F2066696E6487
:20F94100206D6F7265200A6172726F77732E004703010414000041FF004407014000596FE6
:20F96100752063616E20747261696E206F6E0A746861742064756D6D792074686572652E17
:20F98100004703010414000041FF0044070145FE1200440301140001001D097B5E40004442
:20F9A1006F20796F752077616E74206D6520746F200A726570656174203F0047030104141E
:20F9C100000045FF0E0041FF0044070145FE12004403014000010103030259657320706C34
:20F9E1006561736520210A0303034E6F2C20676F6F64627965004703010414000045FF0E6D
:20FA01000041FF00440301480203004501010000000201020000010045FE12004403011A0C
:20FA2100007A4F00000045044000476F6F646279652E004703010414000045FF0E0041FF87
:20FA41000044070145FE1200440301097B5E40004571756970200A796F75722073776F72B2
:20FA61006420746F20004703010414000045FF0E0041FF004407014000656E61626C6520F6
:20FA8100726170696420736C617368004703010414000041FF004407014000546865206248
:20FAA1006F7720616C6C6F7720666F720A6C6F6E672072616E676520636F6D6261740047F5
:20FAC10003010414000041FF0044070140006275742073686F6F74696E6720636F73740A84
:20FAE1006172726F77732E20437574206772617373004703010414000041FF00440701407E
:20FB010000746F2066696E64206D6F7265200A6172726F77732E004703010414000041FFD4
:20FB2100004407014000596F752063616E20747261696E206F6E0A746861742064756D6DE0
:1EFB4100792074686572652E004703010414000041FF0044070145FE1200440301003B
:020000040002F8
:2026BA002512041A00675D0000001E044000596F752063616E6E6F7420656E7465720A68F5
:2026DA00657265004703010414000045FF0E0041FF004407014000436F6D706C65746520CA
:2026FA00616C6C207468650A747261696E696E677320666972737400470301041400004161
:20271A00FF0044070145FE1200440301140000FFFC3AFFFC15FDFDFFFE00002BFE00004DF1
:20273A00FDFEFFFE80002BFE00004D0013FFFEFFFB13FFFFFFFC0202140001FFFF30FFFC39
:04275A0009675D00AE
:020000040001F9
:20B81000251A0079A10000001F04400057656C636F6D6520796F756E670A6B6E6967682EF5
:20B83000204920776173004703010414000045FF0E0041FF00440701400041776169746944
:20B850006E6720796F7572200A6172726976616C2E204F7572004703010414000041FF00D2
:20B8700044070140004B696E67646F6D20697320696E0A64616E6765722C20736F2049203E
:20B890007461736B004703010414000041FF004407014000796F7520746F20736176652067
:20B8B0006974200A66726F6D2074686520004703010414000041FF0044070140004C796EDA
:20B8D0007820696E766173696F6E2E205573650A7468652073656372657420657869740013
:20B8F0004703010414000041FF004407014000626568696E642074686520726F636B2069E6
:20B910006E0A7468652073776F726420616E6420626F77004703010414000041FF00440766
:20B93000014000747261696E696E6720726F6F6D2C20616E640A646566656174207468652A
:20B95000204C796E7820004703010414000041FF00440701400061726D792E476F6F64202D
:20B970006C75636B2C0A6272617665206B6E696768742021004703010414000041FF0044F5
:20B99000070145FE1200440301140001001F097BBF40005368616C6C206920726570656191
:20B9B000740A6D7973656C66203F004703010414000045FF0E0041FF0044070145FE120074
:20B9D0004403014000010103030248756D2E2E2E20796573203F0A0303034E6F20796F75F4
:20B9F00072206D616A657374792E004703010414000045FF0E0041FF0044030148020300F0
:20BA10004601010000000201020000010045FE12004403011A007A64000000460440004762
:20BA30006F6F64206C75636B2C0A6272617665206B6E696768742021004703010414000056
:20BA500045FF0E0041FF0044070145FE1200440301097BBF40004920776173206177616962
:20BA700074696E67200A796F7572206172726976616C2E004703010414000045FF0E0041D6
:20BA9000FF0044070140004F7572204B696E67646F6D20697320696E0A64616E6765722C52
:20BAB00020736F2049207461736B004703010414000041FF004407014000796F7520746FA9
:20BAD0002073617665206974200A66726F6D2074686520004703010414000041FF0044073D
:20BAF0000140004C796E7820696E766173696F6E2E205573650A7468652073656372657457
:20BB10002065786974004703010414000041FF004407014000626568696E64207468652021
:20BB3000726F636B20696E0A7468652073776F726420616E6420626F770047030104140097
:20BB50000041FF004407014000747261696E696E6720726F6F6D2C20616E640A64656665B3
:20BB7000617420746865204C796E7820004703010414000041FF00440701400061726D79AC
:20BB90002E476F6F64206C75636B2C0A6272617665206B6E69676874202100470301041480
:20BBB000000041FF0044070145FE120044030100251A007DA40000001E044000416E6F74F8
:20BBD000686572206B6E6967687420696E0A747261696E696E672C204179203F0047030164
:20BBF0000414000045FF0E0041FF004407014000596F75206E65656420746F207374617922
:20BC10000A616C69766520746F2077696E206120004703010414000041FF004407014000B8
:20BC300046696768742E20596F752063616E200A7374756E206E656172627920656E656DCB
:20BC500079004703010414000041FF00440701400077697468207468652068616D6D657275
:20BC700027730A73686F636B776176652C2062757420796F75004703010414000041FF008E
:20BC9000440701400063616E6E6F742064616D616765207468656D0A776974682069742E47
:20BCB00020496620616E20004703010414000041FF0044070140006172726F7720636F6DDD
:20BCD0006520746F77617264200A796F752C2075736520796F7572200047030104140000AC
:20BCF00041FF004407014000736869656C6420746F20626C6F636B20697400470301041461
:20BD1000000041FF004407014000596F757220736869656C64206973200A616C736F207694
:20BD30006572792075736566756C6C004703010414000041FF00440701400061742070757A
:20BD50007368696E672068656176790A6F626A6563742061726F756E642C004703010414C4
:20BD7000000041FF0044070140006C696B652073746F6E65732021004703010414000041A1
:20BD9000FF0044070145FE1200440301140001001E097FFF400044696420796F7520676537
:20BDB0007420616C6C206F66200A74686174203F004703010414000045FF0E0041FF00443E
:20BDD000070145FE1200440301400001010303025965732C2073697220210A0303034E6F88
:20BDF00074207265616C6C792E2E2E004703010414000045FF0E0041FF0044030148020302
:20BE1000004701010000000201020000010045FE12004403011A007FD3000000470440002F
:20BE3000596F75206E65656420746F20737461790A616C69766520746F2077696E206120E8
:20BE5000004703010414000045FF0E0041FF00440701400046696768742E20596F75206351
:20BE7000616E200A7374756E206E656172627920656E656D79004703010414000041FF006D
:20BE9000440701400077697468207468652068616D6D657227730A73686F636B77617665E0
:20BEB0002C2062757420796F75004703010414000041FF00440701400063616E6E6F74208C
:20BED00064616D616765207468656D0A776974682069742E20496620616E20004703010407
:20BEF00014000041FF0044070140006172726F7720636F6D6520746F77617264200A796FA0
:20BF1000752C2075736520796F757220004703010414000041FF004407014000736869651C
:20BF30006C6420746F20626C6F636B206974004703010414000041FF004407014000596FFF
:20BF5000757220736869656C64206973200A616C736F20766572792075736566756C6C0076
:20BF70004703010414000041FF00440701400061742070757368696E672068656176790A48
:20BF90006F626A6563742061726F756E642C004703010414000041FF0044070140006C6941
:20BFB0006B652073746F6E65732021004703010414000041FF0044070145FE120044030118
:20BFD000097FFF40005468656E20676F20616E6420747261696E004703010414000045FFCD
:10BFF0000E0041FF0044070145FE1200440301000A
:020000040002F8
:20275E002512041A0067FD0000001E044000596F752063616E6E6F7420656E7465720A68B0
:20277E00657265004703010414000045FF0E0041FF004407014000436F6D706C6574652025
:20279E00746865200A747261696E696E67206669727374004703010414000041FF0044071E
:2027BE000145FE1200440301140000FFFC3AFFFC15FDFDFFFE80FF2BFE00004DFDFEFFFE20
:2027DE0000002BFE00004D0013FFFEFFFB13FFFFFFFC0202140001FFFF30FFFC0967FD00A0
:2027FE00251208140000FFFF2CFFFF0A591D08140019FFFF14002DFFFE140027FFFD140004
:20281E0034FFFD140027FFFC140038FFFC140027FFFB140036FFFA14001FFFF9140031FF06
:20283E00F80100060100020100010100080100072CFFF32CFFF32CFFF32CFFF32CFFF32CA3
:20285E00FFF12CFFF22CFFEF2CFFF12CFFF10A5AE908140001FFFF0100070100112CFFFD51
:20287E000A5F3608140002FFFF0100080100122CFFFD0A5F3608140002FFFF01000101007D
:20289E00142CFFFD0A5F3608140002FFFF0100020100132CFFFD0A5F3608140000FFFF012A
:2028BE0000060100162CFFFD0A5F36081400010015140001001B00251207140000FFFF2C38
:2028DE00FFFF0A5A030814003BFFFF140034FFFE14002EFFFD140031FFFD14002EFFFC140B
:2028FE00002FFFFC14002EFFFB14002DFFFA140030FFFA14002DFFF9010006010002010099
:20291E00010100080100072CFFF42CFFF42CFFF22CFFF32CFFF32CFFF12CFFF22CFFEF2C71
:20293E00FFF12CFFF10A5AE908140001FFFF0100070100112CFFFD0A5F3608140001FFFF09
:20295E000100080100122CFFFD0A5F3608140001FFFF0100010100142CFFFD0A5F36081461
:20297E000001FFFF0100020100132CFFFD0A5F3608140001FFFF0100060100162CFFFD0AF1
:20299E005F36081400010015140001001B00251208140001FFFF2CFFFF0A591D08140019F1
:2029BE00FFFF14002DFFFE140027FFFD140034FFFD140027FFFC140038FFFC140027FFFB90
:2029DE00140036FFFA14001FFFF9140032FFF80100060100020100010100080100072CFFE6
:2029FE00F32CFFF32CFFF32CFFF32CFFF32CFFF12CFFF22CFFEF2CFFF12CFFF10A5AE9086E
:202A1E00140001FFFF0100070100112CFFFD0A5F3608140002FFFF0100080100122CFFFD44
:202A3E000A5F3608140002FFFF0100010100142CFFFD0A5F3608140002FFFF0100020100BF
:202A5E00132CFFFD0A5F3608140000FFFF0100060100162CFFFD0A5F360814000100151439
:202A7E000001001B00251204400057656C6C20646F6E652021004703010414000045FF0E51
:202A9E000041FF0044070140012600596F75722063757272656E742073636F72650A697331
:202ABE003A202564004703010414000041FF0044070145FE1200440301140000002721032A
:202ADE00C60D5701140000FFFC141300FFFD142500FFFE35FFFC3200FFFC270302099245DC
:202AFE0000251207140001FFFF2CFFFF0A591D0814003BFFFF14001AFFFE14002EFFFD14EB
:202B1E000016FFFD14002EFFFD14001CFFFD14003AFFFC140016FFFB14002EFFFA1400223D
:202B3E00FFF90100060100020100010100080100072CFFF42CFFF42CFFF42CFFF42CFFF4C7
:202B5E002CFFF02CFFF02CFFEE2CFFF12CFFF10A5AE908140001FFFF0100070100112CFF23
:202B7E00FD0A5F3608140001FFFF0100080100122CFFFD0A5F3608140001FFFF010001017F
:202B9E0000142CFFFD0A5F3608140000FFFF0100020100132CFFFD0A5F3608140001FFFF29
:202BBE000100060100162CFFFD0A5F36081400010015140001001B00251207140000FFFF60
:202BDE002CFFFF0A591D0814003BFFFF140034FFFE14002EFFFD14002FFFFD14002EFFFCD9
:202BFE0014002DFFFC14002EFFFB14002BFFFA140030FFFA14002BFFF90100060100020188
:202C1E0000010100080100072CFFF42CFFF42CFFF22CFFF32CFFF32CFFF12CFFF22CFFEF9A
:202C3E002CFFF12CFFF10A5AE908140001FFFF0100070100112CFFFD0A5F3608140001FFD9
:202C5E00FF0100080100122CFFFD0A5F3608140001FFFF0100010100142CFFFD0A5F360873
:202C7E00140001FFFF0100020100132CFFFD0A5F3608140001FFFF0100060100162CFFFDE4
:202C9E000A5F36081400010015140001001B00251207140001FFFF2CFFFF0A591D081400FE
:202CBE0030FFFF14000FFFFE14002EFFFE14000FFFFE14002EFFFD14000DFFFC14003CFFA0
:202CDE00FB140006FFFA140038FFFA140006FFF90100060100020100010100080100072C28
:202CFE00FFF42CFFF42CFFF22CFFF32CFFF32CFFF32CFFF32CFFF12CFFF12CFFF10A5AE96E
:202D1E0008140001FFFF0100070100112CFFFD0A5F3608140001FFFF0100080100122CFF37
:202D3E00FD0A5F3608140001FFFF0100010100142CFFFD0A5F3608140000FFFF01000201C2
:202D5E0000132CFFFD0A5F3608140001FFFF0100060100162CFFFD0A5F3608140001001549
:202D7E00140001001B00251207140000FFFF2CFFFF0A591D0814003BFFFF14001AFFFE1477
:202D9E00002EFFFD140016FFFD14002EFFFD14001CFFFD14003AFFFC140016FFFB14002EAC
:202DBE00FFFA140022FFF90100060100020100010100080100072CFFF42CFFF42CFFF42C28
:202DDE00FFF42CFFF42CFFF02CFFF02CFFEE2CFFF12CFFF10A5AE908140001FFFF010007CC
:202DFE000100112CFFFD0A5F3608140001FFFF0100080100122CFFFD0A5F3608140001FFC2
:202E1E00FF0100010100142CFFFD0A5F3608140000FFFF0100020100132CFFFD0A5F3608B7
:202E3E00140001FFFF0100060100162CFFFD0A5F36081400010015140001001B00251207DC
:202E5E00140000FFFF2CFFFF0A5A0308140018FFFF14000FFFFE14001DFFFE140005FFFD1C
:202E7E00140025FFFC14000DFFFC140025FFFB14000FFFFA140027FFFA14000FFFF9010045
:202E9E00030100050100040100010100022CFFF42CFFF42CFFF22CFFF32CFFF32CFFF12C22
:202EBE00FFF22CFFF22CFFEC2CFFF10A5AE908140001FFFF0100020100112CFFFD0A5F366F
:202EDE0008140002FFFF0100010100122CFFFD0A5F3608140001FFFF0100040100142CFF7C
:202EFE00FD0A5F3608140001FFFF0100050100132CFFFD0A5F3608140001FFFF01000301FC
:202F1E0000162CFFFD0A5F36081400010015140001001B00251208140000FFFF2CFFFF0ACF
:202F3E005A0308140019FFFF140017FFFE140025FFFD14001AFFFC140026FFFB140018FFFE
:202F5E00FB140026FFFA14001DFFFA140026FFF9140022FFF801000301000501000401008C
:202F7E00010100022CFFF32CFFF32CFFF32CFFF12CFFF22CFFEF2CFFF12CFFF12CFFF12C02
:202F9E00FFF10A5AE908140000FFFF0100020100112CFFFD0A5F3608140000FFFF010001C4
:202FBE000100122CFFFD0A5F3608140003FFFF0100040100142CFFFD0A5F3608140003FFFD
:202FDE00FF0100050100132CFFFD0A5F3608140003FFFF0100030100162CFFFD0A5F3608EC
:202FFE001400010015140001001B00251208140000FFFF2CFFFF0A5A030814001DFFFF142C
:20301E00002CFFFF140025FFFE14002EFFFE140025FFFD140035FFFC140021FFFB14002F08
:20303E00FFFA14001DFFF9140033FFF80100030100050100040100010100022CFFF32CFFB5
:20305E00F32CFFF32CFFF32CFFF32CFFF32CFFF32CFFF12CFFF22CFFEB0A5AE9081400020F
:20307E00FFFF0100020100112CFFFD0A5F3608140002FFFF0100010100122CFFFD0A5F3660
:20309E0008140002FFFF0100040100142CFFFD0A5F3608140002FFFF0100050100132CFFB4
:2030BE00FD0A5F3608140002FFFF0100030100162CFFFD0A5F360814000100151400010011
:2030DE001B00251207140000FFFF2CFFFF0A5A030814001EFFFF140041FFFE140018FFFE23
:2030FE00140041FFFE140018FFFD14004BFFFD140018FFFC140049FFFB14001AFFFA140024
:20311E003FFFF90100030100050100040100010100022CFFF42CFFF42CFFF42CFFF42CFF9F
:20313E00F42CFFF22CFFF32CFFF02CFFF12CFFF10A5AE908140000FFFF0100020100112C47
:20315E00FFFD0A5F3608140001FFFF0100010100122CFFFD0A5F3608140000FFFF010004A0
:20317E000100142CFFFD0A5F3608140001FFFF0100050100132CFFFD0A5F3608140001FF3D
:20319E00FF0100030100162CFFFD0A5F36081400010015140001001B00251208140001FF7B
:2031BE00FF2CFFFF0A5A0308140019FFFF14002DFFFE140027FFFD140034FFFD140027FF3B
:2031DE00FC140038FFFC140027FFFB140036FFFA14001FFFF9140032FFF8010006010002A4
:2031FE000100010100080100072CFFF32CFFF32CFFF32CFFF32CFFF32CFFF12CFFF22CFFA4
:20321E00EF2CFFF12CFFF10A5AE908140001FFFF0100070100112CFFFD0A5F360814000202
:20323E00FFFF0100080100122CFFFD0A5F3608140002FFFF0100010100142CFFFD0A5F3695
:20325E0008140002FFFF0100020100132CFFFD0A5F3608140000FFFF0100060100162CFFF3
:20327E00FD0A5F36081400010015140001001B00251207140001FFFF2CFFFF0A5A03081434
:20329E000005FFFF140005FFFF140010FFFF140005FFFF140003FFFE140006FFFD1400027D
:2032BE00FFFC14000DFFFB140010FFFA14000FFFF90100030100050100040100010100028E
:2032DE002CFFF42CFFF42CFFF42CFFF42CFFF42CFFF42CFFF42CFFEE2CFFF22CFFF10A5A41
:2032FE00E908140000FFFF0100020100112CFFFD0A5F3608140001FFFF0100010100122C75
:20331E00FFFD0A5F3608140000FFFF0100040100142CFFFD0A5F3608140002FFFF010005D7
:20333E000100132CFFFD0A5F3608140001FFFF0100030100162CFFFD0A5F3608140001007A
:20335E0015140001001B00251207140001FFFF2CFFFF0A5A0308140011FFFF14001DFFFFCE
:20337E00140011FFFE140021FFFE140011FFFE14001FFFFD140010FFFC140017FFFB140032
:20339E0002FFFA140021FFF90100030100050100040100010100022CFFF42CFFF42CFFF476
:2033BE002CFFF42CFFF42CFFF42CFFEE2CFFF22CFFF22CFFF00A5AE908140002FFFF0100BA
:2033DE00020100112CFFFD0A5F3608140002FFFF0100010100122CFFFD0A5F3608140002DE
:2033FE00FFFF0100040100142CFFFD0A5F3608140000FFFF0100050100132CFFFD0A5F36D5
:20341E0008140000FFFF0100030100162CFFFD0A5F36081400010015140001001B002512F9
:20343E0008140001FFFF2CFFFF0A5A030814000EFFFF14002DFFFE140005FFFE14002DFF06
:20345E00FD140003FFFC140036FFFB140007FFFB140032FFFA14000DFFF9140036FFF8014C
:20347E0000030100050100040100010100022CFFF32CFFF32CFFF32CFFF32CFFEF2CFFF26C
:20349E002CFFF22CFFF22CFFF02CFFF10A5AE908140001FFFF0100020100112CFFFD0A5F8F
:2034BE003608140001FFFF0100010100122CFFFD0A5F3608140001FFFF0100040100142C60
:2034DE00FFFD0A5F3608140002FFFF0100050100132CFFFD0A5F3608140002FFFF01000316
:2034FE000100162CFFFD0A5F36081400010015140001001B00251208140001FFFF2CFFFFF2
:20351E000A5A030814000EFFFF14004AFFFE140008FFFD14004BFFFC140006FFFC14004BBD
:20353E00FFFC140006FFFB140049FFFA140007FFF9140040FFF8010003010005010004019A
:20355E0000010100022CFFF32CFFF32CFFF32CFFF32CFFF32CFFF12CFFF12CFFF12CFFF143
:20357E002CFFF10A5AE908140001FFFF0100020100112CFFFD0A5F3608140001FFFF0100B1
:20359E00010100122CFFFD0A5F3608140001FFFF0100040100142CFFFD0A5F360814000119
:2035BE00FFFF0100050100132CFFFD0A5F3608140001FFFF0100030100162CFFFD0A5F3611
:2035DE00081400010015140001001B00251208140001FFFF2CFFFF0A591D0814001DFFFF38
:2035FE0014002CFFFF140025FFFE14002EFFFE140025FFFD140035FFFC140021FFFB14003E
:20361E002FFFFA14001DFFF9140033FFF80100030100050100040100010100022CFFF32C9F
:20363E00FFF32CFFF32CFFF32CFFF32CFFF32CFFF32CFFF12CFFF22CFFEB0A5AE90814002C
:20365E0002FFFF0100020100112CFFFD0A5F3608140002FFFF0100010100122CFFFD0A5FAE
:20367E003608140002FFFF0100040100142CFFFD0A5F3608140002FFFF0100050100132C97
:20369E00FFFD0A5F3608140002FFFF0100030100162CFFFD0A5F360814000100151400012C
:2036BE00001B00251207140001FFFF2CFFFF0A591D08140011FFFF14001DFFFF140011FF58
:2036DE00FE140021FFFE140011FFFE14001FFFFD140010FFFC140017FFFB140002FFFA14E4
:2036FE000021FFF90100030100050100040100010100022CFFF42CFFF42CFFF42CFFF42CD7
:20371E00FFF42CFFF42CFFEE2CFFF22CFFF22CFFF00A5AE908140002FFFF0100020100118D
:20373E002CFFFD0A5F3608140002FFFF0100010100122CFFFD0A5F3608140002FFFF01008F
:20375E00040100142CFFFD0A5F3608140000FFFF0100050100132CFFFD0A5F360814000054
:20377E00FFFF0100030100162CFFFD0A5F36081400010015140001001B0025120814000195
:20379E00FFFF2CFFFF0A591D08140004FFFF140005FFFE140010FFFE140005FFFE140003E1
:2037BE00FFFD140008FFFC140002FFFB14000DFFFA140010FFF914000FFFF8010003010073
:2037DE00050100040100010100022CFFF32CFFF32CFFF32CFFF32CFFF32CFFF32CFFF32CBE
:2037FE00FFED2CFFF12CFFF10A5AE908140000FFFF0100020100112CFFFD0A5F3608140028
:20381E0001FFFF0100010100122CFFFD0A5F3608140000FFFF0100040100142CFFFD0A5FEA
:20383E003608140002FFFF0100050100132CFFFD0A5F3608140001FFFF0100030100162CD5
:20385E00FFFD0A5F36081400010015140001001B00251207140000FFFF2CFFFF0A591D084B
:20387E00140011FFFF14001DFFFF140011FFFE140021FFFE140011FFFE14001FFFFD14001F
:20389E0010FFFC140017FFFB140002FFFA140021FFF901000301000501000401000101008C
:2038BE00022CFFF42CFFF42CFFF42CFFF42CFFF42CFFF42CFFEE2CFFF22CFFF22CFFF00AB6
:2038DE005AE908140002FFFF0100020100112CFFFD0A5F3608140002FFFF0100010100125E
:2038FE002CFFFD0A5F3608140002FFFF0100040100142CFFFD0A5F3608140000FFFF0100CB
:20391E00050100132CFFFD0A5F3608140000FFFF0100030100162CFFFD0A5F360814000190
:20393E000015140001001B00251208140000FFFF2CFFFF0A591D0814000EFFFF14002DFFC1
:20395E00FE140005FFFE14002DFFFD140003FFFC140036FFFB140007FFFB140032FFFA143A
:20397E00000DFFF9140036FFF80100030100050100040100010100022CFFF32CFFF32CFF68
:20399E00F32CFFF32CFFEF2CFFF22CFFF22CFFF22CFFF02CFFF10A5AE908140001FFFF01E7
:2039BE0000020100112CFFFD0A5F3608140001FFFF0100010100122CFFFD0A5F36081400FB
:2039DE0001FFFF0100040100142CFFFD0A5F3608140002FFFF0100050100132CFFFD0A5F22
:2039FE003608140002FFFF0100030100162CFFFD0A5F36081400010015140001001B0025EE
:203A1E001206140000FFFF2CFFFF0A591D0814001EFFFF140041FFFE140018FFFE140041AC
:203A3E00FFFE140018FFFD14004BFFFD140018FFFC14003FFFFB14001AFFFB14003FFFFA00
:203A5E000100030100050100040100010100022CFFF52CFFF52CFFF32CFFF42CFFF42CFF6D
:203A7E00F22CFFF32CFFF02CFFF12CFFF10A5AE908140000FFFF0100020100112CFFFD0A17
:203A9E005F3608140001FFFF0100010100122CFFFD0A5F3608140000FFFF01000401001448
:203ABE002CFFFD0A5F3608140001FFFF0100050100132CFFFD0A5F3608140001FFFF010009
:203ADE00030100162CFFFD0A5F36081400010015140001001B00251208140000FFFF2CFF09
:203AFE00FF0A5A0308140024FFFF140004FFFE140026FFFE140004FFFD140018FFFC140069
:203B1E0006FFFC140018FFFB14000AFFFA14001CFFF914000FFFF8010006010002010001FB
:203B3E000100080100072CFFF32CFFF32CFFF32CFFF32CFFF32CFFF12CFFF22CFFF22CFF3F
:203B5E00F02CFFF10A5AE908140001FFFF0100070100112CFFFD0A5F3608140001FFFF01D6
:203B7E0000080100122CFFFD0A5F3608140001FFFF0100010100142CFFFD0A5F3608140030
:203B9E0000FFFF0100020100132CFFFD0A5F3608140001FFFF0100060100162CFFFD0A5F61
:0D3BBE0036081400010015140001001B0062
:020000040001F9
:20FB5F002512041A007C9C000000270440004865792C2073746F70207269676874200A749A
:20FB7F00686572652021004703010414000045FF0E0041FF004407014000506173742074D4
:20FB9F0068697320676174652069730A4C796E78207465727269746F72792C004703010401
:20FBBF0014000041FF004407014000676F696E67207468657265207768696C650A6F757261
:20FBDF0020636F756E74727920617265206174004703010414000041FF00440701400077DF
:20FBFF00617220697320737569636964616C2E0A49276C6C206C657420796F7520706173E3
:20FC1F0073004703010414000041FF0044070140006F6E6C7920696620796F752068617696
:20FC3F00650A746865204475636B2053746F6E652E004703010414000041FF0044070145C3
:20FC5F00FE1200440301140000FFFC3AFFFC15FDFDFFFE80002BFE00004DFDFEFFFE0000EF
:1EFC7F002BFE00004D0013FFFEFFFB13FFFFFFFC0202140001FFFF30FFFC097C9C0078
:020000040002F8
:2049FE00251204460000000040012600596F75722063757272656E742073636F72650A6930
:204A1E00733A202564004703010414000045FF0E0041FF0044070145FE1200440301210320
:204A3E00C60D5701140000FFFC140000FFFD140000FFFE35FFFC3200FFFC27030209CD4559
:204A5E00002512011A004A6E0000002704094A80140000FFFF0100050100132CFFFD0A5F73
:204A7E003608002512011A004A900000002704094AA2140000FFFF0100030100162CFFFD39
:204A9E000A5F3608002512011A004AB20000002704094AC4140000FFFF0100050100132C69
:204ABE00FFFD0A5F3608002512011A004AD40000002704094AE6140000FFFF01000101004C
:204ADE00122CFFFD0A5F3608002512011A004AF60000002704094B08140000FFFF010004A7
:0B4AFE000100142CFFFD0A5F360800C9
:203BCB00251206140001FFFF2CFFFF0A5A030814000EFFFF14000FFFFE140002FFFE14008A
:203BEB0006FFFE14000FFFFE140006FFFE140002FFFD14000DFFFC140004FFFB14000FFF1E
:203C0B00FA0100060100020100010100080100072CFFF52CFFF52CFFF52CFFF52CFFF52CB6
:203C2B00FFF02CFFF32CFFF12CFFED2CFFF10A5AE908140001FFFF0100070100112CFFFD72
:203C4B000A5F3608140000FFFF0100080100122CFFFD0A5F3608140001FFFF01000101009F
:203C6B00142CFFFD0A5F3608140000FFFF0100020100132CFFFD0A5F3608140001FFFF014A
:203C8B0000060100162CFFFD0A5F36081400010015140001001B00251207140000FFFF2C57
:203CAB00FFFF0A5A0308140030FFFF14000FFFFE14002EFFFE14000FFFFE14002EFFFD1479
:203CCB00000DFFFC14003CFFFB140006FFFA140038FFFA140006FFF9010006010002010012
:203CEB00010100080100072CFFF42CFFF42CFFF22CFFF32CFFF32CFFF32CFFF32CFFF12C8C
:203D0B00FFF12CFFF10A5AE908140001FFFF0100070100112CFFFD0A5F3608140001FFFF28
:203D2B000100080100122CFFFD0A5F3608140001FFFF0100010100142CFFFD0A5F36081480
:203D4B000000FFFF0100020100132CFFFD0A5F3608140001FFFF0100060100162CFFFD0A11
:203D6B005F36081400010015140001001B00251208140001FFFF2CFFFF0A5A03081400241E
:203D8B00FFFF140006FFFE140026FFFE140006FFFD140018FFFC14000DFFFC140018FFFB4D
:203DAB0014000AFFFA14001CFFF914000FFFF80100060100020100010100080100072CFF57
:203DCB00F32CFFF32CFFF32CFFF32CFFF32CFFF12CFFF22CFFF22CFFF02CFFF10A5AE9088B
:203DEB00140001FFFF0100070100112CFFFD0A5F3608140001FFFF0100080100122CFFFD65
:203E0B000A5F3608140000FFFF0100010100142CFFFD0A5F3608140000FFFF0100020100E2
:203E2B00132CFFFD0A5F3608140001FFFF0100060100162CFFFD0A5F360814000100151457
:203E4B000001001B00251206140000FFFF2CFFFF0A591D0814000EFFFF14002DFFFE1400C8
:203E6B0010FFFE14002DFFFE140010FFFE140035FFFE140002FFFD14002DFFFC140010FF14
:203E8B00FB140037FFFA0100060100020100010100080100072CFFF52CFFF52CFFF52CFF30
:203EAB00F52CFFF52CFFF12CFFF12CFFEF2CFFEF2CFFF10A5AE908140001FFFF01000701E9
:203ECB0000112CFFFD0A5F3608140001FFFF0100080100122CFFFD0A5F3608140001FFFFE6
:203EEB000100010100142CFFFD0A5F3608140001FFFF0100020100132CFFFD0A5F360814C4
:203F0B000001FFFF0100060100162CFFFD0A5F36081400010015140001001B0025120814FD
:203F2B000000FFFF2CFFFF0A5A0308140019FFFF14002DFFFE140027FFFD140034FFFD14E7
:203F4B000027FFFC140038FFFC140027FFFB140036FFFA14001FFFF9140031FFF801000607
:203F6B000100020100010100080100072CFFF32CFFF32CFFF32CFFF32CFFF32CFFF12CFF43
:203F8B00F22CFFEF2CFFF12CFFF10A5AE908140001FFFF0100070100112CFFFD0A5F360881
:203FAB00140002FFFF0100080100122CFFFD0A5F3608140002FFFF0100010100142CFFFDA4
:203FCB000A5F3608140002FFFF0100020100132CFFFD0A5F3608140000FFFF01000601001B
:133FEB00162CFFFD0A5F36081400010015140001001B0084
:020000040000FA
:1005A4001E04210040C308001E04211C43C308008C
:020000040001F9
:206AB100211EC53600211FC536002120C536082121C53608C9E8EFF804AF2236042107C533
:206AD1003600211DC65E211BC6567AE6024F06007AE601F80B22AF227AE60422AF227AE6F0
:206AF10008223600CB4B200AFA1DC6B7200A78B12806F80536031840CB43200CFA1DC6B774
:206B1100200CF80C3AB62806F8053601182ACB53200CFA1DC6B7200CF80E3AB62806F80575
:206B310036021814CB5B200CFA1DC6B7200AF8103AB62804F805360078B128232107C536E2
:206B510001F80E3AB62806F80436E0185BF8103AB62806F80436A0184FF80436C01849F8D0
:206B71000C3AB628232107C53601F80E3AB62806F80436201832F8103AB62806F804366021
:206B91001826F80436401820F80E3AB6280B2107C53601F8043600180FF8103AB62809210C
:206BB10007C53601F8043680FA07C5B7CA1571F8007D54F80F227221BAC02A4F46F80F2A53
:206BD100666F792270F8007D54F806227A322A5F5621020019E57DF80A77E17CF809772143
:206BF100BCC02A4F46F8082A666F792270FAC8C0F80A77F8067EF80F77F8077EF810327E15
:206C1100F80B77F8107EF80C322A5F561AF80F22131A7711C418F8046E2600194D440AF83E
:206C31000A66E533F533CD4135E1F80D7B2272F80ECB2E2BCB1E23CB2E2BCB1E23CB2E2BD1
:206C5100CB1E23CB2E2BCB1E23CB2E2BCB1E23CB2E2BCB1E23CB2E2BCB1E2A4F2A472A6600
:206C71006F094D44F80B2A666F792270F80B2A5F5621020019E57DF81177E17CF810322A2C
:206C91005F561AF80D22131A77F8047EC6404F21C4180600097EF80A66E533F533CD413505
:206CB100E1F80B7B2272F80CCB2E2BCB1E23CB2E2BCB1E23CB2E2BCB1E23CB2E2BCB1E230C
:206CD100CB2E2BCB1E23CB2E2BCB1E23CB2E2BCB1E2A4F2A472A5F2A577B915F7A984B4733
:206CF1002A666F79227021BCC02A4F46CB38CB19CB38CB19CB38CB19CB38CB19FAC1C0F80E
:206D11000F22079F77F80A792270F80F3A2B77F8103A2B322A5F56F80A2A666F19E57DF832
:206D31001177E17CF810322A4F46CB38CB19CB38CB19CB38CB1971FAC2C0F80F773A2207E1
:206D51009F323A2B77F80F3A2B322A5F56F80A2A666F19E57DF81077E17CF80F322A4F3AB4
:206D710047CB38CB19CB38CB19CB38CB19793C77F8062A5F561A4F131A47CB38CB19CB3836
:206D9100CB19CB38CB19CB38CB19F80C792270F8047ED680D2996EFAC0C04F079F47F80CBE
:206DB1002A666F094D44CB38CB19CB38CB19CB38CB19F80F71F80E2A2396CA506EF80F7E06
:206DD1002132C596303FF8107E2133C5963036212FC5462132C55E1600F8107E0E00C5D5D5
:206DF1005F51D5CD6935E804C17B2130C586235F7A8E57F80F6E2600195D54C533D5CD07E7
:206E110013E80318021E0FCB53282EF80F7E0E0087CB1187CB1187CB1121C0C06EF57D0764
:206E31009F67F1956F799C67292929294D440BF8062A666F7922701806F81034C3C66D0131
:206E5100BAC02134C52AC6F05F7ECEFF57CB23CB12CB23CB12CB23CB12CB23CB12F80D7B00
:206E71002272F8062A5F561AF80F22131A77F80D2A5F2A577B96237A9E3805F80F2A5F562B
:206E91007B02037A02C3516FFABFC04F079F47F80C2A666F094D44CB38CB19CB38CB19CB77
:206EB10038CB19F81046F80E7E902873792132C596303C782133C5963035FA2FC5F810771C
:206ED1002132C55E1600682600C5D5E5CD6935E804C17B2130C586235F7A8E576926001950
:206EF1005D54F8107EF533D5CD0713E80318021E0FCB5B2827692600232929294D44FABF48
:206F1100C05F079F5779936F789A6729292929234D44F8062A666F7922701803041887F83A
:206F3100062A5F561A4F131AF80F712377CB7E28042BAF2277F80F2A4F4621BAC07922705F
:206F510021BAC02A4F46CB38CB19CB38CB19CB38CB19CB38CB19FABFC06F079F67095D547B
:206F7100CB3ACB1BCB3ACB1BCB3ACB1BF81073FAC0C06F079F6709CB3CCB1DCB3CCB1DCB1C
:206F91003CCB1D7D3CF80F77F8082A5F561A4F131A47CB38CB19CB38CB19CB38CB19CB3811
:206FB100CB193E40F80496D276707ED6C0D27670FAC2C06F079F67094D44CB38CB19CB38CC
:206FD100CB19CB38CB19F80E71F80F2A96CA6370F8107E2132C5963040F80E7E2133C59623
:206FF1003037212FC5462132C55E1600F80E7E0E00C5D55F51D5CD6935E804C17B2130C5D8
:2070110086235F7A8E57F8106E2600195D54C533D5CD0713E8037B18023E0F0F302EF80E9E
:207031007E0E0087CB1187CB1187CB1121C2C06EF57D079F67F1956F799C67292929294D98
:20705100440BF8082A666F7922701806F81034C3DA6FF8082A5F561A4F131A4721BCC0798E
:207071002270C31571FAC1C06F079F6709CB3CCB1DCB3CCB1DCB3CCB1D4DF80F2A962874A7
:20709100F8107E2132C5963039792133C5963032212FC5462132C55E1600692600C5D5E5C3
:2070B100CD6935E804C17B2130C586235F7A8E57F8106E2600195D54C533D5CD0713E803AA
:2070D10018021E0FCB4B28270C6926002929294D44FAC1C05F079F5779936F789A6729292F
:2070F1002929234D44F8082A666F7922701805F810341886F8082A5F561A4F131A4721BCDF
:20711100C0792270F8057ED604281AFA07C5F533F8067EF53311B9C0D51E01216546CD084B
:2071310000E804180D11B9C0D51E01210646CD0800E1110000FA1FDAE601470E00783DB1E6
:207151002037AFF53311BAC0D511BFC0D51E0621E950CD0800E8057BB7206EAFF5331E0135
:20717100218748CD0800337AB3280E212F00197EB728062109C57B2272FA1BC6CB6728495B
:20719100FA1CC6CB6720427AB3200D210801E51E0121A047CD0800E17AB3282D212F00193D
:2071B1007EB72025212500197EB7281D234E2346110000D52601E533110000D5C5F5331E7B
:0C71D1000221D54ECD0800E808E811C9E5
:020000040002F8
:114B0900211EC53600211FC53600211FDA3600C9C944
:020000040000FA
:20AEC600E8F9AF21A0D92277FAB4D9EAA2D9FAB5D9EAA3D93E0221A2D9CB2623CB163D20A1
:20AEE600F501B9C0210500097EFE022803B72002360121BAC02A665F54CB3ACB1BCB3ACB5C
:20AF06001BCB3ACB1BCB3ACB1BCB3ACB1BCB3ACB1BCB3ACB1BF8007321BCC02A6E5FCB3D72
:20AF2600CB1BCB3DCB1BCB3DCB1BCB3DCB1BCB3DCB1BCB3DCB1BCB3DCB1B219ED936001DA6
:20AF4600F8007E2132C596303C7B2133C5963035FA2FC5F806772132C56E260054C5E5D5EA
:20AF6600CD6935E804C17B2130C586235F7A8E57F8006E2600195D54F8067EF533D5CD0718
:20AF860013E80318021E0FCB63CA4F70FAC0C0F80122079F22FABFC022079F322B2B2A5F00
:20AFA6002A572A666F7B955F7A9CF806327B222B2A5F56CB2ACB1BF8007E160087CB12875D
:20AFC600CB1287CB12D55F21040019D1E57DF80377E17CF8022216002A666F19E57DF8070B
:20AFE60077E17CF80677F8012A5F56F8052A666F7B955F7A9CF80432732A5E2387CB138771
:20B00600CB1387CB1387CB13227B3211BAC02A12137E1221C9C03606FAD8C03C21D7C06677
:20B02600C5F533E53311B9C0D51E01216245CD0800E804C101C5C011C4C01A0201C6C01A65
:20B046003C02219FD936011812219FD9360011B9C0D51E01210646CD0800E1211EC5360008
:20B06600211FC536002120C536042121C53610211FDA3600E807C9E8EDFAC0C04F079F476F
:20B08600FABFC0F80022079F22D1D579935F789A474BCB28CB1979223600FA1BC6F8127796
:20B0A600FA2FC5F80477FA32C5F805223600F8027EF80777F8037EF80877F8127EE604F89B
:20B0C60009223600F8127EE608F80B223600F8127EE602F80D223600F8127EE601F80F22D3
:20B0E6003600FA9FD9B7CAEC7321BAC02A4F46CB38CB19CB38CB19CB38CB19CB38CB19F8D4
:20B10600002A5E814F7B8847F8072A666F094D44CB38CB19CB38CB19CB38CB19F81271AF10
:20B1260021A2D92277F8127E2132C5963E00174FF80A3AB6CACA7111BCC01AF81022131A05
:20B1460077CB3E2BCB1E23CB3E2BCB1E23CB3E2BCB1E23CB3E2BCB1EFAC1C047079F5E23AC
:20B1660056686719235DCB3CCB1BCB3CCB1BCB3CCB1B79B728347B2133C596302D1600F823
:20B18600052A4F46C5D5CD6935E8047B2130C586234F7A8E47F8126E2600094D44F8047E6A
:20B1A600F533C5CD0713E80318021E0FCB63CAD073AF21A8D996EAA2D99F21A9D996EAA397
:20B1C600D9C3D073F80C3AB6CA5A7211BCC01AF81022131A77CB3E2BCB1E23CB3E2BCB1E2E
:20B1E60023CB3E2BCB1E23CB3E2BCB1EFAC2C047079F5E2356686719235DCB3CCB1BCB3C2D
:20B20600CB1BCB3CCB1B79B728347B2133C596302D1600F8052A4F46C5D5CD6935E8047B04
:20B226002130C586234F7A8E47F8126E2600094D44F8047EF533C5CD0713E80318021E0FF3
:20B24600CB63CAD073FAA8D9EAA2D9FAA9D9EAA3D9C3D073F80E3AB6CA1673219FD93600CD
:20B2660021BCC02A4F46CB38CB19CB38CB19CB38CB19CB38CB19FAC1C06F079F67095D541F
:20B28600CB3ACB1BCB3ACB1BCB3ACB1BF81173FAC2C06F079F67094DCB3CCB19CB3CCB1947
:20B2A600CB3CCB190CF8117E91CAD073F8127E3DF80F772132C5963044F8117E2133C596D1
:20B2C600303BFA2FC5F810772132C55E1600F8117E0600C5D55F50D5CD6935E804C17B21A5
:20B2E60030C586235F7A8E57F80F6E2600195D54F8107EF533D5CD0713E80318021E0FCB20
:20B306005B2808219FD93601C3D073F811341895F8103AB6CAD073219FD9360021BCC02A41
:20B326004F46CB38CB19CB38CB19CB38CB19CB38CB19FAC1C06F079F67095D54CB3ACB1B3A
:20B34600CB3ACB1BCB3ACB1BF81173FAC2C06F079F67094DCB3CCB19CB3CCB19CB3CCB1986
:20B366000CF8117E912863F8127E3CF80F772132C5963044F8117E2133C596303BFA2FC525
:20B38600F810772132C55E1600F8117E0600C5D55F50D5CD6935E804C17B2130C586235F40
:20B3A6007A8E57F80F6E2600195D54F8107EF533D5CD0713E80318021E0FCB532807219F1A
:20B3C600D936011805F81134189721BCC02A4F4621A3D95E7B079F576B62094D4421BCC07B
:20B3E600792270C31D7EF8123AE620223600F80E3AB6CA247511000021A4D92A666F7B9525
:20B406005F7A9CF8103273F8123AB6CA9C74FAA0D921AED99621A0D9227E21AFD99EEAA173
:20B42600D911000021AAD92A666F7B955F7A9CF812327311A0D91A1396231A9E1A57CB7E63
:20B446002807CB7A2008BF1805CB7A2801373837F80F5D5421A0D91A1396231A9E1A57CB2E
:20B466007E2807CB7A2008BF1805CB7A280137300AF80F2A23322A2377180CFAA0D9F81107
:20B4860077FAA1D9F81277F8117EEAA0D9F8127EEAA1D9C39776FAA0D921ACD99621A0D94B
:20B4A600227E21ADD99EEAA1D911000021A6D92A666F7B955F7A9CF812327311A0D91A13A2
:20B4C60096231A9E1A57CB7E2807CB7A2008BF1805CB7A2801373837F80F5D5421A0D91A43
:20B4E6001396231A9E1A57CB7E2807CB7A2008BF1805CB7A280137300AF80F2A23322A23DE
:20B5060077180CFAA0D9F81177FAA1D9F81277F8117EEAA0D9F8127EEAA1D9C39776F810F4
:20B526003AB6CA1A76FAA4D9F80F77FAA5D9F81022233AB62871FAA0D921AED98621A0D93D
:20B54600227E21AFD98EEAA1D911A0D921A4D91A1396231A9E1A57CB7E2807CB7A2008BFCF
:20B566001805CB7A2801373007F80F2A5F7E182E11AAD921A0D91A1396231A9E1A57CB7EF2
:20B586002807CB7A2008BF1805CB7A280137300821AAD92A5F7E180621A0D92A5F7E21A025
:20B5A600D9732377C39776FAA0D921ACD98621A0D9227E21ADD98EEAA1D911A0D921A4D935
:20B5C6001A1396231A9E1A57CB7E2807CB7A2008BF1805CB7A2801373006F80F2A46182CFF
:20B5E60011A6D921A0D91A1396231A9E1A57CB7E2807CB7A2008BF1805CB7A28013730076F
:20B6060021A6D92A46180521A0D92A4621A0D92270C39776FA9ED9B7287721A1D9CB7E281E
:20B62600362B7E21B0D98621A0D9227E21B1D98E21A1D932AF96233E009E3E0057CB7E286B
:20B6460007CB7A2008BF1805CB7A2801373042AF21A0D92277183A21A0D9AF96233E009E6B
:20B666003E0057CB7E2807CB7A2008BF1805CB7A280137301CFAA0D921B0D99621A0D9220E
:20B686007E21B1D99E21A1D977CB7E28042BAF2277F80A3AB6CA817721BAC02A4F46CB38D2
:20B6A600CB19CB38CB19CB38CB19CB38CB19FABFC06F079F67094D44F8072A666F094D44C4
:20B6C600CB38CB19CB38CB19CB38CB19F8127121BCC02A4F46CB38CB19CB38CB19CB38CB3C
:20B6E60019CB38CB19FAC1C06F079F67094DCB3CCB19CB3CCB19CB3CCB19F8127E2132C596
:20B70600963034792133C596302D0600F8052A5F56D5C5CD6935E8047B2130C586234F7ACE
:20B726008E47F8126E2600094D44F8047EF533C5CD0713E80318021E0FCB63CA6878F81294
:20B746006E2600292929010400094D44FABFC05F079F57F8022A666F195D5479936F789A10
:20B7660067292929294D4421BAC0792270219FD93601AF21A0D92277C36878F80C3AB6CA6E
:20B78600687821BAC02A4F46CB38CB19CB38CB19CB38CB19CB38CB19FABFC06F079F6709CF
:20B7A6004D44F8072A666F094D44CB38CB19CB38CB19CB38CB19F8127121BCC02A4F46CB03
:20B7C60038CB19CB38CB19CB38CB19CB38CB19FAC2C06F079F67094DCB3CCB19CB3CCB196E
:20B7E600CB3CCB190CF8127E2132C5963034792133C596302D0600F8052A5F56D5C5CD697B
:20B8060035E8047B2130C586234F7A8E47F8126E2600094D44F8047EF533C5CD0713E803B8
:20B8260018021E0FCB63283AF8126E2600292929010400094D44FABFC05F079F57F8022A7A
:20B84600666F195D5479936F789A67292929294D4421BAC0792270219FD93601AF21A0D95B
:20B866002277FA1BC6CB67281B21A3D9CB7E28142B7E21B6D98621A2D9227E21B7D98EEA73
:20B88600A3D91813FAA2D921B4D98621A2D9227E21B5D98EEAA3D901BAC011BCC01AF81148
:20B8A60022131A327EF80D77F8127EF80E77CB3E2BCB1E23CB3E2BCB1E23CB3E2BCB1E2342
:20B8C600CB3E2BCB1EFAC1C05F079F577EF810322B7EF811322A666F195D54CB3ACB1BCB53
:20B8E6003ACB1BCB3ACB1BF8127B32FAC2C05F079F573A6E67195D54CB3ACB1BCB3ACB1BF9
:20B90600CB3ACB1B7B3CF80B7721A1D95E7B079F57F8107B227221A0D9AF96233E009E3E61
:20B926000057CB7E2807CB7A2008BF1805CB7A280137D2787A21BBC03A5E57F8102A666FEE
:20B94600195D7CF80C7323327EF81077F80D7EF81177CB3E2BCB1E23CB3E2BCB1E23CB3E9A
:20B966002BCB1E23CB3E2BCB1EFAC0C05F079F572A666F195D54CB3ACB1BCB3ACB1BCB3AF3
:20B98600CB1BF80E73F80B7EF81296CA3E7AF80E7E2132C5963047F8127E2133C596303E51
:20B9A600FA2FC5F80F772132C55E1600F8123A2B22AF32C5D52A5F56D5CD6935E804C17B36
:20B9C6002130C586235F7A8E57F80E6E2600195D54F80F7EF533D5CD0713E80318021E0FE5
:20B9E600CB53284EF80E3A1E0087CB1387CB1387CB13227B22FAC0C022079F322B2B2A5F0E
:20BA06002A572A666F7B955F7A9CF81232733E04F811CB2623CB163D20F62B2A5F562101AD
:20BA2600007B955F7A9CF80D3273AF21A0D922771806F81234C38B792134C52AC6F05F7EF5
:20BA4600CEFF57CB23CB12CB23CB12CB23CB12CB23CB12F80C7B96237A9E3805F80C2A5F76
:20BA660056F8117B227A3211BAC02A12137E12C3C17BFAA1D9CB7FCAC17B21BBC03A5E5760
:20BA8600F8102A666F195D7CF8107323323A2B77F8113A2B77CB2E2BCB1E23CB2E2BCB1ED9
:20BAA60023CB2E2BCB1E23CB2E2BCB1EFABFC05F079F572A666F195D54CB2ACB1BCB2ACBE7
:20BAC6001BCB2ACB1BF81256F80B7E92CAA67B7B2132C59630727A2133C596306BFA2FC58F
:20BAE600F81277FA32C5F80C22AF227A223600C5D5F8102A666FE5F8142A666FE5CD693524
:20BB0600E804F8127B2272D1C1D5F8102A5F562130C52A666F19D1E57DF80E77E17CF80D8C
:20BB260077D516003A6E6719D1E57DF81077E17CF80F77D5F8147EF533F8112A666FE5CDA7
:20BB46000713E8036BD118022E0FCB5D284E1600137ACB238FCB238FCB238FF80D732322D2
:20BB6600FABFC022079F322B2B2A5F2A572A666F7B955F7A9CF812327B222B2A5F3A2B571F
:20BB8600CB23CB12CB23CB12CB23CB12CB23CB12137B2272AF21A0D92277180414C3CE7A34
:20BBA600F811CB7E2804AF5F1804F8102A5EF811227B3211BAC02A12137E12219ED9360037
:20BBC60069602A4F46CB38CB19CB38CB19CB38CB19CB38CB19FABFC06F079F67095D54CBC1
:20BBE6003ACB1BCB3ACB1BCB3ACB1BF81273FAC0C06F079F6709CB3CCB1DCB3CCB1DCB3CE8
:20BC0600CB1D7D3CF80E7721A3D94E79079F47F81079227021A2D9AF96233E009E3E005727
:20BC2600CB7E2807CB7A2008BF1805CB7A280137D2127D21BCC02A4F46F8102A666F094D7E
:20BC46007CF8107123322A4F46CB38CB19CB38CB19CB38CB19CB38CB19FAC2C06F079F6741
:20BC6600094DCB3CCB19CB3CCB19CB3CCB19F80E7EF81296CA047DF8127E2132C596303F93
:20BC8600792133C5963038FA2FC5F80F772132C55E1600692600C5D5E5CD6935E804C17B75
:20BCA6002130C586235F7A8E57F8126E2600195D54F80F7EF533D5CD0713E8037B18023E72
:20BCC6000F0F30346926002929294D44FAC2C05F079F5779936F789A67292929294D44112F
:20BCE600010079935F789AF8113273219ED93601AF21A2D922771806F81234C3747CF81048
:20BD06002A4F4621BCC0792270C3EC7DFAA3D9CB7FCAEC7D21BCC02A4F46F8102A666F092B
:20BD26004D7CF80F7123322A4F46CB38CB19CB38CB19CB38CB19CB38CB19FAC1C06F079F7C
:20BD460067094D44CB38CB19CB38CB19CB38CB19F81179224EF80E7E91CAE17D792132C567
:20BD6600963042F8117E2133C5963039FA2FC5F812772132C55E1600F8117E0600C5D55F95
:20BD860050D5CD6935E804C17B2130C586235F7A8E57692600195D54F8127EF533D5CD07B6
:20BDA60013E80318021E0FCB4B282CF8116E2C26002929294D44FAC1C05F079F5779936FA7
:20BDC600789A6729292929234D44F80F792270AF21A2D9227718040CC35B7DF80F2A4F460D
:20BDE60021BCC079227011A2D921B8D91A1396231A9E1A57CB7E2807CB7A2008BF1805CBBC
:20BE06007A280137300721A2D92A46180521B8D92A4621A2D92270FA1BC60F0FE601280981
:20BE2600FA1CC60F0FE6012803AF18023E01F53311BAC0D511BFC0D51E0621E950CD0800A8
:20BE4600E8057BB7C2FD7FF8123601AFF5331E01218748CD0800337AB32810212F00197E04
:20BE6600B728082109C57B22721865FA1BC62600F5E6104F0600F1A16F7CA0B52852FA1CB7
:20BE8600C62E00A14F7DA0B120467AB3200D210801E51E0121A047CD0800E17AB328312197
:20BEA6002F00197EB72029212500197EB72821234E2346110000D52601E533110000D5C52F
:20BEC600F5331E0221D54ECD0800E808F8123600211BC65E16007BE6104F06007BA15F7A9A
:20BEE600A0B3282DFA1CC61E00A14F7BA0B12021FA9ED9B7281BF8127EB72815AF21B2D95B
:20BF060096EAA2D99F21B3D996EAA3D9219ED93600FA9FD9B7283621C9C03606FAD8C03CCF
:20BF260021D7C046F533C53311B9C0D51E01216245CD0800E80421A3D93AB6C2FD7F01C446
:20BF4600C00AEAC5C00A3CEAC6C0C3FD7FFA9ED9B7285DFAA1D9CB7F2815210301E511B931
:20BF6600C0D51E01216546CD0800E804C3FD7F21A0D9AF96233E009E3E0057CB7E2807CB85
:20BF86007A2008BF1805CB7A2801373014210101E511B9C0D51E01216546CD0800E8041809
:20BFA6005611B9C0D51E01210646CD0800E11847FABEC0D603202121C9C03600FACCC03CF1
:20BFC60021CBC046F533C53311B9C0D51E01216245CD0800E804181F21C9C03602FAD0C09F
:1ABFE6003C21CFC046F533C53311B9C0D51E01216245CD0800E804E813C924
:020000040001F9
:20FC9D00211EC53600211FC536002120C536182121C5361821BEC0360121C9C03600FACCAD
:20FCBD00C04704FACBC0C533F53311B9C0D51E01216245CD0800E804C9E8F92107C53600A3
:20FCDD00211BC64E79E6040600F579E6085F1600F1CB4928182107C53601B028040EE01832
:20FCFD00437AB328040EA0183B0EC01837CB4128182107C53601B028040E2018277AB3281F
:20FD1D00040E60181F0E40181BB028092107C536010E00180F7AB328092107C536010E8052
:20FD3D0018020E00FA07C5B7CAC67E21C8C04611BAC01AF80522131A773EC4815F3E18CE96
:20FD5D0000571AC5C533F533CD4135E1C1CB2ACB1BCB2ACB1BCB2ACB1BCB2ACB1BCB2ACB1F
:20FD7D001BCB2ACB1BCB2ACB1BF8052A666F195D7CF80573233211BAC02A12137E1221BC9B
:20FD9D00C02A666F79C640C6C45F3E00CE18571AE5C533F533CD4135E1E1CB2ACB1BCB2AB0
:20FDBD00CB1BCB2ACB1BCB2ACB1BCB2ACB1BCB2ACB1BCB2ACB1B7D934F7C9A4721BCC07927
:20FDDD00227021BAC02A4F46CB38CB19CB38CB19CB38CB19CB38CB19FABFC0F80522079F40
:20FDFD00322A5F5679935F789A572134C52A937E9A3017F8052A4687CB1087CB1087CB1038
:20FE1D0087CB1021BAC02270182BFAC0C05F079F577B814F7A88472134C52A917E98301559
:20FE3D002B2A934F7E9A476960292929294D4421BAC079227021BCC02A4F46CB38CB19CB5D
:20FE5D0038CB19CB38CB19CB38CB19FAC1C05F079F57F8057922704B423A6E67094D442165
:20FE7D0036C52A917E9830146B6229292929AF954F9F944721BCC0792270182DFAC2C04F1F
:20FE9D00079F47F8052A666F095D542136C52A937E9A30152B2A914F7E9847696029292996
:20FEBD00294D4421BCC079227011BAC0D511BFC0D51E0621D44FCD0800E804F80073AFF5C6
:20FEDD00331E01218748CD0800334B42F8007E3C2814F8006E26002929291121C8192323E0
:20FEFD0023237EB72003AF18023E01F8017721250009E57DF80477E17CF8037778B1280883
:20FF1D002B2A5F561AB72003AF18023E01F80477F8017EB72006F8047EB7282121C9C0369D
:20FF3D0001FACEC03C21CDC046F533C53311B9C0D51E01216245CD0800E804182721C9C0DB
:20FF5D003600FACCC0F806323C77FACBC0F80677F8052A575ED511B9C0D51E01216245CD27
:20FF7D000800E804FA1BC6CB672875FA1CC6CB67206E2107C53600F8047EB728502B2B2ADE
:20FF9D005F566B6223E57DF80777E17CF806322A5F561AF80022131A327EF80477F8017E60
:20FFBD00F805322B2B2A5F561AF806322B110000D53E01F533110000D52A5F2A57D57EF5C6
:20FFDD00331E0221D54ECD0800E8081813F8017EB7280D2B7EF5331E0621494FCD08003364
:03FFFD00E807C949
:020000040000FA
:01398D001F1A
:020000040001F9
:2071DD00211EC53600211FC536002120C536002121C53600FABEC0EABDD9D603200E211E66
:2071FD00C5363021BBD9AF223608186AFABDD93D2028211EC536C02134C52AC6704F7ECEDD
:20721D00FF47CB21CB10CB21CB10CB21CB10CB21CB1021BBD9792270183CFABDD9D6022053
:20723D000F211FC5363021BBD93E802236071826211FC536D02136C52AC6884F7ECEFF4727
:20725D00CB21CB10CB21CB10CB21CB10CB21CB1021BBD979227021BAD93600C9E8F321077F
:20727D00C5360021BDD946FA1BC6CB40281ACB5728092107C5360106021823CB5F281F2185
:20729D0007C5360106001816CB4F28092107C53601060318090F30062107C5360146FABE9A
:2072BD00C0902815FA07C5F533C53311B9C0D51E01216546CD0800E804FA07C5B7CA647711
:2072DD00F8047D54F80B227221BAC02A4F46F80B2A666F792270F8047D54F802227A322A07
:2072FD005F5621020019E57DF80A77E17CF8097721BCC02A4F46F8082A666F792270FAC8A8
:20731D00C0F80A77FABEC0F80177F8022A4F4659501AF80B22131A77F8015E1600CB23CBC4
:20733D001221C4191933335D54D51AC5F80C66E533F533CD4135E1C1F80B2A666F195D54E1
:20735D0069607B2272030359501AF80B22131A322BD1D5131AC566E533F533CD4135E1C19D
:20737D00F80B2A666F195D547B02037A0221BDD94EFABEC0F80B77CB41CA6B7521BAC02AB6
:20739D004F46CB38CB19CB38CB19CB38CB19CB38CB19FABFC06F079F67095D54CB3ACB1B05
:2073BD00CB3ACB1BCB3ACB1BF80C73FAC0C06F079F6709CB3CCB1DCB3CCB1DCB3CCB1D7D1A
:2073DD003CF80A322B2A5F561A4F131A47CB38CB19CB38CB19CB38CB19CB38CB19F802792A
:2073FD002270F80B7EB7C2C174FAC2C04F079F47F8022A666F094D44CB38CB19CB38CB1996
:20741D00CB38CB19F80B71F80A2A2396CAAE74F80C7E2132C5963040F80B7E2133C5963023
:20743D0037212FC5462132C55E1600F80B7E0E00C5D55F51D5CD6935E804C17B2130C58634
:20745D00235F7A8E57F80C6E2600195D54C533D5CD0713E8037B18023E0F0F302EF80B7E5D
:20747D000E0087CB1187CB1187CB1121C2C06EF57D079F67F1956F799C67292929294D4482
:20749D000BF8082A666F7922701806F80C34C32474F8082A5F561A4F131A4721BCC0792215
:2074BD0070C36477FAC1C04F079F47F8022A666F094D44CB38CB19CB38CB19CB38CB19F8AA
:2074DD000C46F80A7E902873782132C596303C792133C5963035FA2FC5F80C772132C56E84
:2074FD002600591600C5E5D5CD6935E804C17B2130C586235F7A8E57682600195D54F80CEF
:20751D007EF533D5CD0713E80318021E0FCB4B28270C6926002929294D44FAC1C05F079F2E
:20753D005779936F789A6729292929234D44F8082A666F7922701803041887F8082A5F56E4
:20755D001A4F131A4721BCC0792270C3647721BCC02A4F46CB38CB19CB38CB19CB38CB19DA
:20757D00CB38CB19FAC1C06F079F67095D54CB3ACB1BCB3ACB1BCB3ACB1BF80A73FAC2C0A4
:20759D006F079F6709CB3CCB1DCB3CCB1DCB3CCB1D7D3CF80C77F8022A5F561A4F131A4792
:2075BD00CB38CB19CB38CB19CB38CB19CB38CB19F80B7E3DC2B676FAC0C06F079F67094D1A
:2075DD00CB3CCB19CB3CCB19CB3CCB19F80A46F80C7E902872792132C596303C782133C5B5
:2075FD00963035FA2FC5F80B772132C56E2600581600C5E5D5CD6935E804C17B2130C58643
:20761D00235F7A8E57692600195D54F80B7EF533D5CD0713E80318021E0FCB532826692681
:20763D00002929294D44FAC0C05F079F5779936F789A67292929294D440BF8022A666F79A5
:20765D00227018030418882134C52AC6F04F7ECEFF47CB21CB10CB21CB10CB21CB10CB21A0
:20767D00CB10F8022A5F561AF80B22131A77F808792270F8085D54F80B1A1396231A9E30C9
:20769D000BF8087EF80B322B7EF80C7711BAC0F80B2A12137E12C36477FABFC06F079F67EB
:2076BD00094DCB3CCB19CB3CCB19CB3CCB19F80A46F80C7E902873792132C596303C782175
:2076DD0033C5963035FA2FC5F80B772132C55E1600682600C5D5E5CD6935E804C17B2130B5
:2076FD00C586235F7A8E57692600195D54F80B7EF533D5CD0713E80318021E0FCB5B2827DC
:20771D00260069232929294D44FABFC06F079F5F79956F789B6729292929234D44F8022A2E
:20773D00666F7922701803041887F8022A5F561A4F131A47CB782805110000180259504B49
:20775D004221BAC0792270FABAD9B7C25E782134DA4621BDD94EF8097822792211BAC01AF3
:20777D0022131A776926002911C419197EC533F533CD4135E1F80B2A666F194D4421BAC05E
:20779D0079227021BCC02A4F46F80A5E1600CB23CB1221C519195D541AC5F80B66E533F506
:2077BD0033CD4135E1C16B62094D4421BCC079227021BBD92A4F46FABDD93D201C21BBC06C
:2077DD003A5E5721BBD92A937E9A300D21BAD9360121BAC07922701868FABDD9D603201D1F
:2077FD0021BBC03A5E5721BBD97B96237A9E300D21BAD9360121BAC07922701844FABDD926
:20781D00B7201C21BDC03A5E5721BBD92A937E9A300D21BAD9360121BCC07922701822FA3D
:20783D00BDD9D602201B21BDC03A5E5721BBD97B96237A9E300B21BAD9360121BCC0792296
:20785D0070FA1FDAE601470E00783DB1C2F578AFF53311BAC0D511BFC0D51E0621E950CDF0
:20787D000800E8057BB72070AFF5331E01218748CD0800337AB32810212F00197EB7280813
:20789D002109C57B22721850FA1BC6CB672849FA1CC6CB6720427AB3200D210801E51E01EF
:2078BD0021A047CD0800E17AB3282D212F00197EB72025212500197EB7281D234E234611C4
:1B78DD000000D52601E533110000D5C5F5331E0221D54ECD0800E808E80DC9C2
:020000040000FA
:01398E001028
:2005B40005F87802C66E05B16A05DD71079D7C09094B058F79027D7005C66A05797207D68E
:0405D4007C09194B3A
:020000040001F9
:2078F800211EC53600211FC536002120C536002121C53600FABED9D610201F21BAC02A46C1
:20791800AF21BAC0227021BCC02A460E00218000094D4421BCC0792270C921BAC02A4F4652
:20793800CB38CB19CB38CB19CB38CB19CB38CB19CB38CB19CB38CB19CB38CB19AFCB18410B
:20795800CB181F21BAC0227021BCC02A4F46CB38CB19CB38CB19CB38CB19CB38CB19CB38E5
:20797800CB19CB38CB19CB38CB19AFCB1841CB181F21BCC02270C9E8FBF8003604FABED9CA
:20799800D610203D21BAC02A4F46CB38CB19CB38CB19CB38CB19CB38CB1979E60F202221C5
:2079B800BCC02A4F46CB38CB19CB38CB19CB38CB19CB38CB1979E60F4F060079D608B028E6
:2079D80040FABED9D608C28C7F21BAC02A4F46CB38CB19CB38CB19CB38CB19CB38CB1979A4
:2079F800E607C28C7F21BCC02A4F46CB38CB19CB38CB19CB38CB19CB38CB1979E607C28C09
:207A18007F2107C53600AFF53311BAC0D511BFC0D51E0621E950CD0800E8057BB7C2FC7F61
:207A3800FA1DC6F80477E5CB4EE12011211BC64E211DC67EB7C24A7BCB49CA4A7B2107C52E
:207A58003601F800360321BCC02A4F46CB38CB19CB38CB19CB38CB19CB38CB19FAC1C05FD4
:207A7800079FF803712370573A6E67194D44CB38CB19CB38CB19CB38CB19FAC2C05F079F03
:207A980057F8032A666F195D54CB3ACB1BCB3ACB1BCB3ACB1B7B3CF8022211BAC01A221345
:207AB8001A77CB3E2BCB1E23CB3E2BCB1E23CB3E2BCB1E23CB3E2BCB1EFABFC047079F5E7C
:207AD80023566867195D54CB3ACB1BCB3ACB1BCB3ACB1BF80373F8027E91CA7B7EF8032A5C
:207AF8003D772132C5963039792133C5963032212FC5462132C56E2600591600C5E5D5CD57
:207B18006935E804C17B2130C586235F7A8E57F8046E2600195D54C533D5CD0713E80318F9
:207B3800021E0FCB5B28082107C53600C37B7E0C18A4E5F806CB46E1200D211DC67EB7C204
:207B5800547CCB41CA547C2107C53601F800360121BCC02A4F46CB38CB19CB38CB19CB3817
:207B7800CB19CB38CB19FAC1C05F079FF803712370573A6E67194D44CB38CB19CB38CB19C5
:207B9800CB38CB19FAC2C05F079F57F8032A666F195D54CB3ACB1BCB3ACB1BCB3ACB1B7B0E
:207BB8003CF8022211BAC01A22131A77CB3E2BCB1E23CB3E2BCB1E23CB3E2BCB1E23CB3E21
:207BD8002BCB1EFAC0C047079F5E23566867195D54CB3ACB1BCB3ACB1BCB3ACB1BF8037373
:207BF800F8027E91CA7B7EF8032A3C772132C5963039792133C5963032212FC5462132C5B5
:207C18006E2600591600C5E5D5CD6935E804C17B2130C586235F7A8E57F8046E2600195DB4
:207C380054C533D5CD0713E80318021E0FCB5328082107C53600C37B7E0C18A4E5F806CB4F
:207C580056E1200D211DC67EB7C2697DCB51CA697D2107C53601F800360221BAC02A4F464D
:207C7800CB38CB19CB38CB19CB38CB19CB38CB19FABFC05F079FF803712370573A6E671954
:207C98004D44CB38CB19CB38CB19CB38CB19FAC0C05F079F57F8032A666F195D54CB3ACB1C
:207CB8001BCB3ACB1BCB3ACB1B7B3CF801222311BCC01A22131A77CB3E2BCB1E23CB3E2BE5
:207CD800CB1E23CB3E2BCB1E23CB3E2BCB1EFAC1C047079F5E23566867195D54CB3ACB1B60
:207CF800CB3ACB1BCB3ACB1BF80273F8017E91CA7B7EF8022A3D77792132C5963042F803F2
:207D18007E2133C5963039FA2FC5F804772132C55E1600F8037E0600C5D55F50D5CD6935C0
:207D3800E804C17B2130C586235F7A8E57692600195D54F8047EF533D5CD0713E8031802CA
:207D58001E0FCB4B28082107C53600C37B7E0C189AE5F806CB5EE1200CFA1DC6B7C27B7E93
:207D7800CB59CA7B7E2107C53601F800360021BAC02A4F46CB38CB19CB38CB19CB38CB19A3
:207D9800CB38CB19FABFC05F079FF803712370573A6E67194D44CB38CB19CB38CB19CB3886
:207DB800CB19FAC0C05F079F57F8032A666F195D54CB3ACB1BCB3ACB1BCB3ACB1B7B3CF8BD
:207DD80001222311BCC01A22131A77CB3E2BCB1E23CB3E2BCB1E23CB3E2BCB1E23CB3E2BE4
:207DF800CB1EFAC2C047079F5E23566867195D54CB3ACB1BCB3ACB1BCB3ACB1BF80273F883
:207E1800017E91285EF8022A3C77792132C5963043F8037E2133C596303AFA2FC5F8047750
:207E38002132C55E1600F8037E0600C5D55F50D5CD6935E804C17B2130C586235F7A8E57F1
:207E5800692600195D54F8047EF533D5CD0713E8037B18023E0F0F30072107C53600180302
:207E78000C189CF8007ED604281AFA07C5F533F8017EF53311B9C0D51E01216546CD0800EC
:207E9800E804180D11B9C0D51E01210646CD0800E1FA1FDAE601470E00783DB1201EAFF5A1
:207EB800331E01218748CD0800337AB3280E212F00197EB728062109C57B2272FA07C5B7B6
:207ED800282EAFF533FABED9F5331E0121A047CD0800E17AB328192109C57B227201C5C0D5
:207EF80011C4C01A0201C6C01A3C022107C53600FA1BC60E00F5E6105F1600F1A36F79A250
:207F1800B52871211CC64E060079A34F78A2B120633E01F533FABED9F5331E0121A047CDD7
:207F38000800E17AB3284D212F00197EB7204501BEC00AC602E603D52600E533F533D51E33
:207F580001216546CD0800E804D12107C53600212500197EB7281D234E2346110000D526C8
:207F780001E533110000D5C5F5331E0221D54ECD0800E808FA07C5B7286AFAC8C0F80277D2
:207F9800FABEC0F8047721BAC02A4F46F8047E160087CB125F21C41919E57DF80577E17CE7
:207FB800F804322A5F3A2B571AC566E533F533CD4135E1C16B62094D4421BAC0792270219E
:207FD800BCC02A4F46F8032A5F3A2B57131AC566E533F533CD4135E1C16B62094D4421BC4D
:077FF800C0792270E805C901
:020000040000FA
:12347200C5F8042A575EF8083A473A666FCD9B36C1C9F0
:20348400FABFD96F5FFAC0D957CB2517CB2517CB2517CB2517677B856F7C8A677DC693EABF
:1634A400BFD9577CCE5CEAC0D95FC9F8022AEABFD97EEAC0D9C962
:2005D800F8061802F802C52A666FCD0506C1C9F8071802F803C53AE6014F46CD5B06C1C984
:2005F800F8061802F802C54ECD5108C1C92AEADCD92A5F2A571AEAC1D90E1211C2D92A1295
:20061800130D20FA0E2921DED9AF220D20FC3EF0EAEDD9EAF5D93E64EADDD90E0021C2D9DD
:2006380011D4D9CD4D0621C4D9CD4D0621C6D9CD4D0621C8D92A81666F8C95672A12137E6F
:200658001213C91EFE78B72807CB21CB033D20F9FADED9A3B1EADED9A1C26F08C9FAE4D90A
:2006780067848426006F092A46234EC92A4F46CD7506210000FE48D01287C6186FCE0C9518
:20069800672A666F37C9C6C02FFE07D867D604CB3FCB3F6F7CE603C604CB35B5C978878753
:2006B8008782C6E76FCED99567C94FFADED9052811052819052821CB47C07BE0137AB1E074
:2006D80014C9CB4FC07BE0187AB1E019C9CB57C07BE01D7AB1E01EC9CB5FC07BCD9E06E0E9
:2006F80022AFE023C91806181F18381857FADED9CB47C0FAE2D9EAE7D9E013FAE3D9EAE8D4
:20071800D921EED9B6E014C9FADED9CB4FC0FAE2D9EAEFD9E018FAE3D9EAF0D921F6D9B694
:20073800E019C9FADED9CB57C0AFE01A2FE01AFAE2D9EAF7D9E01DFAE3D9EAF8D921FED9A5
:20075800B6E01EC9FADED9CB5FC0FAE2D9EA00DAE022FA06DAE023C978E60F87C6846FCECD
:200778000795672A666F43FAE5D9B7E9F308270939094609CA08A407A9071E08C907CE0710
:20079800E407510882085B0860084B08C079E024C921D0D93E0FA187865F233E008E676B6A
:2007B8002A666FFAE5D9B7F533C5CDC807E803C9E9C079E025C9C078B7FADED92807CB4F9D
:2007D800C079E016C9CB47C079E011C9C0C6FECE0387271F57FADED9A2C079E60F5779E654
:2007F800F05FCB3378878780C6124FF2E6F0CB37923001AF83FE1038023E0FCB37E20C0C17
:20081800F2F680E2181620121600CDB506FAE2D922FAE3D977E1F1A7F5E9B9C01600CDB50C
:20083800062AEAE2D97EEAE3D97887C6FD6FCE069567E9C079EADCD9C93E01EAE1D979EAD6
:20085800E0D9C979EAE1D9C9B9C0C6FECE0387271F57FADED9A2C078878780C6126F26FF61
:20087800AF2278FE02C82C36FFC9C0CB31FADED9052811052819052832CB47C0F012E60F0C
:20089800B1E012C9CB4FC0F017E60FB1E017C9CB57C079FEA0300FFE503007B7280A3E6049
:2008B80018063E4018023E20E01CC9CB5FC079E021C9C81604CDB50679E6F0CB375FFAE620
:2008D800D9A37E2805CD9106180BCD910679E60F856F8C9567545DAFC3C206C81604CDB5B5
:2008F8000656FAE5D93D1802D603FE0330FA87C60F6FCE099567E9180918037A180879CBD0
:2009180037FE79E60F82CD9106545DAFC3C206C81600CDB5062A815F8E93573273AFC3C28A
:2009380006C81600CDB5062A915F9F8618EC20151602CDB506FAE2D9B7280522FAE3D97733
:20095800E1F1A7F5E91600CDB506E52A5F2A572A666F937C9A380A7B815F8A93570E0018BC
:200978000A7B915F9F8257380B0EFF7D937C9A1FA9173002545DE17B22723E06856F8C95F1
:20099800677ECBBEC3C20678E6F0CB37C83D87180778E6F0CB37C83D8787835F8A9357177B
:2009B800C9FAE5D9B7C2340B21D4D911EBD9CD8406F53029FACAD95FFACBD957CDA909FA34
:2009D800EED9CBBF2814FADED9CB4720101A13E0101A13E0111AE012131AEAEED97DEAE211
:2009F800D97CEAE3D91E00CD7007F1DC050721D6D911F3D9CD8406F53026FACAD95FFACB99
:200A1800D957CDA909FAF6D9CBBF2811FADED9CB4F200D131A13E0161AE017131AEAF6D95E
:200A38007DEAE2D97CEAE3D91E01CD7007F1DC200721D8D911FBD9CD84067DEAE2D97CEA6D
:200A5800E3D9F53071FACCD95FFACDD957CDA909FAFED9CBBF285CFADED9CB5720581A1361
:200A7800E01B1A13E01C1A1321DDD9BE284477CB3721D2D98623666F8C9567AFE01A2AE00E
:200A9800302AE0312AE0322AE0332AE0342AE0352AE0362AE0372AE0382AE0392AE03A2A69
:200AB800E03B2AE03C2AE03D2AE03E2AE03F3E80E01A1AEAFED91E02CD7007F1DC3B0721BE
:200AD800DAD92A4F46CD7506EA03DAFE48F53040CD9E06EAE2D9110000CDA909FA06DACB87
:200AF800BF282AFADED9CB5F202621CED92A666FCB23192AE0217EE63FE020FAE2D9577E86
:200B1800E680CB37B2EAE2D97EE640F680EA06DA1E03CD7007F1DC5C07C3CA0BFADED9CB71
:200B380047201221D4D92A4F46CD750679B728051E00CD7007FADED9CB4F201221D6D92A99
:200B58004F46CD750679B728051E01CD7007FADED9CB57201221D8D92A4F46CD750679B7D2
:200B780028051E02CD7007FADED9CB5F204421DAD92A4F46CD7506FE48302E67FACED95FA7
:200B9800FACFD957CD9F092820FAE5D9FE073019136F7C26001986CD9E066F1A5FE680CB34
:200BB80037B5E0227BE640E02379B728051E03CD700721E6D934FADCD94721E5D97E3CB86E
:200BD800280277C93600FAE1D9B728103D4721E1D9AF32B63600280F3D871818FAE4D93C70
:200BF80047FE4020160600FAC1D94FFADFD9C602B92001AFEADFD94FCD350678EAE4D9C955
:200C18002C009C0006016B01C90123027702C602120356039B03DA0316044E048304B504BC
:200C3800E50411053B0563058905AC05CE05ED050A06270642065B06720689069E06B206A8
:200C5800C406D606E706F7060607140721072D07390744074F07590762076B0773077B0750
:200C780083078A07900797079D07A207A707AC07B107B607BA07BE07C107C407C807CB072F
:100C9800CE07D107D407D607D907DB07DD07DF075B
:2034BA00F040E610C20735C5F8073A473A4F3A5F6EE5AFB32005110010180926006B292968
:2034DA002929545DE17D079F6729292929C501009009C1CB5C2806CB642802CBA4F041E66C
:2034FA000220FA2A02031B7AB320E8C1C9C5F8073A473A4F3A5F6EE5AFB320051100101813
:1D351A000926006B29292929545DE16F29292929C501008009444DE1CDF136C1C972
:200CA800F8022A666FF041E60220FA5EC9F040E6402808180AF040E6082004169818021611
:200CC8009CF8033A6E5ACB370767E60383573EE0A4856F62F041E60220FA5EC9F8022AFEAC
:200CE80028D087875F3A96D8C82135DA666B1104001F30037219C8CB3F300572197219C83F
:0C0D080072197219721972193D20F5C998
:2035370021030044395E2B4E181621020044395E234E180C210200392A7B6E4D7D179F4705
:203557007B179F571819210200392A5F4EAF5747180D210200392A5F2A572A666F444D21DF
:203577000000780610B7200306087929CB11173001190520F65D54C9F8033A575E87D0AF5A
:20359700935F3E009A57C9C5F8042A575EF8093A473A4F3A666FCDE337C1C9F80656180A89
:2035B7001690F040E61028021680C5F8042A5F2A4F2A666FCB337BE60F82577BE6F05FCBE4
:2035D7005A2802CBA20610F041E60220FA2A12130520F40D20E9C1C9F8022A666FC5444D43
:2035F7001100002AB728031318F9CB3ACB1B7BB228132B2B141C18077EF50A32F102031DB9
:2036170020F61520F3C1F8025E2356C9F090F5213936E52107DA2A666FFA09DAE090EA00D8
:1336370020E9F1E090EA0020C9F8022A5F2A572A666FC977
:200D1400C5E8F0F8000E10AFEFF8003E89223E0332CD610D0E003E30E2F2F21E04F2473E04
:200D340020E2F2F23E10E2F2F23E30E2F2F2F2F2B820071D20E81E00180AF8013E0032CD13
:200D5400610D1E01E810C1C9F8022A666FC57EE6032839F50E00E23E30E206101E082A57F8
:200D7400CB3A3E1038023E20E2F2F23E30E2F2F21D20ED0520E63E20E2F2F23E30E2115868
:0E0D94001BF0001B7AB320F9F13D20C7C1C946
:03004800C34A3672
:20364A00F5E5C5D5210BDAE52A666FB42815E7210DDA2A666FB4280BE7210FDA2A666FB498
:20366A00C42000E1D1C1E1F041E60220FAF1D9C5F8044E2346CD8436C1C9210BDAC32A0E81
:11368A00C5F8044E2346CD9536C1C9210BDAC30A0EB4
:20369B00E5F040E6402809180CE5F040E6082005210098180321009CC5CB33CB037BE603D1
:2036BB0084473EE0A3824FE1D1D5C5F041E60220FA7C0279E6E05F793CE61FB34F1520EB1B
:2036DB00C1D11DC8D578E6FC5F3E20814F8891E603B347C518D5141C1809F041E60220FA6A
:2036FB000A22031D20F41520F1C9C5F8093A573A5F3A473A4F3A6E67CDF136C1C9C5F80418
:20371B002A575EF8083A473A666FCDA436C1C9F5D5167FCD3A37B720F81520F7D1F1C93E8D
:20373B0020E000F000F000E60F5F3E10E000F000F000F000F000F000F000E60FCB37B32F93
:11375B005F3E30E0007BC9F80256CD3A37A228FAC951
:01398F00C077
:200DA200F8043A473A4F7EFE28303187875F211BDA2A666FFA35DA572AFE80281880471283
:1F0DC2001C2A814F121CFA1DDA8623121C2A121C7BFEA038E37BCB3FCB3FF802965FC933
:20376C00E9F8073A573A5FB22834C53A473A4F3A6E67CB3ACB1B30030A2203CB3ACB1B30D7
:20378C00060A22030A2203141C180C0A22030A22030A22030A22031D20F11520EEC1F8029D
:2037AC002A5F56C9F8073A573A5FB228242B3AF53A6E67F1CB3ACB1B300122CB3ACB1B307B
:1737CC00022222141C1804222222221D20F91520F6F8022A5F56C9C9
:013990000036
:2037E300E5F040E6402809180CE5F040E6082005210098180321009CC5CB33CB037BE60388
:2038030084473EE0A3824FE1D1D5C5F041E60220FAFA36DA86022379E6E05F793CE61FB309
:203823004F1520E7C1D11DC8D578E6FC5F3E20814F8891E603B347C518D1F8035E2B4E0665
:2038430000CDE6385950C9F8035E2B4E0600C3E63821030054393A5F4E79079F47CDEA3862
:203863005950C921030054393A5F4E79079F47CDEA38C9F8035E2B6E4DCDE2385950C9F88D
:20388300035E2B6E4DCDE238C9F8053A573A5F3A6E67444DCDEA385950C9F8053A573A5FDF
:2038A3003A6E67444DCDEA38C9F8035E2B6E4DCD20395950C9F8035E2B6E4DCD2039C9F8B0
:2038C300053A573A5F3A6E67444DCD23395950C9F8053A573A5F3A6E67444DCD2339C97949
:2038E300079F477B079F5778F5AAF5CB7A280697935F9F9257CB78280697914F9F9047CDA5
:2039030023393816F1E680280697914F9F9047F1E680C897935F9F9257C9F1F1C90600508E
:203923007BB22007010000505937C96960010000B73E10F5CB15CB14CB11CB10C5799B4F24
:20394300789A473F3808C1F13DB720E718093333F13D3720DE18005059CB154DCB1444B72D
:15396300C9C5F8042A575EF8093A473A4F3A666FCDEC37C1C952
:00000001FF
